INSERT INTO ref_districts (NAME,country)
SELECT DISTINCT(district) NAME,'22' country FROM `postcode_upload` ORDER BY district;


INSERT INTO ref_thana (district,NAME,country,thana_type)
SELECT j.id district,s.thana NAME,'22' country,'0' thana_type
FROM
(
SELECT district,thana FROM `postcode_upload` GROUP BY district,thana ORDER BY thana
) s
LEFT OUTER JOIN ref_districts j ON(j.name = s.district);

UPDATE postcode_upload s
LEFT OUTER JOIN ref_districts j ON(j.name = s.district)
SET s.district_id=j.id;


UPDATE postcode_upload s
LEFT OUTER JOIN ref_thana j ON(j.name = s.thana AND j.district = s.district_id)
SET s.thana_id=j.id;






DROP TABLE IF EXISTS `ref_districts`;

CREATE TABLE `ref_districts` (
  `id` int(11) NOT NULL AUTO_INCREMENT,
  `name` varchar(30) COLLATE utf8_unicode_ci DEFAULT NULL,
  `country` int(11) DEFAULT NULL,
  `sts` tinyint(2) DEFAULT '1',
  `e_by` int(11) DEFAULT NULL,
  `e_dt` datetime DEFAULT NULL,
  `u_by` int(11) DEFAULT NULL,
  `u_dt` datetime DEFAULT NULL,
  `d_by` int(11) DEFAULT NULL,
  `d_dt` datetime DEFAULT NULL,
  PRIMARY KEY (`id`)
) ENGINE=InnoDB AUTO_INCREMENT=128 DEFAULT CHARSET=utf8 COLLATE=utf8_unicode_ci;

/*Data for the table `ref_districts` */

insert  into `ref_districts`(`id`,`name`,`country`,`sts`,`e_by`,`e_dt`,`u_by`,`u_dt`,`d_by`,`d_dt`) values (1,'Bagerhat',22,1,NULL,NULL,NULL,NULL,NULL,NULL),(2,'Bandarban',22,1,NULL,NULL,NULL,NULL,NULL,NULL),(3,'Barguna',22,1,NULL,NULL,NULL,NULL,NULL,NULL),(4,'Barishal',22,1,NULL,NULL,NULL,NULL,NULL,NULL),(5,'Bhola',22,1,NULL,NULL,NULL,NULL,NULL,NULL),(6,'Bogura',22,1,NULL,NULL,NULL,NULL,NULL,NULL),(7,'Brahmanbaria',22,1,NULL,NULL,NULL,NULL,NULL,NULL),(8,'Chandpur',22,1,NULL,NULL,NULL,NULL,NULL,NULL),(9,'Chapai Nawabganj',22,1,NULL,NULL,NULL,NULL,NULL,NULL),(10,'Chattogram',22,1,NULL,NULL,NULL,NULL,NULL,NULL),(11,'Chuadanga',22,1,NULL,NULL,NULL,NULL,NULL,NULL),(12,'Comilla',22,1,NULL,NULL,NULL,NULL,NULL,NULL),(13,'Cox\'s Bazar',22,1,NULL,NULL,NULL,NULL,NULL,NULL),(14,'Cumilla',22,1,NULL,NULL,NULL,NULL,NULL,NULL),(15,'Dhaka',22,1,NULL,NULL,NULL,NULL,NULL,NULL),(16,'Dinajpur',22,1,NULL,NULL,NULL,NULL,NULL,NULL),(17,'Faridpur',22,1,NULL,NULL,NULL,NULL,NULL,NULL),(18,'Feni',22,1,NULL,NULL,NULL,NULL,NULL,NULL),(19,'Gaibandha',22,1,NULL,NULL,NULL,NULL,NULL,NULL),(20,'Gazipur',22,1,NULL,NULL,NULL,NULL,NULL,NULL),(21,'Gopalganj',22,1,NULL,NULL,NULL,NULL,NULL,NULL),(22,'Habiganj',22,1,NULL,NULL,NULL,NULL,NULL,NULL),(23,'Jamalpur',22,1,NULL,NULL,NULL,NULL,NULL,NULL),(24,'Jashore',22,1,NULL,NULL,NULL,NULL,NULL,NULL),(25,'Jhalokati',22,1,NULL,NULL,NULL,NULL,NULL,NULL),(26,'Jhenaidah',22,1,NULL,NULL,NULL,NULL,NULL,NULL),(27,'Joypurhat',22,1,NULL,NULL,NULL,NULL,NULL,NULL),(28,'Khagrachari',22,1,NULL,NULL,NULL,NULL,NULL,NULL),(29,'Khulna',22,1,NULL,NULL,NULL,NULL,NULL,NULL),(30,'Kishoreganj',22,1,NULL,NULL,NULL,NULL,NULL,NULL),(31,'Kurigram',22,1,NULL,NULL,NULL,NULL,NULL,NULL),(32,'Kushtia',22,1,NULL,NULL,NULL,NULL,NULL,NULL),(33,'Lakshmipur',22,1,NULL,NULL,NULL,NULL,NULL,NULL),(34,'Lalmonirhat',22,1,NULL,NULL,NULL,NULL,NULL,NULL),(35,'Madaripur',22,1,NULL,NULL,NULL,NULL,NULL,NULL),(36,'Magura',22,1,NULL,NULL,NULL,NULL,NULL,NULL),(37,'Manikganj',22,1,NULL,NULL,NULL,NULL,NULL,NULL),(38,'Meherpur',22,1,NULL,NULL,NULL,NULL,NULL,NULL),(39,'Moulvibazar',22,1,NULL,NULL,NULL,NULL,NULL,NULL),(40,'Munshiganj',22,1,NULL,NULL,NULL,NULL,NULL,NULL),(41,'Mymensingh',22,1,NULL,NULL,NULL,NULL,NULL,NULL),(42,'Naogaon',22,1,NULL,NULL,NULL,NULL,NULL,NULL),(43,'Narail',22,1,NULL,NULL,NULL,NULL,NULL,NULL),(44,'Narayanganj',22,1,NULL,NULL,NULL,NULL,NULL,NULL),(45,'Narsingdi',22,1,NULL,NULL,NULL,NULL,NULL,NULL),(46,'Natore',22,1,NULL,NULL,NULL,NULL,NULL,NULL),(47,'Netrakona',22,1,NULL,NULL,NULL,NULL,NULL,NULL),(48,'Nilphamari',22,1,NULL,NULL,NULL,NULL,NULL,NULL),(49,'Noakhali',22,1,NULL,NULL,NULL,NULL,NULL,NULL),(50,'Pabna',22,1,NULL,NULL,NULL,NULL,NULL,NULL),(51,'Panchagarh',22,1,NULL,NULL,NULL,NULL,NULL,NULL),(52,'Patuakhali',22,1,NULL,NULL,NULL,NULL,NULL,NULL),(53,'Pirojpur',22,1,NULL,NULL,NULL,NULL,NULL,NULL),(54,'Rajbari',22,1,NULL,NULL,NULL,NULL,NULL,NULL),(55,'Rajshahi',22,1,NULL,NULL,NULL,NULL,NULL,NULL),(56,'Rangamati',22,1,NULL,NULL,NULL,NULL,NULL,NULL),(57,'Rangpur',22,1,NULL,NULL,NULL,NULL,NULL,NULL),(58,'Satkhira',22,1,NULL,NULL,NULL,NULL,NULL,NULL),(59,'Shariatpur',22,1,NULL,NULL,NULL,NULL,NULL,NULL),(60,'Sherpur',22,1,NULL,NULL,NULL,NULL,NULL,NULL),(61,'Sirajganj',22,1,NULL,NULL,NULL,NULL,NULL,NULL),(62,'Sunamganj',22,1,NULL,NULL,NULL,NULL,NULL,NULL),(63,'Sylhet',22,1,NULL,NULL,NULL,NULL,NULL,NULL),(64,'Tangail',22,1,NULL,NULL,NULL,NULL,NULL,NULL),(65,'Thakurgaon',22,1,NULL,NULL,NULL,NULL,NULL,NULL);

/*Table structure for table `ref_postcode` */

DROP TABLE IF EXISTS `ref_postcode`;

CREATE TABLE `ref_postcode` (
  `id` int(11) NOT NULL AUTO_INCREMENT,
  `name` varchar(6) COLLATE utf8_unicode_ci NOT NULL,
  `thana_id` int(11) NOT NULL,
  `sts` tinyint(2) DEFAULT '1',
  `e_by` int(11) DEFAULT NULL,
  `e_dt` datetime DEFAULT NULL,
  `u_by` int(11) DEFAULT NULL,
  `u_dt` datetime DEFAULT NULL,
  `d_by` int(11) DEFAULT NULL,
  `d_dt` datetime DEFAULT NULL,
  `post_office` varchar(200) COLLATE utf8_unicode_ci DEFAULT NULL,
  PRIMARY KEY (`id`)
) ENGINE=InnoDB AUTO_INCREMENT=2048 DEFAULT CHARSET=utf8 COLLATE=utf8_unicode_ci;

/*Data for the table `ref_postcode` */

insert  into `ref_postcode`(`id`,`name`,`thana_id`,`sts`,`e_by`,`e_dt`,`u_by`,`u_dt`,`d_by`,`d_dt`,`post_office`) values (1,'1206',107,1,NULL,NULL,NULL,NULL,NULL,NULL,'Dhaka CantonmentTSO'),(2,'1350',108,1,NULL,NULL,NULL,NULL,NULL,NULL,'Dhamrai'),(3,'1351',108,1,NULL,NULL,NULL,NULL,NULL,NULL,'Kalampur'),(4,'1209',109,1,NULL,NULL,NULL,NULL,NULL,NULL,'Jigatala TSO'),(5,'1213',110,1,NULL,NULL,NULL,NULL,NULL,NULL,'Banani TSO'),(6,'1212',110,1,NULL,NULL,NULL,NULL,NULL,NULL,'Gulshan Model Town'),(7,'1232',111,1,NULL,NULL,NULL,NULL,NULL,NULL,'Dhania TSO'),(8,'1330',112,1,NULL,NULL,NULL,NULL,NULL,NULL,'Joypara'),(9,'1332',112,1,NULL,NULL,NULL,NULL,NULL,NULL,'Narisha'),(10,'1331',112,1,NULL,NULL,NULL,NULL,NULL,NULL,'Palamganj'),(11,'1312',113,1,NULL,NULL,NULL,NULL,NULL,NULL,'Ati'),(12,'1311',113,1,NULL,NULL,NULL,NULL,NULL,NULL,'Dhaka Jute Mills'),(13,'1313',113,1,NULL,NULL,NULL,NULL,NULL,NULL,'Kalatia'),(14,'1310',113,1,NULL,NULL,NULL,NULL,NULL,NULL,'Keraniganj'),(15,'1219',114,1,NULL,NULL,NULL,NULL,NULL,NULL,'KhilgaonTSO'),(16,'1229',115,1,NULL,NULL,NULL,NULL,NULL,NULL,'KhilkhetTSO'),(17,'1211',116,1,NULL,NULL,NULL,NULL,NULL,NULL,'Posta TSO'),(18,'1216',117,1,NULL,NULL,NULL,NULL,NULL,NULL,'Mirpur TSO'),(19,'1207',118,1,NULL,NULL,NULL,NULL,NULL,NULL,'Mohammadpur Housing'),(20,'1225',118,1,NULL,NULL,NULL,NULL,NULL,NULL,'Sangsad BhabanTSO'),(21,'1222',119,1,NULL,NULL,NULL,NULL,NULL,NULL,'BangabhabanTSO'),(22,'1223',119,1,NULL,NULL,NULL,NULL,NULL,NULL,'DilkushaTSO'),(23,'1323',120,1,NULL,NULL,NULL,NULL,NULL,NULL,'Agla'),(24,'1325',120,1,NULL,NULL,NULL,NULL,NULL,NULL,'Churain'),(25,'1322',120,1,NULL,NULL,NULL,NULL,NULL,NULL,'Daudpur'),(26,'1321',120,1,NULL,NULL,NULL,NULL,NULL,NULL,'Hasnabad'),(27,'1324',120,1,NULL,NULL,NULL,NULL,NULL,NULL,'Khalpar'),(28,'1320',120,1,NULL,NULL,NULL,NULL,NULL,NULL,'Nawabganj'),(29,'1205',121,1,NULL,NULL,NULL,NULL,NULL,NULL,'New Market TSO'),(30,'1000',122,1,NULL,NULL,NULL,NULL,NULL,NULL,'Dhaka GPO'),(31,'1217',123,1,NULL,NULL,NULL,NULL,NULL,NULL,'Shantinagr TSO'),(32,'1214',124,1,NULL,NULL,NULL,NULL,NULL,NULL,'Basabo TSO'),(33,'1348',125,1,NULL,NULL,NULL,NULL,NULL,NULL,'Amin Bazar'),(34,'1341',125,1,NULL,NULL,NULL,NULL,NULL,NULL,'Dairy Farm'),(35,'1349',125,1,NULL,NULL,NULL,NULL,NULL,NULL,'EPZ'),(36,'1342',125,1,NULL,NULL,NULL,NULL,NULL,NULL,'Jahangirnagar University'),(37,'1346',125,1,NULL,NULL,NULL,NULL,NULL,NULL,'Kashem Cotton Mills'),(38,'1347',125,1,NULL,NULL,NULL,NULL,NULL,NULL,'Rajphulbaria'),(39,'1340',125,1,NULL,NULL,NULL,NULL,NULL,NULL,'Savar'),(40,'1344',125,1,NULL,NULL,NULL,NULL,NULL,NULL,'Savar Canttonment'),(41,'1343',125,1,NULL,NULL,NULL,NULL,NULL,NULL,'Saver P.A.T.C'),(42,'1345',125,1,NULL,NULL,NULL,NULL,NULL,NULL,'Shimulia'),(43,'1100',126,1,NULL,NULL,NULL,NULL,NULL,NULL,'Dhaka Sadar HO'),(44,'1204',126,1,NULL,NULL,NULL,NULL,NULL,NULL,'Gendaria TSO'),(45,'1203',126,1,NULL,NULL,NULL,NULL,NULL,NULL,'Wari TSO'),(46,'1215',127,1,NULL,NULL,NULL,NULL,NULL,NULL,'Tejgaon TSO'),(47,'1208',128,1,NULL,NULL,NULL,NULL,NULL,NULL,'Dhaka Politechnic'),(48,'1230',129,1,NULL,NULL,NULL,NULL,NULL,NULL,'Uttara Model TownTSO'),(49,'7870',143,1,NULL,NULL,NULL,NULL,NULL,NULL,'Alfadanga'),(50,'7830',144,1,NULL,NULL,NULL,NULL,NULL,NULL,'Bhanga'),(51,'7860',145,1,NULL,NULL,NULL,NULL,NULL,NULL,'Boalmari'),(52,'7861',145,1,NULL,NULL,NULL,NULL,NULL,NULL,'Rupatpat'),(53,'7810',146,1,NULL,NULL,NULL,NULL,NULL,NULL,'Charbadrashan'),(54,'7802',147,1,NULL,NULL,NULL,NULL,NULL,NULL,'Ambikapur'),(55,'7803',147,1,NULL,NULL,NULL,NULL,NULL,NULL,'Baitulaman Politecni'),(56,'7800',147,1,NULL,NULL,NULL,NULL,NULL,NULL,'Faridpursadar'),(57,'7801',147,1,NULL,NULL,NULL,NULL,NULL,NULL,'Kanaipur'),(58,'7851',148,1,NULL,NULL,NULL,NULL,NULL,NULL,'Kamarkali'),(59,'7850',148,1,NULL,NULL,NULL,NULL,NULL,NULL,'Madukhali'),(60,'7840',149,1,NULL,NULL,NULL,NULL,NULL,NULL,'Nagarkanda'),(61,'7841',149,1,NULL,NULL,NULL,NULL,NULL,NULL,'Talma'),(62,'7822',150,1,NULL,NULL,NULL,NULL,NULL,NULL,'Bishwa jaker Manjil'),(63,'7821',150,1,NULL,NULL,NULL,NULL,NULL,NULL,'Hat Krishapur'),(64,'7820',150,1,NULL,NULL,NULL,NULL,NULL,NULL,'Sadarpur'),(65,'7804',151,1,NULL,NULL,NULL,NULL,NULL,NULL,'Shriangan'),(66,'1703',164,1,NULL,NULL,NULL,NULL,NULL,NULL,'B.O.F'),(67,'1701',164,1,NULL,NULL,NULL,NULL,NULL,NULL,'B.R.R'),(68,'1702',164,1,NULL,NULL,NULL,NULL,NULL,NULL,'Chandna'),(69,'1700',164,1,NULL,NULL,NULL,NULL,NULL,NULL,'Gazipur Sadar'),(70,'1704',164,1,NULL,NULL,NULL,NULL,NULL,NULL,'National University'),(71,'1750',165,1,NULL,NULL,NULL,NULL,NULL,NULL,'Kaliakaar'),(72,'1751',165,1,NULL,NULL,NULL,NULL,NULL,NULL,'Safipur'),(73,'1720',166,1,NULL,NULL,NULL,NULL,NULL,NULL,'Kaliganj'),(74,'1721',166,1,NULL,NULL,NULL,NULL,NULL,NULL,'Pubail'),(75,'1722',166,1,NULL,NULL,NULL,NULL,NULL,NULL,'Santanpara'),(76,'1723',166,1,NULL,NULL,NULL,NULL,NULL,NULL,'Vaoal Jamalpur'),(77,'1730',167,1,NULL,NULL,NULL,NULL,NULL,NULL,'kapashia'),(78,'1712',168,1,NULL,NULL,NULL,NULL,NULL,NULL,'Ershad Nagar'),(79,'1710',168,1,NULL,NULL,NULL,NULL,NULL,NULL,'Monnunagar'),(80,'1711',168,1,NULL,NULL,NULL,NULL,NULL,NULL,'Nishat Nagar'),(81,'1743',169,1,NULL,NULL,NULL,NULL,NULL,NULL,'Barmi'),(82,'1747',169,1,NULL,NULL,NULL,NULL,NULL,NULL,'Bashamur'),(83,'1748',169,1,NULL,NULL,NULL,NULL,NULL,NULL,'Boubi'),(84,'1745',169,1,NULL,NULL,NULL,NULL,NULL,NULL,'Kawraid'),(85,'1744',169,1,NULL,NULL,NULL,NULL,NULL,NULL,'Satkhamair'),(86,'1740',169,1,NULL,NULL,NULL,NULL,NULL,NULL,'Sreepur'),(87,'1740',170,1,NULL,NULL,NULL,NULL,NULL,NULL,'Tepirbari'),(88,'1740',170,1,NULL,NULL,NULL,NULL,NULL,NULL,'Tengra'),(89,'1741',170,1,NULL,NULL,NULL,NULL,NULL,NULL,'Rajendrapur'),(90,'1742',170,1,NULL,NULL,NULL,NULL,NULL,NULL,'Rajendrapur Canttome'),(91,'8102',171,1,NULL,NULL,NULL,NULL,NULL,NULL,'Barfa'),(92,'8013',171,1,NULL,NULL,NULL,NULL,NULL,NULL,'Chandradighalia'),(93,'8100',171,1,NULL,NULL,NULL,NULL,NULL,NULL,'Gopalganj Sadar'),(94,'8101',171,1,NULL,NULL,NULL,NULL,NULL,NULL,'Ulpur'),(95,'8133',172,1,NULL,NULL,NULL,NULL,NULL,NULL,'Jonapur'),(96,'8130',172,1,NULL,NULL,NULL,NULL,NULL,NULL,'Kashiani'),(97,'8131',172,1,NULL,NULL,NULL,NULL,NULL,NULL,'Ramdia College'),(98,'8132',172,1,NULL,NULL,NULL,NULL,NULL,NULL,'Ratoil'),(99,'8110',173,1,NULL,NULL,NULL,NULL,NULL,NULL,'Kotalipara'),(100,'8141',174,1,NULL,NULL,NULL,NULL,NULL,NULL,'Batkiamari'),(101,'8142',174,1,NULL,NULL,NULL,NULL,NULL,NULL,'Khandarpara'),(102,'8140',174,1,NULL,NULL,NULL,NULL,NULL,NULL,'Maksudpur'),(103,'8121',175,1,NULL,NULL,NULL,NULL,NULL,NULL,'Patgati'),(104,'8120',175,1,NULL,NULL,NULL,NULL,NULL,NULL,'Tungipara'),(105,'2336',231,1,NULL,NULL,NULL,NULL,NULL,NULL,'Bajitpur'),(106,'2338',231,1,NULL,NULL,NULL,NULL,NULL,NULL,'Laksmipur'),(107,'2337',231,1,NULL,NULL,NULL,NULL,NULL,NULL,'Sararchar'),(108,'2350',232,1,NULL,NULL,NULL,NULL,NULL,NULL,'Bhairab'),(109,'2320',233,1,NULL,NULL,NULL,NULL,NULL,NULL,'Hossenpur'),(110,'2390',234,1,NULL,NULL,NULL,NULL,NULL,NULL,'Itna'),(111,'2310',235,1,NULL,NULL,NULL,NULL,NULL,NULL,'Karimganj'),(112,'2331',236,1,NULL,NULL,NULL,NULL,NULL,NULL,'Gochhihata'),(113,'2330',236,1,NULL,NULL,NULL,NULL,NULL,NULL,'Katiadi'),(114,'2301',237,1,NULL,NULL,NULL,NULL,NULL,NULL,'Kishoreganj S.Mills'),(115,'2300',237,1,NULL,NULL,NULL,NULL,NULL,NULL,'Kishoreganj Sadar'),(116,'2302',237,1,NULL,NULL,NULL,NULL,NULL,NULL,'Maizhati'),(117,'2303',237,1,NULL,NULL,NULL,NULL,NULL,NULL,'Nilganj'),(118,'2341',238,1,NULL,NULL,NULL,NULL,NULL,NULL,'Chhoysuti'),(119,'2340',238,1,NULL,NULL,NULL,NULL,NULL,NULL,'Kuliarchar'),(120,'2371',239,1,NULL,NULL,NULL,NULL,NULL,NULL,'Abdullahpur'),(121,'2370',239,1,NULL,NULL,NULL,NULL,NULL,NULL,'MIthamoin'),(122,'2360',240,1,NULL,NULL,NULL,NULL,NULL,NULL,'Nikli'),(123,'2380',241,1,NULL,NULL,NULL,NULL,NULL,NULL,'Ostagram'),(124,'2326',242,1,NULL,NULL,NULL,NULL,NULL,NULL,'Pakundia'),(125,'2316',243,1,NULL,NULL,NULL,NULL,NULL,NULL,'Tarial'),(126,'7932',267,1,NULL,NULL,NULL,NULL,NULL,NULL,'Bahadurpur'),(127,'7930',267,1,NULL,NULL,NULL,NULL,NULL,NULL,'Barhamganj'),(128,'7931',267,1,NULL,NULL,NULL,NULL,NULL,NULL,'Nilaksmibandar'),(129,'7933',267,1,NULL,NULL,NULL,NULL,NULL,NULL,'Umedpur'),(130,'7920',268,1,NULL,NULL,NULL,NULL,NULL,NULL,'Kalkini'),(131,'7921',268,1,NULL,NULL,NULL,NULL,NULL,NULL,'Sahabrampur'),(132,'7901',269,1,NULL,NULL,NULL,NULL,NULL,NULL,'Charmugria'),(133,'7903',269,1,NULL,NULL,NULL,NULL,NULL,NULL,'Habiganj'),(134,'7902',269,1,NULL,NULL,NULL,NULL,NULL,NULL,'Kulpaddi'),(135,'7900',269,1,NULL,NULL,NULL,NULL,NULL,NULL,'Madaripur Sadar'),(136,'7904',269,1,NULL,NULL,NULL,NULL,NULL,NULL,'Mustafapur'),(137,'7911',270,1,NULL,NULL,NULL,NULL,NULL,NULL,'Khalia'),(138,'7910',270,1,NULL,NULL,NULL,NULL,NULL,NULL,'Rajoir'),(139,'1860',275,1,NULL,NULL,NULL,NULL,NULL,NULL,'Doulatpur'),(140,'1840',276,1,NULL,NULL,NULL,NULL,NULL,NULL,'Gheor'),(141,'1831',277,1,NULL,NULL,NULL,NULL,NULL,NULL,'Jhitka'),(142,'1830',277,1,NULL,NULL,NULL,NULL,NULL,NULL,'Lechhraganj'),(143,'1804',278,1,NULL,NULL,NULL,NULL,NULL,NULL,'Barangail'),(144,'1802',278,1,NULL,NULL,NULL,NULL,NULL,NULL,'Gorpara'),(145,'1803',278,1,NULL,NULL,NULL,NULL,NULL,NULL,'Mahadebpur'),(146,'1801',278,1,NULL,NULL,NULL,NULL,NULL,NULL,'Manikganj Bazar'),(147,'1800',278,1,NULL,NULL,NULL,NULL,NULL,NULL,'Manikganj Sadar'),(148,'1811',279,1,NULL,NULL,NULL,NULL,NULL,NULL,'Baliati'),(149,'1810',279,1,NULL,NULL,NULL,NULL,NULL,NULL,'Saturia'),(150,'1851',280,1,NULL,NULL,NULL,NULL,NULL,NULL,'Aricha'),(151,'1850',280,1,NULL,NULL,NULL,NULL,NULL,NULL,'Shibaloy'),(152,'1852',280,1,NULL,NULL,NULL,NULL,NULL,NULL,'Tewta'),(153,'1853',280,1,NULL,NULL,NULL,NULL,NULL,NULL,'Uthli'),(154,'1821',281,1,NULL,NULL,NULL,NULL,NULL,NULL,'Baira'),(155,'1822',281,1,NULL,NULL,NULL,NULL,NULL,NULL,'joymantop'),(156,'1820',281,1,NULL,NULL,NULL,NULL,NULL,NULL,'Singair'),(157,'1510',290,1,NULL,NULL,NULL,NULL,NULL,NULL,'Gajaria'),(158,'1511',290,1,NULL,NULL,NULL,NULL,NULL,NULL,'Hossendi'),(159,'1512',290,1,NULL,NULL,NULL,NULL,NULL,NULL,'Rasulpur'),(160,'1334',291,1,NULL,NULL,NULL,NULL,NULL,NULL,'Gouragonj'),(161,'1534',291,1,NULL,NULL,NULL,NULL,NULL,NULL,'Gouragonj'),(162,'1532',291,1,NULL,NULL,NULL,NULL,NULL,NULL,'Haldia SO'),(163,'1333',291,1,NULL,NULL,NULL,NULL,NULL,NULL,'Haridia'),(164,'1533',291,1,NULL,NULL,NULL,NULL,NULL,NULL,'Haridia DESO'),(165,'1531',291,1,NULL,NULL,NULL,NULL,NULL,NULL,'Korhati'),(166,'1530',291,1,NULL,NULL,NULL,NULL,NULL,NULL,'Lohajang'),(167,'1335',291,1,NULL,NULL,NULL,NULL,NULL,NULL,'Madini Mandal'),(168,'1535',291,1,NULL,NULL,NULL,NULL,NULL,NULL,'Medini Mandal EDSO'),(169,'1503',292,1,NULL,NULL,NULL,NULL,NULL,NULL,'Kathakhali'),(170,'1502',292,1,NULL,NULL,NULL,NULL,NULL,NULL,'Mirkadim'),(171,'1500',292,1,NULL,NULL,NULL,NULL,NULL,NULL,'Munshiganj Sadar'),(172,'1501',292,1,NULL,NULL,NULL,NULL,NULL,NULL,'Rikabibazar'),(173,'1542',293,1,NULL,NULL,NULL,NULL,NULL,NULL,'Ichapur'),(174,'1541',293,1,NULL,NULL,NULL,NULL,NULL,NULL,'Kola'),(175,'1543',293,1,NULL,NULL,NULL,NULL,NULL,NULL,'Malkha Nagar'),(176,'1544',293,1,NULL,NULL,NULL,NULL,NULL,NULL,'Shekher Nagar'),(177,'1540',293,1,NULL,NULL,NULL,NULL,NULL,NULL,'Sirajdikhan'),(178,'1557',294,1,NULL,NULL,NULL,NULL,NULL,NULL,'Baghra'),(179,'1551',294,1,NULL,NULL,NULL,NULL,NULL,NULL,'Rarikhal'),(180,'1558',294,1,NULL,NULL,NULL,NULL,NULL,NULL,'Bhaggyakul'),(181,'1553',294,1,NULL,NULL,NULL,NULL,NULL,NULL,'Hashara'),(182,'1554',294,1,NULL,NULL,NULL,NULL,NULL,NULL,'Kolapara'),(183,'1555',294,1,NULL,NULL,NULL,NULL,NULL,NULL,'Kumarbhog'),(184,'1552',294,1,NULL,NULL,NULL,NULL,NULL,NULL,'Maijpara'),(185,'1550',294,1,NULL,NULL,NULL,NULL,NULL,NULL,'Sreenagar'),(186,'1556',294,1,NULL,NULL,NULL,NULL,NULL,NULL,'Vaggyakul SO'),(187,'1523',295,1,NULL,NULL,NULL,NULL,NULL,NULL,'Bajrajugini'),(188,'1522',295,1,NULL,NULL,NULL,NULL,NULL,NULL,'Baligao'),(189,'1521',295,1,NULL,NULL,NULL,NULL,NULL,NULL,'Betkahat'),(190,'1525',295,1,NULL,NULL,NULL,NULL,NULL,NULL,'Dighirpar'),(191,'1524',295,1,NULL,NULL,NULL,NULL,NULL,NULL,'Hasail'),(192,'1527',295,1,NULL,NULL,NULL,NULL,NULL,NULL,'Pura'),(193,'1526',295,1,NULL,NULL,NULL,NULL,NULL,NULL,'Pura EDSO'),(194,'1520',295,1,NULL,NULL,NULL,NULL,NULL,NULL,'Tangibari'),(195,'1450',322,1,NULL,NULL,NULL,NULL,NULL,NULL,'Araihazar'),(196,'1451',322,1,NULL,NULL,NULL,NULL,NULL,NULL,'Gopaldi'),(197,'1440',323,1,NULL,NULL,NULL,NULL,NULL,NULL,'Baidder Bazar'),(198,'1441',323,1,NULL,NULL,NULL,NULL,NULL,NULL,'Bara Nagar'),(199,'1442',323,1,NULL,NULL,NULL,NULL,NULL,NULL,'Barodi'),(200,'1410',324,1,NULL,NULL,NULL,NULL,NULL,NULL,'Bandar'),(201,'1413',324,1,NULL,NULL,NULL,NULL,NULL,NULL,'BIDS'),(202,'1411',324,1,NULL,NULL,NULL,NULL,NULL,NULL,'D.C Mills'),(203,'1414',324,1,NULL,NULL,NULL,NULL,NULL,NULL,'Madanganj'),(204,'1412',324,1,NULL,NULL,NULL,NULL,NULL,NULL,'Nabiganj'),(205,'1421',325,1,NULL,NULL,NULL,NULL,NULL,NULL,'Fatulla Bazar'),(206,'1420',325,1,NULL,NULL,NULL,NULL,NULL,NULL,'Fatullah'),(207,'1400',326,1,NULL,NULL,NULL,NULL,NULL,NULL,'Narayanganj Sadar'),(208,'1462',327,1,NULL,NULL,NULL,NULL,NULL,NULL,'Bhulta'),(209,'1461',327,1,NULL,NULL,NULL,NULL,NULL,NULL,'Kanchan'),(210,'1464',327,1,NULL,NULL,NULL,NULL,NULL,NULL,'Murapara'),(211,'1463',327,1,NULL,NULL,NULL,NULL,NULL,NULL,'Nagri'),(212,'1460',327,1,NULL,NULL,NULL,NULL,NULL,NULL,'Rupganj'),(213,'1431',328,1,NULL,NULL,NULL,NULL,NULL,NULL,'Adamjeenagar'),(214,'1432',328,1,NULL,NULL,NULL,NULL,NULL,NULL,'LN Mills'),(215,'1430',328,1,NULL,NULL,NULL,NULL,NULL,NULL,'Siddirganj'),(216,'1640',329,1,NULL,NULL,NULL,NULL,NULL,NULL,'Belabo'),(217,'1651',330,1,NULL,NULL,NULL,NULL,NULL,NULL,'Hatirdia'),(218,'1652',330,1,NULL,NULL,NULL,NULL,NULL,NULL,'Katabaria'),(219,'1650',330,1,NULL,NULL,NULL,NULL,NULL,NULL,'Monohordi'),(220,'1605',331,1,NULL,NULL,NULL,NULL,NULL,NULL,'Karimpur'),(221,'1604',331,1,NULL,NULL,NULL,NULL,NULL,NULL,'Madhabdi'),(222,'1602',331,1,NULL,NULL,NULL,NULL,NULL,NULL,'Narsingdi College'),(223,'1600',331,1,NULL,NULL,NULL,NULL,NULL,NULL,'Narsingdi Sadar'),(224,'1603',331,1,NULL,NULL,NULL,NULL,NULL,NULL,'Panchdona'),(225,'1601',331,1,NULL,NULL,NULL,NULL,NULL,NULL,'UMC Jute Mills'),(226,'1612',332,1,NULL,NULL,NULL,NULL,NULL,NULL,'Char Sindhur'),(227,'1613',332,1,NULL,NULL,NULL,NULL,NULL,NULL,'Ghorashal'),(228,'1611',332,1,NULL,NULL,NULL,NULL,NULL,NULL,'Sarkarkhana'),(229,'1610',332,1,NULL,NULL,NULL,NULL,NULL,NULL,'Palash'),(230,'1631',333,1,NULL,NULL,NULL,NULL,NULL,NULL,'Bazar Hasnabad'),(231,'1632',333,1,NULL,NULL,NULL,NULL,NULL,NULL,'Radhaganj bazar'),(232,'1630',333,1,NULL,NULL,NULL,NULL,NULL,NULL,'Raypura'),(233,'1620',334,1,NULL,NULL,NULL,NULL,NULL,NULL,'Shibpur'),(234,'7730',393,1,NULL,NULL,NULL,NULL,NULL,NULL,'Baliakandi'),(235,'7731',393,1,NULL,NULL,NULL,NULL,NULL,NULL,'Nalia'),(236,'7723',394,1,NULL,NULL,NULL,NULL,NULL,NULL,'Mrigibazar'),(237,'7720',394,1,NULL,NULL,NULL,NULL,NULL,NULL,'Pangsha'),(238,'7721',394,1,NULL,NULL,NULL,NULL,NULL,NULL,'Ramkol'),(239,'7722',394,1,NULL,NULL,NULL,NULL,NULL,NULL,'Ratandia'),(240,'7710',395,1,NULL,NULL,NULL,NULL,NULL,NULL,'Goalanda'),(241,'7711',395,1,NULL,NULL,NULL,NULL,NULL,NULL,'Khankhanapur'),(242,'7700',395,1,NULL,NULL,NULL,NULL,NULL,NULL,'Rajbari Sadar'),(243,'8030',431,1,NULL,NULL,NULL,NULL,NULL,NULL,'Bhedorganj'),(244,'8040',432,1,NULL,NULL,NULL,NULL,NULL,NULL,'Damudhya'),(245,'8050',433,1,NULL,NULL,NULL,NULL,NULL,NULL,'Gosairhat'),(246,'8010',434,1,NULL,NULL,NULL,NULL,NULL,NULL,'Jajira'),(247,'8021',435,1,NULL,NULL,NULL,NULL,NULL,NULL,'Bhozeshwar'),(248,'8022',435,1,NULL,NULL,NULL,NULL,NULL,NULL,'Gharisar'),(249,'8024',435,1,NULL,NULL,NULL,NULL,NULL,NULL,'Kartikpur'),(250,'8020',435,1,NULL,NULL,NULL,NULL,NULL,NULL,'Naria'),(251,'8023',435,1,NULL,NULL,NULL,NULL,NULL,NULL,'Upshi'),(252,'8001',436,1,NULL,NULL,NULL,NULL,NULL,NULL,'Angaria'),(253,'8002',436,1,NULL,NULL,NULL,NULL,NULL,NULL,'Chikandi'),(254,'8000',436,1,NULL,NULL,NULL,NULL,NULL,NULL,'Shariatpur Sadar'),(255,'1920',472,1,NULL,NULL,NULL,NULL,NULL,NULL,'Basail'),(256,'1960',473,1,NULL,NULL,NULL,NULL,NULL,NULL,'Bhuapur'),(257,'1910',474,1,NULL,NULL,NULL,NULL,NULL,NULL,'Delduar'),(258,'1913',474,1,NULL,NULL,NULL,NULL,NULL,NULL,'Elasin'),(259,'1914',474,1,NULL,NULL,NULL,NULL,NULL,NULL,'Hinga Nagar'),(260,'1911',474,1,NULL,NULL,NULL,NULL,NULL,NULL,'Jangalia'),(261,'1915',474,1,NULL,NULL,NULL,NULL,NULL,NULL,'Lowhati'),(262,'1912',474,1,NULL,NULL,NULL,NULL,NULL,NULL,'Patharail'),(263,'1982',475,1,NULL,NULL,NULL,NULL,NULL,NULL,'D. Pakutia'),(264,'1983',475,1,NULL,NULL,NULL,NULL,NULL,NULL,'Dhalapara'),(265,'1980',475,1,NULL,NULL,NULL,NULL,NULL,NULL,'Ghatial'),(266,'1984',475,1,NULL,NULL,NULL,NULL,NULL,NULL,'Lohani'),(267,'1981',475,1,NULL,NULL,NULL,NULL,NULL,NULL,'Zahidganj'),(268,'1990',476,1,NULL,NULL,NULL,NULL,NULL,NULL,'Gopalpur'),(269,'1992',476,1,NULL,NULL,NULL,NULL,NULL,NULL,'Hemnagar'),(270,'1991',476,1,NULL,NULL,NULL,NULL,NULL,NULL,'Jhowail'),(271,'1991',476,1,NULL,NULL,NULL,NULL,NULL,NULL,'Chatutia'),(272,'1973',477,1,NULL,NULL,NULL,NULL,NULL,NULL,'Ballabazar'),(273,'1974',477,1,NULL,NULL,NULL,NULL,NULL,NULL,'Elinga'),(274,'1970',477,1,NULL,NULL,NULL,NULL,NULL,NULL,'Kalihati'),(275,'1977',477,1,NULL,NULL,NULL,NULL,NULL,NULL,'Nagarbari'),(276,'1976',477,1,NULL,NULL,NULL,NULL,NULL,NULL,'Nagarbari SO'),(277,'1972',477,1,NULL,NULL,NULL,NULL,NULL,NULL,'Nagbari'),(278,'1975',477,1,NULL,NULL,NULL,NULL,NULL,NULL,'Palisha'),(279,'1971',477,1,NULL,NULL,NULL,NULL,NULL,NULL,'Rajafair'),(280,'1930',478,1,NULL,NULL,NULL,NULL,NULL,NULL,'Kashkawlia'),(281,'1997',479,1,NULL,NULL,NULL,NULL,NULL,NULL,'Dhobari'),(282,'1996',479,1,NULL,NULL,NULL,NULL,NULL,NULL,'Madhupur'),(283,'1941',480,1,NULL,NULL,NULL,NULL,NULL,NULL,'Gorai'),(284,'1944',480,1,NULL,NULL,NULL,NULL,NULL,NULL,'Jarmuki'),(285,'1942',480,1,NULL,NULL,NULL,NULL,NULL,NULL,'M.C. College'),(286,'1940',480,1,NULL,NULL,NULL,NULL,NULL,NULL,'Mirzapur'),(287,'1945',480,1,NULL,NULL,NULL,NULL,NULL,NULL,'Mohera'),(288,'1943',480,1,NULL,NULL,NULL,NULL,NULL,NULL,'Warri paikpara'),(289,'1937',481,1,NULL,NULL,NULL,NULL,NULL,NULL,'Dhuburia'),(290,'1936',481,1,NULL,NULL,NULL,NULL,NULL,NULL,'Nagarpur'),(291,'1938',481,1,NULL,NULL,NULL,NULL,NULL,NULL,'Salimabad'),(292,'1951',482,1,NULL,NULL,NULL,NULL,NULL,NULL,'Kochua'),(293,'1950',482,1,NULL,NULL,NULL,NULL,NULL,NULL,'Sakhipur'),(294,'1901',483,1,NULL,NULL,NULL,NULL,NULL,NULL,'Kagmari'),(295,'1903',483,1,NULL,NULL,NULL,NULL,NULL,NULL,'Korotia'),(296,'1904',483,1,NULL,NULL,NULL,NULL,NULL,NULL,'Purabari'),(297,'1902',483,1,NULL,NULL,NULL,NULL,NULL,NULL,'Santosh'),(298,'1900',483,1,NULL,NULL,NULL,NULL,NULL,NULL,'Tangail Sadar'),(299,'2030',184,1,NULL,NULL,NULL,NULL,NULL,NULL,'Dewangonj'),(300,'2031',184,1,NULL,NULL,NULL,NULL,NULL,NULL,'Dewangonj S. Mills'),(301,'2021',185,1,NULL,NULL,NULL,NULL,NULL,NULL,'Durmoot'),(302,'2022',185,1,NULL,NULL,NULL,NULL,NULL,NULL,'Gilabari'),(303,'2020',185,1,NULL,NULL,NULL,NULL,NULL,NULL,'Islampur'),(304,'2000',186,1,NULL,NULL,NULL,NULL,NULL,NULL,'Jamalpur'),(305,'2001',186,1,NULL,NULL,NULL,NULL,NULL,NULL,'Nandina'),(306,'2002',186,1,NULL,NULL,NULL,NULL,NULL,NULL,'Narundi'),(307,'2011',188,1,NULL,NULL,NULL,NULL,NULL,NULL,'Jamalpur'),(308,'2013',188,1,NULL,NULL,NULL,NULL,NULL,NULL,'Mahmoodpur'),(309,'2012',188,1,NULL,NULL,NULL,NULL,NULL,NULL,'Malancha'),(310,'2010',188,1,NULL,NULL,NULL,NULL,NULL,NULL,'Malandah'),(311,'2041',187,1,NULL,NULL,NULL,NULL,NULL,NULL,'Balijhuri'),(312,'2040',187,1,NULL,NULL,NULL,NULL,NULL,NULL,'Madarganj'),(313,'2052',189,1,NULL,NULL,NULL,NULL,NULL,NULL,'Bausee'),(314,'2051',187,1,NULL,NULL,NULL,NULL,NULL,NULL,'Adarvita'),(315,'2053',189,1,NULL,NULL,NULL,NULL,NULL,NULL,'Jagannath Ghat'),(316,'2055',189,1,NULL,NULL,NULL,NULL,NULL,NULL,'Jamuna Sar Karkhana'),(317,'2054',189,1,NULL,NULL,NULL,NULL,NULL,NULL,'Pingna'),(318,'2050',189,1,NULL,NULL,NULL,NULL,NULL,NULL,'Shorishabari'),(319,'2240',296,1,NULL,NULL,NULL,NULL,NULL,NULL,'Bhaluka'),(320,'2216',297,1,NULL,NULL,NULL,NULL,NULL,NULL,'Fulbaria'),(321,'2234',298,1,NULL,NULL,NULL,NULL,NULL,NULL,'Duttarbazar'),(322,'2230',298,1,NULL,NULL,NULL,NULL,NULL,NULL,'Gaforgaon'),(323,'2233',298,1,NULL,NULL,NULL,NULL,NULL,NULL,'Kandipara'),(324,'2231',298,1,NULL,NULL,NULL,NULL,NULL,NULL,'Shibganj'),(325,'2232',298,1,NULL,NULL,NULL,NULL,NULL,NULL,'Usti'),(326,'2270',299,1,NULL,NULL,NULL,NULL,NULL,NULL,'Gouripur'),(327,'2271',299,1,NULL,NULL,NULL,NULL,NULL,NULL,'Ramgopalpur'),(328,'2261',300,1,NULL,NULL,NULL,NULL,NULL,NULL,'Dhara'),(329,'2260',300,1,NULL,NULL,NULL,NULL,NULL,NULL,'Haluaghat'),(330,'2262',300,1,NULL,NULL,NULL,NULL,NULL,NULL,'Munshirhat'),(331,'2282',301,1,NULL,NULL,NULL,NULL,NULL,NULL,'Atharabari'),(332,'2280',301,1,NULL,NULL,NULL,NULL,NULL,NULL,'Isshwargonj'),(333,'2281',301,1,NULL,NULL,NULL,NULL,NULL,NULL,'Sohagi'),(334,'2210',302,1,NULL,NULL,NULL,NULL,NULL,NULL,'Muktagachha'),(335,'2202',303,1,NULL,NULL,NULL,NULL,NULL,NULL,'Agriculture Universi'),(336,'2204',303,1,NULL,NULL,NULL,NULL,NULL,NULL,'Biddyaganj'),(337,'2201',303,1,NULL,NULL,NULL,NULL,NULL,NULL,'Kawatkhali'),(338,'2200',303,1,NULL,NULL,NULL,NULL,NULL,NULL,'Mymensingh Sadar'),(339,'2205',303,1,NULL,NULL,NULL,NULL,NULL,NULL,'Pearpur'),(340,'2203',303,1,NULL,NULL,NULL,NULL,NULL,NULL,'Shombhuganj'),(341,'2291',304,1,NULL,NULL,NULL,NULL,NULL,NULL,'Gangail'),(342,'2290',304,1,NULL,NULL,NULL,NULL,NULL,NULL,'Nandail'),(343,'2251',305,1,NULL,NULL,NULL,NULL,NULL,NULL,'Beltia'),(344,'2250',305,1,NULL,NULL,NULL,NULL,NULL,NULL,'Phulpur'),(345,'2252',305,1,NULL,NULL,NULL,NULL,NULL,NULL,'Tarakanda'),(346,'2221',306,1,NULL,NULL,NULL,NULL,NULL,NULL,'Ahmadbad'),(347,'2223',306,1,NULL,NULL,NULL,NULL,NULL,NULL,'Dhala'),(348,'2222',306,1,NULL,NULL,NULL,NULL,NULL,NULL,'Ram Amritaganj'),(349,'2220',306,1,NULL,NULL,NULL,NULL,NULL,NULL,'Trishal'),(350,'2420',353,1,NULL,NULL,NULL,NULL,NULL,NULL,'Susnng Durgapur'),(351,'2470',341,1,NULL,NULL,NULL,NULL,NULL,NULL,'Atpara'),(352,'2440',342,1,NULL,NULL,NULL,NULL,NULL,NULL,'Barhatta'),(353,'2450',343,1,NULL,NULL,NULL,NULL,NULL,NULL,'Dharampasha'),(354,'2416',344,1,NULL,NULL,NULL,NULL,NULL,NULL,'Dhobaura'),(355,'2417',344,1,NULL,NULL,NULL,NULL,NULL,NULL,'Sakoai'),(356,'2430',345,1,NULL,NULL,NULL,NULL,NULL,NULL,'Kalmakanda'),(357,'2480',346,1,NULL,NULL,NULL,NULL,NULL,NULL,'Kendua'),(358,'2460',347,1,NULL,NULL,NULL,NULL,NULL,NULL,'Khaliajhri'),(359,'2462',347,1,NULL,NULL,NULL,NULL,NULL,NULL,'Shaldigha'),(360,'2490',348,1,NULL,NULL,NULL,NULL,NULL,NULL,'Madan'),(361,'2456',349,1,NULL,NULL,NULL,NULL,NULL,NULL,'Moddoynagar'),(362,'2446',350,1,NULL,NULL,NULL,NULL,NULL,NULL,'Mohanganj'),(363,'2401',351,1,NULL,NULL,NULL,NULL,NULL,NULL,'Baikherhati'),(364,'2400',351,1,NULL,NULL,NULL,NULL,NULL,NULL,'Netrakona Sadar'),(365,'2412',352,1,NULL,NULL,NULL,NULL,NULL,NULL,'Jaria Jhanjhail'),(366,'2410',352,1,NULL,NULL,NULL,NULL,NULL,NULL,'Purbadhola'),(367,'2411',352,1,NULL,NULL,NULL,NULL,NULL,NULL,'Shamgonj'),(368,'2140',437,1,NULL,NULL,NULL,NULL,NULL,NULL,'Bakshigonj'),(369,'2120',438,1,NULL,NULL,NULL,NULL,NULL,NULL,'Jhinaigati'),(370,'2151',439,1,NULL,NULL,NULL,NULL,NULL,NULL,'Gonopaddi'),(371,'2150',439,1,NULL,NULL,NULL,NULL,NULL,NULL,'Nakla'),(372,'2111',440,1,NULL,NULL,NULL,NULL,NULL,NULL,'Hatibandha'),(373,'2110',440,1,NULL,NULL,NULL,NULL,NULL,NULL,'Nalitabari'),(374,'2100',441,1,NULL,NULL,NULL,NULL,NULL,NULL,'Sherpur Shadar'),(375,'2130',442,1,NULL,NULL,NULL,NULL,NULL,NULL,'Shribardi'),(376,'3360',176,1,NULL,NULL,NULL,NULL,NULL,NULL,'Azmireeganj'),(377,'3310',177,1,NULL,NULL,NULL,NULL,NULL,NULL,'Bahubal'),(378,'3350',178,1,NULL,NULL,NULL,NULL,NULL,NULL,'Baniachang'),(379,'3351',178,1,NULL,NULL,NULL,NULL,NULL,NULL,'Jatrapasha'),(380,'3352',178,1,NULL,NULL,NULL,NULL,NULL,NULL,'Kadirganj'),(381,'3321',179,1,NULL,NULL,NULL,NULL,NULL,NULL,'Chandpurbagan'),(382,'3320',179,1,NULL,NULL,NULL,NULL,NULL,NULL,'Chunarughat'),(383,'3322',179,1,NULL,NULL,NULL,NULL,NULL,NULL,'Narapati'),(384,'3302',180,1,NULL,NULL,NULL,NULL,NULL,NULL,'Gopaya'),(385,'3300',180,1,NULL,NULL,NULL,NULL,NULL,NULL,'Habiganj Sadar'),(386,'3301',180,1,NULL,NULL,NULL,NULL,NULL,NULL,'Shaestaganj'),(387,'3340',181,1,NULL,NULL,NULL,NULL,NULL,NULL,'Kalauk'),(388,'3341',181,1,NULL,NULL,NULL,NULL,NULL,NULL,'Lakhai'),(389,'3331',182,1,NULL,NULL,NULL,NULL,NULL,NULL,'Itakhola'),(390,'3330',182,1,NULL,NULL,NULL,NULL,NULL,NULL,'Madhabpur'),(391,'3333',182,1,NULL,NULL,NULL,NULL,NULL,NULL,'Saihamnagar'),(392,'3332',182,1,NULL,NULL,NULL,NULL,NULL,NULL,'Shahajibazar'),(393,'3373',183,1,NULL,NULL,NULL,NULL,NULL,NULL,'Digalbak'),(394,'3372',183,1,NULL,NULL,NULL,NULL,NULL,NULL,'Golduba'),(395,'3371',183,1,NULL,NULL,NULL,NULL,NULL,NULL,'Goplarbazar'),(396,'3374',183,1,NULL,NULL,NULL,NULL,NULL,NULL,'Inathganj'),(397,'3370',183,1,NULL,NULL,NULL,NULL,NULL,NULL,'Nabiganj'),(398,'3250',284,1,NULL,NULL,NULL,NULL,NULL,NULL,'Baralekha'),(399,'3252',284,1,NULL,NULL,NULL,NULL,NULL,NULL,'Dhakkhinbag'),(400,'3251',284,1,NULL,NULL,NULL,NULL,NULL,NULL,'Juri'),(401,'3253',284,1,NULL,NULL,NULL,NULL,NULL,NULL,'Purbashahabajpur'),(402,'3220',285,1,NULL,NULL,NULL,NULL,NULL,NULL,'Kamalganj'),(403,'3221',285,1,NULL,NULL,NULL,NULL,NULL,NULL,'Keramatnaga'),(404,'3224',285,1,NULL,NULL,NULL,NULL,NULL,NULL,'Munshibazar'),(405,'3222',285,1,NULL,NULL,NULL,NULL,NULL,NULL,'Patrakhola'),(406,'3223',285,1,NULL,NULL,NULL,NULL,NULL,NULL,'Shamsher Nagar'),(407,'3237',286,1,NULL,NULL,NULL,NULL,NULL,NULL,'Baramchal'),(408,'3234',286,1,NULL,NULL,NULL,NULL,NULL,NULL,'Kajaldhara'),(409,'3235',286,1,NULL,NULL,NULL,NULL,NULL,NULL,'Karimpur'),(410,'3230',286,1,NULL,NULL,NULL,NULL,NULL,NULL,'Kulaura'),(411,'3232',286,1,NULL,NULL,NULL,NULL,NULL,NULL,'Langla'),(412,'3233',286,1,NULL,NULL,NULL,NULL,NULL,NULL,'Prithimpasha'),(413,'3231',286,1,NULL,NULL,NULL,NULL,NULL,NULL,'Tillagaon'),(414,'3203',287,1,NULL,NULL,NULL,NULL,NULL,NULL,'Afrozganj'),(415,'3201',287,1,NULL,NULL,NULL,NULL,NULL,NULL,'Barakapan'),(416,'3202',287,1,NULL,NULL,NULL,NULL,NULL,NULL,'Monumukh'),(417,'3200',287,1,NULL,NULL,NULL,NULL,NULL,NULL,'Moulvibazar Sadar'),(418,'3240',288,1,NULL,NULL,NULL,NULL,NULL,NULL,'Rajnagar'),(419,'3212',289,1,NULL,NULL,NULL,NULL,NULL,NULL,'Kalighat'),(420,'3213',289,1,NULL,NULL,NULL,NULL,NULL,NULL,'Khejurichhara'),(421,'3211',289,1,NULL,NULL,NULL,NULL,NULL,NULL,'Narain Chora'),(422,'3214',289,1,NULL,NULL,NULL,NULL,NULL,NULL,'Satgaon'),(423,'3210',289,1,NULL,NULL,NULL,NULL,NULL,NULL,'Srimangal'),(424,'3010',451,1,NULL,NULL,NULL,NULL,NULL,NULL,'Bishamsapur'),(425,'3080',452,1,NULL,NULL,NULL,NULL,NULL,NULL,'Chhatak'),(426,'3081',452,1,NULL,NULL,NULL,NULL,NULL,NULL,'Chhatak Cement Facto'),(427,'3082',452,1,NULL,NULL,NULL,NULL,NULL,NULL,'Chhatak Paper Mills'),(428,'3893',452,1,NULL,NULL,NULL,NULL,NULL,NULL,'Chourangi Bazar'),(429,'3083',452,1,NULL,NULL,NULL,NULL,NULL,NULL,'Gabindaganj'),(430,'3084',452,1,NULL,NULL,NULL,NULL,NULL,NULL,'Gabindaganj Natun Ba'),(431,'3088',452,1,NULL,NULL,NULL,NULL,NULL,NULL,'Islamabad'),(432,'3087',452,1,NULL,NULL,NULL,NULL,NULL,NULL,'jahidpur'),(433,'3085',452,1,NULL,NULL,NULL,NULL,NULL,NULL,'Khurma'),(434,'3086',452,1,NULL,NULL,NULL,NULL,NULL,NULL,'Moinpur'),(435,'3040',453,1,NULL,NULL,NULL,NULL,NULL,NULL,'Dhirai Chandpur'),(436,'3041',453,1,NULL,NULL,NULL,NULL,NULL,NULL,'Jagdal'),(437,'3070',454,1,NULL,NULL,NULL,NULL,NULL,NULL,'Duara bazar'),(438,'3050',455,1,NULL,NULL,NULL,NULL,NULL,NULL,'Ghungiar'),(439,'3062',456,1,NULL,NULL,NULL,NULL,NULL,NULL,'Atuajan'),(440,'3063',456,1,NULL,NULL,NULL,NULL,NULL,NULL,'Hasan Fatemapur'),(441,'3060',456,1,NULL,NULL,NULL,NULL,NULL,NULL,'Jagnnathpur'),(442,'3064',456,1,NULL,NULL,NULL,NULL,NULL,NULL,'Rasulganj'),(443,'3065',456,1,NULL,NULL,NULL,NULL,NULL,NULL,'Shiramsi'),(444,'3061',456,1,NULL,NULL,NULL,NULL,NULL,NULL,'Syedpur'),(445,'3020',457,1,NULL,NULL,NULL,NULL,NULL,NULL,'Sachna'),(446,'3001',458,1,NULL,NULL,NULL,NULL,NULL,NULL,'Pagla'),(447,'3002',458,1,NULL,NULL,NULL,NULL,NULL,NULL,'Patharia'),(448,'3000',458,1,NULL,NULL,NULL,NULL,NULL,NULL,'Sunamganj Sadar'),(449,'3030',459,1,NULL,NULL,NULL,NULL,NULL,NULL,'Tahirpur'),(450,'3120',460,1,NULL,NULL,NULL,NULL,NULL,NULL,'Balaganj'),(451,'3125',460,1,NULL,NULL,NULL,NULL,NULL,NULL,'Begumpur'),(452,'3122',460,1,NULL,NULL,NULL,NULL,NULL,NULL,'Brahman Shashon'),(453,'3128',460,1,NULL,NULL,NULL,NULL,NULL,NULL,'Gaharpur'),(454,'3124',460,1,NULL,NULL,NULL,NULL,NULL,NULL,'Goala Bazar'),(455,'3121',460,1,NULL,NULL,NULL,NULL,NULL,NULL,'Karua'),(456,'3127',460,1,NULL,NULL,NULL,NULL,NULL,NULL,'Kathal Khair'),(457,'3129',460,1,NULL,NULL,NULL,NULL,NULL,NULL,'Natun Bazar'),(458,'3126',460,1,NULL,NULL,NULL,NULL,NULL,NULL,'Omarpur'),(459,'3123',461,1,NULL,NULL,NULL,NULL,NULL,NULL,'Tajpur'),(460,'3170',462,1,NULL,NULL,NULL,NULL,NULL,NULL,'Bianibazar'),(461,'3175',462,1,NULL,NULL,NULL,NULL,NULL,NULL,'Churkai'),(462,'3171',462,1,NULL,NULL,NULL,NULL,NULL,NULL,'jaldup'),(463,'3173',462,1,NULL,NULL,NULL,NULL,NULL,NULL,'Kurar bazar'),(464,'3172',462,1,NULL,NULL,NULL,NULL,NULL,NULL,'Mathiura'),(465,'3174',462,1,NULL,NULL,NULL,NULL,NULL,NULL,'Salia bazar'),(466,'3130',463,1,NULL,NULL,NULL,NULL,NULL,NULL,'Bishwanath'),(467,'3131',463,1,NULL,NULL,NULL,NULL,NULL,NULL,'Dashghar'),(468,'3133',463,1,NULL,NULL,NULL,NULL,NULL,NULL,'Deokalas'),(469,'3132',463,1,NULL,NULL,NULL,NULL,NULL,NULL,'Doulathpur'),(470,'3134',463,1,NULL,NULL,NULL,NULL,NULL,NULL,'Singer kanch'),(471,'3116',464,1,NULL,NULL,NULL,NULL,NULL,NULL,'Fenchuganj'),(472,'3117',464,1,NULL,NULL,NULL,NULL,NULL,NULL,'Fenchuganj SareKarkh'),(473,'3152',465,1,NULL,NULL,NULL,NULL,NULL,NULL,'Chiknagul'),(474,'3150',465,1,NULL,NULL,NULL,NULL,NULL,NULL,'Goainhat'),(475,'3151',465,1,NULL,NULL,NULL,NULL,NULL,NULL,'Jaflong'),(476,'3164',466,1,NULL,NULL,NULL,NULL,NULL,NULL,'banigram'),(477,'3165',466,1,NULL,NULL,NULL,NULL,NULL,NULL,'Chandanpur'),(478,'3162',466,1,NULL,NULL,NULL,NULL,NULL,NULL,'Dakkhin Bhadashore'),(479,'3161',466,1,NULL,NULL,NULL,NULL,NULL,NULL,'Dhaka Dakkhin'),(480,'3160',466,1,NULL,NULL,NULL,NULL,NULL,NULL,'Gopalgannj'),(481,'3163',466,1,NULL,NULL,NULL,NULL,NULL,NULL,'Ranaping'),(482,'3156',467,1,NULL,NULL,NULL,NULL,NULL,NULL,'Jainthapur'),(483,'3191',468,1,NULL,NULL,NULL,NULL,NULL,NULL,'Ichhamati'),(484,'3190',468,1,NULL,NULL,NULL,NULL,NULL,NULL,'Jakiganj'),(485,'3181',469,1,NULL,NULL,NULL,NULL,NULL,NULL,'Chatulbazar'),(486,'3183',469,1,NULL,NULL,NULL,NULL,NULL,NULL,'Gachbari'),(487,'3180',469,1,NULL,NULL,NULL,NULL,NULL,NULL,'Kanaighat'),(488,'3182',469,1,NULL,NULL,NULL,NULL,NULL,NULL,'Manikganj'),(489,'3140',470,1,NULL,NULL,NULL,NULL,NULL,NULL,'Kompanyganj'),(490,'3106',471,1,NULL,NULL,NULL,NULL,NULL,NULL,'Birahimpur'),(491,'3107',471,1,NULL,NULL,NULL,NULL,NULL,NULL,'Jalalabad'),(492,'3104',471,1,NULL,NULL,NULL,NULL,NULL,NULL,'Jalalabad Cantoment'),(493,'3111',471,1,NULL,NULL,NULL,NULL,NULL,NULL,'Kadamtali'),(494,'3112',471,1,NULL,NULL,NULL,NULL,NULL,NULL,'Kamalbazer'),(495,'3103',471,1,NULL,NULL,NULL,NULL,NULL,NULL,'Khadimnagar'),(496,'3113',471,1,NULL,NULL,NULL,NULL,NULL,NULL,'Lalbazar'),(497,'3108',471,1,NULL,NULL,NULL,NULL,NULL,NULL,'Mogla'),(498,'3109',471,1,NULL,NULL,NULL,NULL,NULL,NULL,'Ranga Hajiganj'),(499,'3114',471,1,NULL,NULL,NULL,NULL,NULL,NULL,'Shahajalal Science &'),(500,'3105',471,1,NULL,NULL,NULL,NULL,NULL,NULL,'Silam'),(501,'3100',471,1,NULL,NULL,NULL,NULL,NULL,NULL,'Sylhe Sadar'),(502,'3102',471,1,NULL,NULL,NULL,NULL,NULL,NULL,'Sylhet Biman Bondar'),(503,'3101',471,1,NULL,NULL,NULL,NULL,NULL,NULL,'Sylhet Cadet Col'),(504,'4650',10,1,NULL,NULL,NULL,NULL,NULL,NULL,'Alikadam'),(505,'4600',11,1,NULL,NULL,NULL,NULL,NULL,NULL,'Bandarban Sadar'),(506,'4660',12,1,NULL,NULL,NULL,NULL,NULL,NULL,'Naikhong'),(507,'4610',13,1,NULL,NULL,NULL,NULL,NULL,NULL,'Roanchhari'),(508,'4620',14,1,NULL,NULL,NULL,NULL,NULL,NULL,'Ruma'),(509,'4641',15,1,NULL,NULL,NULL,NULL,NULL,NULL,'Lama'),(510,'4630',15,1,NULL,NULL,NULL,NULL,NULL,NULL,'Thanchi'),(511,'3450',49,1,NULL,NULL,NULL,NULL,NULL,NULL,'Akhaura'),(512,'3451',49,1,NULL,NULL,NULL,NULL,NULL,NULL,'Azampur'),(513,'3452',49,1,NULL,NULL,NULL,NULL,NULL,NULL,'Gangasagar'),(514,'3420',50,1,NULL,NULL,NULL,NULL,NULL,NULL,'Banchharampur'),(515,'3402',51,1,NULL,NULL,NULL,NULL,NULL,NULL,'Ashuganj'),(516,'3403',51,1,NULL,NULL,NULL,NULL,NULL,NULL,'Ashuganj Share'),(517,'3400',51,1,NULL,NULL,NULL,NULL,NULL,NULL,'Brahamanbaria Sadar'),(518,'3404',51,1,NULL,NULL,NULL,NULL,NULL,NULL,'Poun'),(519,'3401',51,1,NULL,NULL,NULL,NULL,NULL,NULL,'Talshahar'),(520,'3462',52,1,NULL,NULL,NULL,NULL,NULL,NULL,'Chandidar'),(521,'3463',52,1,NULL,NULL,NULL,NULL,NULL,NULL,'Chargachh'),(522,'3464',52,1,NULL,NULL,NULL,NULL,NULL,NULL,'Gopinathpur'),(523,'3460',52,1,NULL,NULL,NULL,NULL,NULL,NULL,'Kasba'),(524,'3461',52,1,NULL,NULL,NULL,NULL,NULL,NULL,'Kuti'),(525,'3419',53,1,NULL,NULL,NULL,NULL,NULL,NULL,'Jibanganj'),(526,'3417',53,1,NULL,NULL,NULL,NULL,NULL,NULL,'Kaitala'),(527,'3411',53,1,NULL,NULL,NULL,NULL,NULL,NULL,'Laubfatehpur'),(528,'3410',53,1,NULL,NULL,NULL,NULL,NULL,NULL,'Nabinagar'),(529,'3412',53,1,NULL,NULL,NULL,NULL,NULL,NULL,'Rasullabad'),(530,'3414',53,1,NULL,NULL,NULL,NULL,NULL,NULL,'Ratanpur'),(531,'3418',53,1,NULL,NULL,NULL,NULL,NULL,NULL,'Salimganj'),(532,'3415',53,1,NULL,NULL,NULL,NULL,NULL,NULL,'Shahapur'),(533,'3413',53,1,NULL,NULL,NULL,NULL,NULL,NULL,'Shamgram'),(534,'3441',54,1,NULL,NULL,NULL,NULL,NULL,NULL,'Fandauk'),(535,'3440',54,1,NULL,NULL,NULL,NULL,NULL,NULL,'Nasirnagar'),(536,'3432',55,1,NULL,NULL,NULL,NULL,NULL,NULL,'Chandura'),(537,'3430',55,1,NULL,NULL,NULL,NULL,NULL,NULL,'Sarial'),(538,'3431',55,1,NULL,NULL,NULL,NULL,NULL,NULL,'Shahbajpur'),(539,'3602',56,1,NULL,NULL,NULL,NULL,NULL,NULL,'Baburhat'),(540,'3600',56,1,NULL,NULL,NULL,NULL,NULL,NULL,'Chandpur Sadar'),(541,'3601',56,1,NULL,NULL,NULL,NULL,NULL,NULL,'Puranbazar'),(542,'3603',56,1,NULL,NULL,NULL,NULL,NULL,NULL,'Sahatali'),(543,'3651',57,1,NULL,NULL,NULL,NULL,NULL,NULL,'Chandra'),(544,'3650',57,1,NULL,NULL,NULL,NULL,NULL,NULL,'Faridganj'),(545,'3653',57,1,NULL,NULL,NULL,NULL,NULL,NULL,'Gridkaliandia'),(546,'3655',57,1,NULL,NULL,NULL,NULL,NULL,NULL,'Islampur Shah Isain'),(547,'3654',57,1,NULL,NULL,NULL,NULL,NULL,NULL,'Rampurbazar'),(548,'3652',57,1,NULL,NULL,NULL,NULL,NULL,NULL,'Rupsha'),(549,'3611',58,1,NULL,NULL,NULL,NULL,NULL,NULL,'Bolakhal'),(550,'3610',58,1,NULL,NULL,NULL,NULL,NULL,NULL,'Hajiganj'),(551,'3661',59,1,NULL,NULL,NULL,NULL,NULL,NULL,'Gandamara'),(552,'3660',59,1,NULL,NULL,NULL,NULL,NULL,NULL,'Hayemchar'),(553,'3630',60,1,NULL,NULL,NULL,NULL,NULL,NULL,'Kachua'),(554,'3631',60,1,NULL,NULL,NULL,NULL,NULL,NULL,'Pak Shrirampur'),(555,'3632',60,1,NULL,NULL,NULL,NULL,NULL,NULL,'Rahima Nagar'),(556,'3633',60,1,NULL,NULL,NULL,NULL,NULL,NULL,'Shachar'),(557,'3642',61,1,NULL,NULL,NULL,NULL,NULL,NULL,'Kalipur'),(558,'3640',61,1,NULL,NULL,NULL,NULL,NULL,NULL,'Matlobganj'),(559,'3641',61,1,NULL,NULL,NULL,NULL,NULL,NULL,'Mohanpur'),(560,'3623',62,1,NULL,NULL,NULL,NULL,NULL,NULL,'Chotoshi'),(561,'3624',62,1,NULL,NULL,NULL,NULL,NULL,NULL,'Islamia Madrasha'),(562,'3621',62,1,NULL,NULL,NULL,NULL,NULL,NULL,'Khilabazar'),(563,'3622',62,1,NULL,NULL,NULL,NULL,NULL,NULL,'Pashchim Kherihar Al'),(564,'3620',62,1,NULL,NULL,NULL,NULL,NULL,NULL,'Shahrasti'),(565,'4376',68,1,NULL,NULL,NULL,NULL,NULL,NULL,'Anowara'),(566,'4378',68,1,NULL,NULL,NULL,NULL,NULL,NULL,'Battali'),(567,'4377',68,1,NULL,NULL,NULL,NULL,NULL,NULL,'Paroikora'),(568,'4366',69,1,NULL,NULL,NULL,NULL,NULL,NULL,'Boalkhali'),(569,'4369',69,1,NULL,NULL,NULL,NULL,NULL,NULL,'Charandwip'),(570,'4365',69,1,NULL,NULL,NULL,NULL,NULL,NULL,'Iqbal Park'),(571,'4368',69,1,NULL,NULL,NULL,NULL,NULL,NULL,'Kadurkhal'),(572,'4363',69,1,NULL,NULL,NULL,NULL,NULL,NULL,'Kanungopara'),(573,'4367',69,1,NULL,NULL,NULL,NULL,NULL,NULL,'Sakpura'),(574,'4364',69,1,NULL,NULL,NULL,NULL,NULL,NULL,'Saroatoli'),(575,'4221',70,1,NULL,NULL,NULL,NULL,NULL,NULL,'Al- Amin Baria Madra'),(576,'4211',70,1,NULL,NULL,NULL,NULL,NULL,NULL,'Amin Jute Mills'),(577,'4215',70,1,NULL,NULL,NULL,NULL,NULL,NULL,'Anandabazar'),(578,'4210',70,1,NULL,NULL,NULL,NULL,NULL,NULL,'Bayezid Bostami'),(579,'4212',70,1,NULL,NULL,NULL,NULL,NULL,NULL,'Chandgaon'),(580,'4203',70,1,NULL,NULL,NULL,NULL,NULL,NULL,'Chawkbazar'),(581,'4220',70,1,NULL,NULL,NULL,NULL,NULL,NULL,'Chitt. Cantonment'),(582,'4219',70,1,NULL,NULL,NULL,NULL,NULL,NULL,'Chitt. Customs Acca'),(583,'4209',70,1,NULL,NULL,NULL,NULL,NULL,NULL,'Chitt. Politechnic In'),(584,'4218',70,1,NULL,NULL,NULL,NULL,NULL,NULL,'Chitt. Sailers Colon'),(585,'4205',70,1,NULL,NULL,NULL,NULL,NULL,NULL,'Chattogram Airport'),(586,'4100',70,1,NULL,NULL,NULL,NULL,NULL,NULL,'Chattogram Bandar'),(587,'4000',70,1,NULL,NULL,NULL,NULL,NULL,NULL,'Chattogram GPO'),(588,'4223',70,1,NULL,NULL,NULL,NULL,NULL,NULL,'Export Processing'),(589,'4207',70,1,NULL,NULL,NULL,NULL,NULL,NULL,'Firozshah'),(590,'4216',70,1,NULL,NULL,NULL,NULL,NULL,NULL,'Halishahar'),(591,'4225',70,1,NULL,NULL,NULL,NULL,NULL,NULL,'Halishshar'),(592,'4214',70,1,NULL,NULL,NULL,NULL,NULL,NULL,'Jalalabad'),(593,'4206',70,1,NULL,NULL,NULL,NULL,NULL,NULL,'Jaldia Merine Accade'),(594,'4222',70,1,NULL,NULL,NULL,NULL,NULL,NULL,'Middle Patenga'),(595,'4208',70,1,NULL,NULL,NULL,NULL,NULL,NULL,'Mohard'),(596,'4226',70,1,NULL,NULL,NULL,NULL,NULL,NULL,'North Halishahar'),(597,'4217',70,1,NULL,NULL,NULL,NULL,NULL,NULL,'North Katuli'),(598,'4202',70,1,NULL,NULL,NULL,NULL,NULL,NULL,'Pahartoli'),(599,'4204',70,1,NULL,NULL,NULL,NULL,NULL,NULL,'Patenga'),(600,'4224',70,1,NULL,NULL,NULL,NULL,NULL,NULL,'Rampura TSO'),(601,'4213',70,1,NULL,NULL,NULL,NULL,NULL,NULL,'Wazedia'),(602,'4383',71,1,NULL,NULL,NULL,NULL,NULL,NULL,'Barma'),(603,'4382',71,1,NULL,NULL,NULL,NULL,NULL,NULL,'Dohazari'),(604,'4380',71,1,NULL,NULL,NULL,NULL,NULL,NULL,'East Joara'),(605,'4381',71,1,NULL,NULL,NULL,NULL,NULL,NULL,'Gachbaria'),(606,'4352',72,1,NULL,NULL,NULL,NULL,NULL,NULL,'Bhandar Sharif'),(607,'4350',72,1,NULL,NULL,NULL,NULL,NULL,NULL,'Fatikchhari'),(608,'4354',72,1,NULL,NULL,NULL,NULL,NULL,NULL,'Harualchhari'),(609,'4353',72,1,NULL,NULL,NULL,NULL,NULL,NULL,'Najirhat'),(610,'4351',72,1,NULL,NULL,NULL,NULL,NULL,NULL,'Nanupur'),(611,'4355',72,1,NULL,NULL,NULL,NULL,NULL,NULL,'Narayanhat'),(612,'4331',73,1,NULL,NULL,NULL,NULL,NULL,NULL,'Chitt.University'),(613,'4335',73,1,NULL,NULL,NULL,NULL,NULL,NULL,'Fatahabad'),(614,'4332',73,1,NULL,NULL,NULL,NULL,NULL,NULL,'Gorduara'),(615,'4330',73,1,NULL,NULL,NULL,NULL,NULL,NULL,'Hathazari'),(616,'4333',73,1,NULL,NULL,NULL,NULL,NULL,NULL,'Katirhat'),(617,'4339',73,1,NULL,NULL,NULL,NULL,NULL,NULL,'Madrasa'),(618,'4334',73,1,NULL,NULL,NULL,NULL,NULL,NULL,'Mirzapur'),(619,'4337',73,1,NULL,NULL,NULL,NULL,NULL,NULL,'Nuralibari'),(620,'4338',73,1,NULL,NULL,NULL,NULL,NULL,NULL,'Yunus Nagar'),(621,'4393',74,1,NULL,NULL,NULL,NULL,NULL,NULL,'Banigram'),(622,'4392',74,1,NULL,NULL,NULL,NULL,NULL,NULL,'Gunagari'),(623,'4390',74,1,NULL,NULL,NULL,NULL,NULL,NULL,'Jaldi'),(624,'4391',74,1,NULL,NULL,NULL,NULL,NULL,NULL,'Khan Bahadur'),(625,'4398',75,1,NULL,NULL,NULL,NULL,NULL,NULL,'Chunti'),(626,'4396',75,1,NULL,NULL,NULL,NULL,NULL,NULL,'Lohagara'),(627,'4397',75,1,NULL,NULL,NULL,NULL,NULL,NULL,'Padua'),(628,'4321',76,1,NULL,NULL,NULL,NULL,NULL,NULL,'Abutorab'),(629,'4325',76,1,NULL,NULL,NULL,NULL,NULL,NULL,'Azampur'),(630,'4323',76,1,NULL,NULL,NULL,NULL,NULL,NULL,'Bharawazhat'),(631,'4322',76,1,NULL,NULL,NULL,NULL,NULL,NULL,'Darrogahat'),(632,'4324',76,1,NULL,NULL,NULL,NULL,NULL,NULL,'Joarganj'),(633,'4327',76,1,NULL,NULL,NULL,NULL,NULL,NULL,'Korerhat'),(634,'4320',76,1,NULL,NULL,NULL,NULL,NULL,NULL,'Mirsharai'),(635,'4328',76,1,NULL,NULL,NULL,NULL,NULL,NULL,'Mohazanhat'),(636,'4371',77,1,NULL,NULL,NULL,NULL,NULL,NULL,'Budhpara'),(637,'4370',77,1,NULL,NULL,NULL,NULL,NULL,NULL,'Patiya Head Office'),(638,'4361',78,1,NULL,NULL,NULL,NULL,NULL,NULL,'Dhamair'),(639,'4360',78,1,NULL,NULL,NULL,NULL,NULL,NULL,'Rangunia'),(640,'4349',79,1,NULL,NULL,NULL,NULL,NULL,NULL,'B.I.T Post Office'),(641,'4341',79,1,NULL,NULL,NULL,NULL,NULL,NULL,'Beenajuri'),(642,'4347',79,1,NULL,NULL,NULL,NULL,NULL,NULL,'Dewanpur'),(643,'4345',79,1,NULL,NULL,NULL,NULL,NULL,NULL,'Fatepur'),(644,'4343',79,1,NULL,NULL,NULL,NULL,NULL,NULL,'Gahira'),(645,'4346',79,1,NULL,NULL,NULL,NULL,NULL,NULL,'Guzra Noapara'),(646,'4344',79,1,NULL,NULL,NULL,NULL,NULL,NULL,'jagannath Hat'),(647,'4342',79,1,NULL,NULL,NULL,NULL,NULL,NULL,'Kundeshwari'),(648,'4348',79,1,NULL,NULL,NULL,NULL,NULL,NULL,'Mohamuni'),(649,'4340',79,1,NULL,NULL,NULL,NULL,NULL,NULL,'Rouzan'),(650,'4300',80,1,NULL,NULL,NULL,NULL,NULL,NULL,'Sandwip'),(651,'4301',80,1,NULL,NULL,NULL,NULL,NULL,NULL,'Shiberhat'),(652,'4302',80,1,NULL,NULL,NULL,NULL,NULL,NULL,'Urirchar'),(653,'4387',81,1,NULL,NULL,NULL,NULL,NULL,NULL,'Baitul Ijjat'),(654,'4388',81,1,NULL,NULL,NULL,NULL,NULL,NULL,'Bazalia'),(655,'4386',81,1,NULL,NULL,NULL,NULL,NULL,NULL,'Satkania'),(656,'4312',82,1,NULL,NULL,NULL,NULL,NULL,NULL,'Barabkunda'),(657,'4311',82,1,NULL,NULL,NULL,NULL,NULL,NULL,'Baroidhala'),(658,'4313',82,1,NULL,NULL,NULL,NULL,NULL,NULL,'Bawashbaria'),(659,'4315',82,1,NULL,NULL,NULL,NULL,NULL,NULL,'Bhatiari'),(660,'4316',82,1,NULL,NULL,NULL,NULL,NULL,NULL,'Fouzdarhat'),(661,'4317',82,1,NULL,NULL,NULL,NULL,NULL,NULL,'Jafrabad'),(662,'4314',82,1,NULL,NULL,NULL,NULL,NULL,NULL,'Kumira'),(663,'4310',82,1,NULL,NULL,NULL,NULL,NULL,NULL,'Sitakunda'),(664,'3560',87,1,NULL,NULL,NULL,NULL,NULL,NULL,'Barura'),(665,'3562',87,1,NULL,NULL,NULL,NULL,NULL,NULL,'Murdafarganj'),(666,'3561',87,1,NULL,NULL,NULL,NULL,NULL,NULL,'Poyalgachha'),(667,'3526',88,1,NULL,NULL,NULL,NULL,NULL,NULL,'Brahmanpara'),(668,'3520',106,1,NULL,NULL,NULL,NULL,NULL,NULL,'Burichang'),(669,'3521',89,1,NULL,NULL,NULL,NULL,NULL,NULL,'Maynamoti bazar'),(670,'3510',90,1,NULL,NULL,NULL,NULL,NULL,NULL,'Chandia'),(671,'3511',90,1,NULL,NULL,NULL,NULL,NULL,NULL,'Madhaiabazar'),(672,'3551',91,1,NULL,NULL,NULL,NULL,NULL,NULL,'Batisa'),(673,'3552',91,1,NULL,NULL,NULL,NULL,NULL,NULL,'Chiora'),(674,'3550',91,1,NULL,NULL,NULL,NULL,NULL,NULL,'Chouddagram'),(675,'3501',92,1,NULL,NULL,NULL,NULL,NULL,NULL,'Comilla Contoment'),(676,'3500',92,1,NULL,NULL,NULL,NULL,NULL,NULL,'Comilla Sadar'),(677,'3503',92,1,NULL,NULL,NULL,NULL,NULL,NULL,'Courtbari'),(678,'3502',92,1,NULL,NULL,NULL,NULL,NULL,NULL,'Halimanagar'),(679,'3504',92,1,NULL,NULL,NULL,NULL,NULL,NULL,'Suaganj'),(680,'3518',93,1,NULL,NULL,NULL,NULL,NULL,NULL,'Dashpara'),(681,'3516',93,1,NULL,NULL,NULL,NULL,NULL,NULL,'Daudkandi'),(682,'3519',93,1,NULL,NULL,NULL,NULL,NULL,NULL,'Eliotganj'),(683,'3517',93,1,NULL,NULL,NULL,NULL,NULL,NULL,'Gouripur'),(684,'3532',94,1,NULL,NULL,NULL,NULL,NULL,NULL,'Barashalghar'),(685,'3530',94,1,NULL,NULL,NULL,NULL,NULL,NULL,'Davidhar'),(686,'3533',94,1,NULL,NULL,NULL,NULL,NULL,NULL,'Dhamtee'),(687,'3531',94,1,NULL,NULL,NULL,NULL,NULL,NULL,'Gangamandal'),(688,'3546',95,1,NULL,NULL,NULL,NULL,NULL,NULL,'Homna'),(689,'3572',96,1,NULL,NULL,NULL,NULL,NULL,NULL,'Bipulasar'),(690,'3570',96,1,NULL,NULL,NULL,NULL,NULL,NULL,'Laksam'),(691,'3571',96,1,NULL,NULL,NULL,NULL,NULL,NULL,'Lakshamanpur'),(692,'3582',97,1,NULL,NULL,NULL,NULL,NULL,NULL,'Chhariabazar'),(693,'3581',97,1,NULL,NULL,NULL,NULL,NULL,NULL,'Dhalua'),(694,'3583',97,1,NULL,NULL,NULL,NULL,NULL,NULL,'Gunabati'),(695,'3580',97,1,NULL,NULL,NULL,NULL,NULL,NULL,'Langalkot'),(696,'3543',98,1,NULL,NULL,NULL,NULL,NULL,NULL,'Bangra'),(697,'3542',98,1,NULL,NULL,NULL,NULL,NULL,NULL,'Companyganj'),(698,'3540',98,1,NULL,NULL,NULL,NULL,NULL,NULL,'Muradnagar'),(699,'3545',98,1,NULL,NULL,NULL,NULL,NULL,NULL,'Pantibazar'),(700,'3541',98,1,NULL,NULL,NULL,NULL,NULL,NULL,'Ramchandarpur'),(701,'3544',98,1,NULL,NULL,NULL,NULL,NULL,NULL,'Sonakanda'),(702,'4742',99,1,NULL,NULL,NULL,NULL,NULL,NULL,'Badarkali'),(703,'4740',99,1,NULL,NULL,NULL,NULL,NULL,NULL,'Chiringga'),(704,'4741',99,1,NULL,NULL,NULL,NULL,NULL,NULL,'Chiringga S.O'),(705,'4743',99,1,NULL,NULL,NULL,NULL,NULL,NULL,'Malumghat'),(706,'4700',100,1,NULL,NULL,NULL,NULL,NULL,NULL,'Coxs Bazar Sadar'),(707,'4702',100,1,NULL,NULL,NULL,NULL,NULL,NULL,'Eidga'),(708,'4701',100,1,NULL,NULL,NULL,NULL,NULL,NULL,'Zhilanja'),(709,'4710',101,1,NULL,NULL,NULL,NULL,NULL,NULL,'Gorakghat'),(710,'4720',102,1,NULL,NULL,NULL,NULL,NULL,NULL,'Kutubdia'),(711,'4730',103,1,NULL,NULL,NULL,NULL,NULL,NULL,'Ramu'),(712,'4761',104,1,NULL,NULL,NULL,NULL,NULL,NULL,'Hnila'),(713,'4762',104,1,NULL,NULL,NULL,NULL,NULL,NULL,'St.Martin'),(714,'4760',104,1,NULL,NULL,NULL,NULL,NULL,NULL,'Teknaf'),(715,'4750',105,1,NULL,NULL,NULL,NULL,NULL,NULL,'Ukhia'),(716,'3910',152,1,NULL,NULL,NULL,NULL,NULL,NULL,'Chhagalnaia'),(717,'3912',152,1,NULL,NULL,NULL,NULL,NULL,NULL,'Daraga Hat'),(718,'3911',152,1,NULL,NULL,NULL,NULL,NULL,NULL,'Maharajganj'),(719,'3913',152,1,NULL,NULL,NULL,NULL,NULL,NULL,'Puabashimulia'),(720,'3922',153,1,NULL,NULL,NULL,NULL,NULL,NULL,'Chhilonia'),(721,'3920',153,1,NULL,NULL,NULL,NULL,NULL,NULL,'Dagondhuia'),(722,'3921',153,1,NULL,NULL,NULL,NULL,NULL,NULL,'Dudmukha'),(723,'3923',153,1,NULL,NULL,NULL,NULL,NULL,NULL,'Rajapur'),(724,'3901',154,1,NULL,NULL,NULL,NULL,NULL,NULL,'Fazilpur'),(725,'3900',154,1,NULL,NULL,NULL,NULL,NULL,NULL,'Feni Sadar'),(726,'3903',154,1,NULL,NULL,NULL,NULL,NULL,NULL,'Laskarhat'),(727,'3902',154,1,NULL,NULL,NULL,NULL,NULL,NULL,'Sharshadie'),(728,'3942',155,1,NULL,NULL,NULL,NULL,NULL,NULL,'Fulgazi'),(729,'3943',155,1,NULL,NULL,NULL,NULL,NULL,NULL,'Munshirhat'),(730,'3940',155,1,NULL,NULL,NULL,NULL,NULL,NULL,'Pashurampur'),(731,'3941',155,1,NULL,NULL,NULL,NULL,NULL,NULL,'Shuarbazar'),(732,'3932',156,1,NULL,NULL,NULL,NULL,NULL,NULL,'Ahmadpur'),(733,'3933',156,1,NULL,NULL,NULL,NULL,NULL,NULL,'Kazirhat'),(734,'3931',156,1,NULL,NULL,NULL,NULL,NULL,NULL,'Motiganj'),(735,'3930',156,1,NULL,NULL,NULL,NULL,NULL,NULL,'Sonagazi'),(736,'4420',213,1,NULL,NULL,NULL,NULL,NULL,NULL,'Diginala'),(737,'4400',214,1,NULL,NULL,NULL,NULL,NULL,NULL,'Khagrachari Sadar'),(738,'4470',215,1,NULL,NULL,NULL,NULL,NULL,NULL,'Laxmichhari'),(739,'4430',216,1,NULL,NULL,NULL,NULL,NULL,NULL,'Mahalchhari'),(740,'4460',217,1,NULL,NULL,NULL,NULL,NULL,NULL,'Manikchhari'),(741,'4450',218,1,NULL,NULL,NULL,NULL,NULL,NULL,'Matiranga'),(742,'4410',219,1,NULL,NULL,NULL,NULL,NULL,NULL,'Panchhari'),(743,'4440',220,1,NULL,NULL,NULL,NULL,NULL,NULL,'Ramghar Head Office'),(744,'3730',258,1,NULL,NULL,NULL,NULL,NULL,NULL,'Char Alexgander'),(745,'3731',258,1,NULL,NULL,NULL,NULL,NULL,NULL,'Hajirghat'),(746,'3732',258,1,NULL,NULL,NULL,NULL,NULL,NULL,'Ramgatirhat'),(747,'3709',259,1,NULL,NULL,NULL,NULL,NULL,NULL,'Amani Lakshimpur'),(748,'3702',259,1,NULL,NULL,NULL,NULL,NULL,NULL,'Bhabaniganj'),(749,'3708',259,1,NULL,NULL,NULL,NULL,NULL,NULL,'Chandraganj'),(750,'3707',259,1,NULL,NULL,NULL,NULL,NULL,NULL,'Choupalli'),(751,'3701',259,1,NULL,NULL,NULL,NULL,NULL,NULL,'Dalal Bazar'),(752,'3706',259,1,NULL,NULL,NULL,NULL,NULL,NULL,'Duttapara'),(753,'3704',259,1,NULL,NULL,NULL,NULL,NULL,NULL,'Keramatganj'),(754,'3700',259,1,NULL,NULL,NULL,NULL,NULL,NULL,'Lakshimpur Sadar'),(755,'3703',259,1,NULL,NULL,NULL,NULL,NULL,NULL,'Mandari'),(756,'3705',259,1,NULL,NULL,NULL,NULL,NULL,NULL,'Rupchara'),(757,'3721',260,1,NULL,NULL,NULL,NULL,NULL,NULL,'Alipur'),(758,'3725',260,1,NULL,NULL,NULL,NULL,NULL,NULL,'Dolta'),(759,'3723',260,1,NULL,NULL,NULL,NULL,NULL,NULL,'Kanchanpur'),(760,'3724',260,1,NULL,NULL,NULL,NULL,NULL,NULL,'Naagmud'),(761,'3722',260,1,NULL,NULL,NULL,NULL,NULL,NULL,'Panpara'),(762,'3720',260,1,NULL,NULL,NULL,NULL,NULL,NULL,'Ramganj'),(763,'3714',261,1,NULL,NULL,NULL,NULL,NULL,NULL,'Bhuabari'),(764,'3713',261,1,NULL,NULL,NULL,NULL,NULL,NULL,'Haydarganj'),(765,'3713',261,1,NULL,NULL,NULL,NULL,NULL,NULL,'Khaser Hat'),(766,'3712',261,1,NULL,NULL,NULL,NULL,NULL,NULL,'Nagerdighirpar'),(767,'3711',261,1,NULL,NULL,NULL,NULL,NULL,NULL,'Rakhallia'),(768,'3710',261,1,NULL,NULL,NULL,NULL,NULL,NULL,'Raypur'),(769,'3850',360,1,NULL,NULL,NULL,NULL,NULL,NULL,'Basur Hat'),(770,'3851',360,1,NULL,NULL,NULL,NULL,NULL,NULL,'Charhajari'),(771,'3831',361,1,NULL,NULL,NULL,NULL,NULL,NULL,'Alaiarpur'),(772,'3847',361,1,NULL,NULL,NULL,NULL,NULL,NULL,'Amisha Para'),(773,'3822',361,1,NULL,NULL,NULL,NULL,NULL,NULL,'Banglabazar'),(774,'3824',361,1,NULL,NULL,NULL,NULL,NULL,NULL,'Bazra'),(775,'3820',361,1,NULL,NULL,NULL,NULL,NULL,NULL,'Begumganj'),(776,'3837',361,1,NULL,NULL,NULL,NULL,NULL,NULL,'Bhabani Jibanpur'),(777,'3821',361,1,NULL,NULL,NULL,NULL,NULL,NULL,'Choumohani'),(778,'3843',361,1,NULL,NULL,NULL,NULL,NULL,NULL,'Dauti'),(779,'3848',361,1,NULL,NULL,NULL,NULL,NULL,NULL,'Durgapur'),(780,'3828',361,1,NULL,NULL,NULL,NULL,NULL,NULL,'Gopalpur'),(781,'3825',361,1,NULL,NULL,NULL,NULL,NULL,NULL,'Jamidar Hat'),(782,'3844',361,1,NULL,NULL,NULL,NULL,NULL,NULL,'Joyag'),(783,'3829',361,1,NULL,NULL,NULL,NULL,NULL,NULL,'Joynarayanpur'),(784,'3833',361,1,NULL,NULL,NULL,NULL,NULL,NULL,'Khalafat Bazar'),(785,'3842',361,1,NULL,NULL,NULL,NULL,NULL,NULL,'Khalishpur'),(786,'3838',361,1,NULL,NULL,NULL,NULL,NULL,NULL,'Maheshganj'),(787,'3823',361,1,NULL,NULL,NULL,NULL,NULL,NULL,'Mir Owarishpur'),(788,'3839',361,1,NULL,NULL,NULL,NULL,NULL,NULL,'Nadona'),(789,'3841',361,1,NULL,NULL,NULL,NULL,NULL,NULL,'Nandiapara'),(790,'3835',361,1,NULL,NULL,NULL,NULL,NULL,NULL,'Oachhekpur'),(791,'3834',361,1,NULL,NULL,NULL,NULL,NULL,NULL,'Rajganj'),(792,'3827',361,1,NULL,NULL,NULL,NULL,NULL,NULL,'Sonaimuri'),(793,'3832',361,1,NULL,NULL,NULL,NULL,NULL,NULL,'Tangirpar'),(794,'3845',361,1,NULL,NULL,NULL,NULL,NULL,NULL,'Thanar Hat'),(795,'3879',362,1,NULL,NULL,NULL,NULL,NULL,NULL,'Bansa Bazar'),(796,'3873',362,1,NULL,NULL,NULL,NULL,NULL,NULL,'Bodalcourt'),(797,'3870',362,1,NULL,NULL,NULL,NULL,NULL,NULL,'Chatkhil'),(798,'3878',362,1,NULL,NULL,NULL,NULL,NULL,NULL,'Dosh Gharia'),(799,'3877',362,1,NULL,NULL,NULL,NULL,NULL,NULL,'Karihati'),(800,'3872',362,1,NULL,NULL,NULL,NULL,NULL,NULL,'Khilpara'),(801,'3871',362,1,NULL,NULL,NULL,NULL,NULL,NULL,'Palla'),(802,'3874',362,1,NULL,NULL,NULL,NULL,NULL,NULL,'Rezzakpur'),(803,'3881',362,1,NULL,NULL,NULL,NULL,NULL,NULL,'Sahapur'),(804,'3882',362,1,NULL,NULL,NULL,NULL,NULL,NULL,'Sampara'),(805,'3883',362,1,NULL,NULL,NULL,NULL,NULL,NULL,'Shingbahura'),(806,'3875',362,1,NULL,NULL,NULL,NULL,NULL,NULL,'Solla'),(807,'3891',363,1,NULL,NULL,NULL,NULL,NULL,NULL,'Afazia'),(808,'3890',363,1,NULL,NULL,NULL,NULL,NULL,NULL,'Hatiya'),(809,'3892',363,1,NULL,NULL,NULL,NULL,NULL,NULL,'Tamoraddi'),(810,'3811',364,1,NULL,NULL,NULL,NULL,NULL,NULL,'Chaprashir Hat'),(811,'3812',364,1,NULL,NULL,NULL,NULL,NULL,NULL,'Char Jabbar'),(812,'3809',364,1,NULL,NULL,NULL,NULL,NULL,NULL,'Charam Tua'),(813,'3803',364,1,NULL,NULL,NULL,NULL,NULL,NULL,'Din Monir Hat'),(814,'3807',364,1,NULL,NULL,NULL,NULL,NULL,NULL,'Kabirhat'),(815,'3808',364,1,NULL,NULL,NULL,NULL,NULL,NULL,'Khalifar Hat'),(816,'3806',364,1,NULL,NULL,NULL,NULL,NULL,NULL,'Mriddarhat'),(817,'3801',364,1,NULL,NULL,NULL,NULL,NULL,NULL,'Noakhali College'),(818,'3800',364,1,NULL,NULL,NULL,NULL,NULL,NULL,'Noakhali Sadar'),(819,'3804',364,1,NULL,NULL,NULL,NULL,NULL,NULL,'Pak Kishoreganj'),(820,'3802',364,1,NULL,NULL,NULL,NULL,NULL,NULL,'Sonapur'),(821,'3862',365,1,NULL,NULL,NULL,NULL,NULL,NULL,'Beezbag'),(822,'3864',365,1,NULL,NULL,NULL,NULL,NULL,NULL,'Chatarpaia'),(823,'3861',365,1,NULL,NULL,NULL,NULL,NULL,NULL,'Kallyandi'),(824,'3863',365,1,NULL,NULL,NULL,NULL,NULL,NULL,'Kankirhat'),(825,'3860',365,1,NULL,NULL,NULL,NULL,NULL,NULL,'Senbag'),(826,'3865',365,1,NULL,NULL,NULL,NULL,NULL,NULL,'T.P. Lamua'),(827,'4570',406,1,NULL,NULL,NULL,NULL,NULL,NULL,'Barakal'),(828,'4550',407,1,NULL,NULL,NULL,NULL,NULL,NULL,'Bilaichhari'),(829,'4560',408,1,NULL,NULL,NULL,NULL,NULL,NULL,'Jarachhari'),(830,'4511',409,1,NULL,NULL,NULL,NULL,NULL,NULL,'Betbunia'),(831,'4510',409,1,NULL,NULL,NULL,NULL,NULL,NULL,'Kalampati'),(832,'4531',410,1,NULL,NULL,NULL,NULL,NULL,NULL,'Chandraghona'),(833,'4530',410,1,NULL,NULL,NULL,NULL,NULL,NULL,'Kaptai'),(834,'4533',410,1,NULL,NULL,NULL,NULL,NULL,NULL,'Kaptai Nuton Bazar'),(835,'4532',410,1,NULL,NULL,NULL,NULL,NULL,NULL,'Kaptai Project'),(836,'4580',411,1,NULL,NULL,NULL,NULL,NULL,NULL,'Longachh'),(837,'4590',412,1,NULL,NULL,NULL,NULL,NULL,NULL,'Marishya'),(838,'4520',413,1,NULL,NULL,NULL,NULL,NULL,NULL,'Nanichhar'),(839,'4540',414,1,NULL,NULL,NULL,NULL,NULL,NULL,'Rajsthali'),(840,'4500',415,1,NULL,NULL,NULL,NULL,NULL,NULL,'Rangamati Sadar'),(841,'5270',130,1,NULL,NULL,NULL,NULL,NULL,NULL,'Bangla Hili'),(842,'5210',131,1,NULL,NULL,NULL,NULL,NULL,NULL,'Biral'),(843,'5266',132,1,NULL,NULL,NULL,NULL,NULL,NULL,'Birampur'),(844,'5220',133,1,NULL,NULL,NULL,NULL,NULL,NULL,'Birganj'),(845,'5240',134,1,NULL,NULL,NULL,NULL,NULL,NULL,'Chirirbandar'),(846,'5241',134,1,NULL,NULL,NULL,NULL,NULL,NULL,'Ranirbandar'),(847,'5201',135,1,NULL,NULL,NULL,NULL,NULL,NULL,'Dinajpur Rajbari'),(848,'5200',135,1,NULL,NULL,NULL,NULL,NULL,NULL,'Dinajpur Sadar'),(849,'5230',137,1,NULL,NULL,NULL,NULL,NULL,NULL,'Khansama'),(850,'5231',137,1,NULL,NULL,NULL,NULL,NULL,NULL,'Pakarhat'),(851,'5226',138,1,NULL,NULL,NULL,NULL,NULL,NULL,'Maharajganj'),(852,'5281',139,1,NULL,NULL,NULL,NULL,NULL,NULL,'Daudpur'),(853,'5282',139,1,NULL,NULL,NULL,NULL,NULL,NULL,'Gopalpur'),(854,'5280',139,1,NULL,NULL,NULL,NULL,NULL,NULL,'Nawabganj'),(855,'5291',136,1,NULL,NULL,NULL,NULL,NULL,NULL,'Ghoraghat'),(856,'5290',136,1,NULL,NULL,NULL,NULL,NULL,NULL,'Osmanpur'),(857,'5250',140,1,NULL,NULL,NULL,NULL,NULL,NULL,'Parbatipur'),(858,'5260',141,1,NULL,NULL,NULL,NULL,NULL,NULL,'Phulbari'),(859,'5216',142,1,NULL,NULL,NULL,NULL,NULL,NULL,'Setabganj'),(860,'5750',157,1,NULL,NULL,NULL,NULL,NULL,NULL,'Bonarpara'),(861,'5751',157,1,NULL,NULL,NULL,NULL,NULL,NULL,'saghata'),(862,'5700',158,1,NULL,NULL,NULL,NULL,NULL,NULL,'Gaibandha Sadar'),(863,'5740',159,1,NULL,NULL,NULL,NULL,NULL,NULL,'Gobindhaganj'),(864,'5741',159,1,NULL,NULL,NULL,NULL,NULL,NULL,'Mahimaganj'),(865,'5730',160,1,NULL,NULL,NULL,NULL,NULL,NULL,'Palashbari'),(866,'5761',161,1,NULL,NULL,NULL,NULL,NULL,NULL,'Bharatkhali'),(867,'5760',161,1,NULL,NULL,NULL,NULL,NULL,NULL,'Phulchhari'),(868,'5711',162,1,NULL,NULL,NULL,NULL,NULL,NULL,'Naldanga'),(869,'5710',162,1,NULL,NULL,NULL,NULL,NULL,NULL,'Saadullapur'),(870,'5721',163,1,NULL,NULL,NULL,NULL,NULL,NULL,'Bamandanga'),(871,'5720',163,1,NULL,NULL,NULL,NULL,NULL,NULL,'Sundarganj'),(872,'5670',244,1,NULL,NULL,NULL,NULL,NULL,NULL,'Bhurungamari'),(873,'5630',245,1,NULL,NULL,NULL,NULL,NULL,NULL,'Chilmari'),(874,'5631',245,1,NULL,NULL,NULL,NULL,NULL,NULL,'Jorgachh'),(875,'5600',246,1,NULL,NULL,NULL,NULL,NULL,NULL,'Kurigram Sadar'),(876,'5601',246,1,NULL,NULL,NULL,NULL,NULL,NULL,'Pandul'),(877,'5680',246,1,NULL,NULL,NULL,NULL,NULL,NULL,'Phulbari'),(878,'5660',247,1,NULL,NULL,NULL,NULL,NULL,NULL,'Nageshwar'),(879,'5611',248,1,NULL,NULL,NULL,NULL,NULL,NULL,'Nazimkhan'),(880,'5610',248,1,NULL,NULL,NULL,NULL,NULL,NULL,'Rajarhat'),(881,'5650',249,1,NULL,NULL,NULL,NULL,NULL,NULL,'Rajibpur'),(882,'5640',250,1,NULL,NULL,NULL,NULL,NULL,NULL,'Roumari'),(883,'5621',251,1,NULL,NULL,NULL,NULL,NULL,NULL,'Bozra hat'),(884,'5620',251,1,NULL,NULL,NULL,NULL,NULL,NULL,'Ulipur'),(885,'5510',262,1,NULL,NULL,NULL,NULL,NULL,NULL,'Aditmari'),(886,'5530',263,1,NULL,NULL,NULL,NULL,NULL,NULL,'Hatibandha'),(887,'5502',264,1,NULL,NULL,NULL,NULL,NULL,NULL,'Kulaghat SO'),(888,'5500',264,1,NULL,NULL,NULL,NULL,NULL,NULL,'Lalmonirhat Sadar'),(889,'5501',264,1,NULL,NULL,NULL,NULL,NULL,NULL,'Moghalhat'),(890,'5541',265,1,NULL,NULL,NULL,NULL,NULL,NULL,'Baura'),(891,'5542',265,1,NULL,NULL,NULL,NULL,NULL,NULL,'Burimari'),(892,'5540',265,1,NULL,NULL,NULL,NULL,NULL,NULL,'Patgram'),(893,'5520',266,1,NULL,NULL,NULL,NULL,NULL,NULL,'Tushbhandar'),(894,'5350',354,1,NULL,NULL,NULL,NULL,NULL,NULL,'Dimla'),(895,'5351',354,1,NULL,NULL,NULL,NULL,NULL,NULL,'Ghaga Kharibari'),(896,'5341',355,1,NULL,NULL,NULL,NULL,NULL,NULL,'Chilahati'),(897,'5340',355,1,NULL,NULL,NULL,NULL,NULL,NULL,'Domar'),(898,'5330',356,1,NULL,NULL,NULL,NULL,NULL,NULL,'Jaldhaka'),(899,'5320',357,1,NULL,NULL,NULL,NULL,NULL,NULL,'Kishoriganj'),(900,'5300',358,1,NULL,NULL,NULL,NULL,NULL,NULL,'Nilphamari Sadar'),(901,'5301',358,1,NULL,NULL,NULL,NULL,NULL,NULL,'Nilphamari Sugar Mil'),(902,'5310',359,1,NULL,NULL,NULL,NULL,NULL,NULL,'Saidpur'),(903,'5311',359,1,NULL,NULL,NULL,NULL,NULL,NULL,'Saidpur Upashahar'),(904,'5010',375,1,NULL,NULL,NULL,NULL,NULL,NULL,'Boda'),(905,'5040',376,1,NULL,NULL,NULL,NULL,NULL,NULL,'Chotto Dab'),(906,'5041',376,1,NULL,NULL,NULL,NULL,NULL,NULL,'Mirjapur'),(907,'5020',377,1,NULL,NULL,NULL,NULL,NULL,NULL,'Dabiganj'),(908,'5000',378,1,NULL,NULL,NULL,NULL,NULL,NULL,'Panchagar Sadar'),(909,'5030',379,1,NULL,NULL,NULL,NULL,NULL,NULL,'Tetulia'),(910,'5420',423,1,NULL,NULL,NULL,NULL,NULL,NULL,'Taraganj'),(911,'5431',416,1,NULL,NULL,NULL,NULL,NULL,NULL,'Shyampur'),(912,'5410',417,1,NULL,NULL,NULL,NULL,NULL,NULL,'Gangachara'),(913,'5441',418,1,NULL,NULL,NULL,NULL,NULL,NULL,'Haragachh'),(914,'5440',418,1,NULL,NULL,NULL,NULL,NULL,NULL,'Kaunia'),(915,'5460',419,1,NULL,NULL,NULL,NULL,NULL,NULL,'Mithapukur'),(916,'5450',420,1,NULL,NULL,NULL,NULL,NULL,NULL,'Pirgachha'),(917,'5402',422,1,NULL,NULL,NULL,NULL,NULL,NULL,'Alamnagar'),(918,'5403',422,1,NULL,NULL,NULL,NULL,NULL,NULL,'Mahiganj'),(919,'5404',422,1,NULL,NULL,NULL,NULL,NULL,NULL,'Rangpur Cadet Colleg'),(920,'5405',422,1,NULL,NULL,NULL,NULL,NULL,NULL,'Rangpur Carmiecal Col'),(921,'5400',422,1,NULL,NULL,NULL,NULL,NULL,NULL,'Rangpur Sadar'),(922,'5401',422,1,NULL,NULL,NULL,NULL,NULL,NULL,'Rangpur Upa-Shahar'),(923,'5430',416,1,NULL,NULL,NULL,NULL,NULL,NULL,'Badarganj'),(924,'5140',484,1,NULL,NULL,NULL,NULL,NULL,NULL,'Baliadangi'),(925,'5141',484,1,NULL,NULL,NULL,NULL,NULL,NULL,'Lahiri'),(926,'5130',485,1,NULL,NULL,NULL,NULL,NULL,NULL,'Jibanpur'),(927,'5110',486,1,NULL,NULL,NULL,NULL,NULL,NULL,'Pirganj'),(928,'5470',421,1,NULL,NULL,NULL,NULL,NULL,NULL,'Pirganj'),(929,'5121',487,1,NULL,NULL,NULL,NULL,NULL,NULL,'Nekmarad'),(930,'5120',487,1,NULL,NULL,NULL,NULL,NULL,NULL,'Rani Sankail'),(931,'5103',488,1,NULL,NULL,NULL,NULL,NULL,NULL,'Ruhia'),(932,'5102',488,1,NULL,NULL,NULL,NULL,NULL,NULL,'Shibganj'),(933,'5101',488,1,NULL,NULL,NULL,NULL,NULL,NULL,'Thakurgaon Road'),(934,'5100',488,1,NULL,NULL,NULL,NULL,NULL,NULL,'Thakurgaon Sadar'),(935,'5890',37,1,NULL,NULL,NULL,NULL,NULL,NULL,'Adamdighi'),(936,'5892',37,1,NULL,NULL,NULL,NULL,NULL,NULL,'Nasharatpur'),(937,'5891',37,1,NULL,NULL,NULL,NULL,NULL,NULL,'Santahar'),(938,'5801',38,1,NULL,NULL,NULL,NULL,NULL,NULL,'Bogura Canttonment'),(939,'5800',38,1,NULL,NULL,NULL,NULL,NULL,NULL,'Bogura Sadar'),(940,'5850',39,1,NULL,NULL,NULL,NULL,NULL,NULL,'Dhunat'),(941,'5851',39,1,NULL,NULL,NULL,NULL,NULL,NULL,'Gosaibari'),(942,'5880',41,1,NULL,NULL,NULL,NULL,NULL,NULL,'Dupchanchia'),(943,'5881',40,1,NULL,NULL,NULL,NULL,NULL,NULL,'Talora'),(944,'5820',42,1,NULL,NULL,NULL,NULL,NULL,NULL,'Gabtoli'),(945,'5821',42,1,NULL,NULL,NULL,NULL,NULL,NULL,'Sukhanpukur'),(946,'5870',43,1,NULL,NULL,NULL,NULL,NULL,NULL,'Kahalu'),(947,'5860',44,1,NULL,NULL,NULL,NULL,NULL,NULL,'Nandigram'),(948,'5831',45,1,NULL,NULL,NULL,NULL,NULL,NULL,'Chandan Baisha'),(949,'5830',45,1,NULL,NULL,NULL,NULL,NULL,NULL,'Sariakandi'),(950,'5841',46,1,NULL,NULL,NULL,NULL,NULL,NULL,'Chandaikona'),(951,'5842',46,1,NULL,NULL,NULL,NULL,NULL,NULL,'Palli Unnyan Accadem'),(952,'5840',46,1,NULL,NULL,NULL,NULL,NULL,NULL,'Sherpur'),(953,'5810',47,1,NULL,NULL,NULL,NULL,NULL,NULL,'Shibganj'),(954,'5826',48,1,NULL,NULL,NULL,NULL,NULL,NULL,'Sonatola'),(955,'6330',63,1,NULL,NULL,NULL,NULL,NULL,NULL,'Bholahat'),(956,'6303',64,1,NULL,NULL,NULL,NULL,NULL,NULL,'Amnura'),(957,'6300',64,1,NULL,NULL,NULL,NULL,NULL,NULL,'Chapai Nawabganj Sadar'),(958,'6301',64,1,NULL,NULL,NULL,NULL,NULL,NULL,'Rajarampur'),(959,'6302',64,1,NULL,NULL,NULL,NULL,NULL,NULL,'Ramchandrapur'),(960,'6311',65,1,NULL,NULL,NULL,NULL,NULL,NULL,'Mandumala'),(961,'6310',65,1,NULL,NULL,NULL,NULL,NULL,NULL,'Nachol'),(962,'6321',66,1,NULL,NULL,NULL,NULL,NULL,NULL,'Gomashtapur'),(963,'6320',66,1,NULL,NULL,NULL,NULL,NULL,NULL,'Rohanpur'),(964,'6341',67,1,NULL,NULL,NULL,NULL,NULL,NULL,'Kansart'),(965,'6342',67,1,NULL,NULL,NULL,NULL,NULL,NULL,'Manaksha'),(966,'6340',67,1,NULL,NULL,NULL,NULL,NULL,NULL,'Shibganj U.P.O'),(967,'5940',208,1,NULL,NULL,NULL,NULL,NULL,NULL,'Akklepur'),(968,'5941',208,1,NULL,NULL,NULL,NULL,NULL,NULL,'jamalganj'),(969,'5942',208,1,NULL,NULL,NULL,NULL,NULL,NULL,'Tilakpur'),(970,'5900',209,1,NULL,NULL,NULL,NULL,NULL,NULL,'Joypurhat Sadar'),(971,'5930',210,1,NULL,NULL,NULL,NULL,NULL,NULL,'kalai'),(972,'5920',211,1,NULL,NULL,NULL,NULL,NULL,NULL,'Khetlal'),(973,'5910',212,1,NULL,NULL,NULL,NULL,NULL,NULL,'Panchbibi'),(974,'6596',307,1,NULL,NULL,NULL,NULL,NULL,NULL,'Ahsanganj'),(975,'6597',307,1,NULL,NULL,NULL,NULL,NULL,NULL,'Bandai'),(976,'6570',308,1,NULL,NULL,NULL,NULL,NULL,NULL,'Badalgachhi'),(977,'6580',309,1,NULL,NULL,NULL,NULL,NULL,NULL,'Dhamuirhat'),(978,'6530',310,1,NULL,NULL,NULL,NULL,NULL,NULL,'Mahadebpur'),(979,'6522',311,1,NULL,NULL,NULL,NULL,NULL,NULL,'Naogaon Sadar'),(980,'6520',312,1,NULL,NULL,NULL,NULL,NULL,NULL,'Niamatpur'),(981,'6550',313,1,NULL,NULL,NULL,NULL,NULL,NULL,'Nitpur'),(982,'6552',313,1,NULL,NULL,NULL,NULL,NULL,NULL,'Panguria'),(983,'6551',313,1,NULL,NULL,NULL,NULL,NULL,NULL,'Porsa'),(984,'6540',314,1,NULL,NULL,NULL,NULL,NULL,NULL,'Patnitala'),(985,'6512',315,1,NULL,NULL,NULL,NULL,NULL,NULL,'Balihar'),(986,'6511',315,1,NULL,NULL,NULL,NULL,NULL,NULL,'Manda'),(987,'6510',315,1,NULL,NULL,NULL,NULL,NULL,NULL,'Prasadpur'),(988,'6591',316,1,NULL,NULL,NULL,NULL,NULL,NULL,'Kashimpur'),(989,'6590',316,1,NULL,NULL,NULL,NULL,NULL,NULL,'Raninagar'),(990,'6561',317,1,NULL,NULL,NULL,NULL,NULL,NULL,'Moduhil'),(991,'6560',317,1,NULL,NULL,NULL,NULL,NULL,NULL,'Sapahar'),(992,'6422',335,1,NULL,NULL,NULL,NULL,NULL,NULL,'Abdulpur'),(993,'6420',335,1,NULL,NULL,NULL,NULL,NULL,NULL,'Gopalpur U.P.O'),(994,'6421',335,1,NULL,NULL,NULL,NULL,NULL,NULL,'Lalpur S.O'),(995,'6432',336,1,NULL,NULL,NULL,NULL,NULL,NULL,'Baraigram'),(996,'6431',336,1,NULL,NULL,NULL,NULL,NULL,NULL,'Dayarampur'),(997,'6430',336,1,NULL,NULL,NULL,NULL,NULL,NULL,'Harua'),(998,'6440',337,1,NULL,NULL,NULL,NULL,NULL,NULL,'Hatgurudaspur'),(999,'6410',338,1,NULL,NULL,NULL,NULL,NULL,NULL,'Laxman'),(1000,'6402',339,1,NULL,NULL,NULL,NULL,NULL,NULL,'Baiddyabal Gharia'),(1001,'6401',339,1,NULL,NULL,NULL,NULL,NULL,NULL,'Digapatia'),(1002,'6403',339,1,NULL,NULL,NULL,NULL,NULL,NULL,'Madhnagar'),(1003,'6400',339,1,NULL,NULL,NULL,NULL,NULL,NULL,'Natore Sadar'),(1004,'6450',340,1,NULL,NULL,NULL,NULL,NULL,NULL,'Singra'),(1005,'6650',366,1,NULL,NULL,NULL,NULL,NULL,NULL,'Banwarinagar'),(1006,'6680',367,1,NULL,NULL,NULL,NULL,NULL,NULL,'Bera'),(1007,'6682',367,1,NULL,NULL,NULL,NULL,NULL,NULL,'Kashinathpur'),(1008,'6681',367,1,NULL,NULL,NULL,NULL,NULL,NULL,'Nakalia'),(1009,'6683',367,1,NULL,NULL,NULL,NULL,NULL,NULL,'Puran Bharenga'),(1010,'6640',368,1,NULL,NULL,NULL,NULL,NULL,NULL,'Bhangura'),(1011,'6630',369,1,NULL,NULL,NULL,NULL,NULL,NULL,'Chatmohar'),(1012,'6610',370,1,NULL,NULL,NULL,NULL,NULL,NULL,'Debottar'),(1013,'6621',371,1,NULL,NULL,NULL,NULL,NULL,NULL,'Dhapari'),(1014,'6620',371,1,NULL,NULL,NULL,NULL,NULL,NULL,'Ishwardi'),(1015,'6622',371,1,NULL,NULL,NULL,NULL,NULL,NULL,'Pakshi'),(1016,'6623',371,1,NULL,NULL,NULL,NULL,NULL,NULL,'Rajapur'),(1017,'6602',372,1,NULL,NULL,NULL,NULL,NULL,NULL,'Hamayetpur'),(1018,'6601',372,1,NULL,NULL,NULL,NULL,NULL,NULL,'Kaliko Cotton Mills'),(1019,'6600',372,1,NULL,NULL,NULL,NULL,NULL,NULL,'Pabna Sadar'),(1020,'6670',373,1,NULL,NULL,NULL,NULL,NULL,NULL,'Sathia'),(1021,'6661',374,1,NULL,NULL,NULL,NULL,NULL,NULL,'Sagarkandi'),(1022,'6660',374,1,NULL,NULL,NULL,NULL,NULL,NULL,'Sujanagar'),(1023,'6281',396,1,NULL,NULL,NULL,NULL,NULL,NULL,'Arani'),(1024,'6280',396,1,NULL,NULL,NULL,NULL,NULL,NULL,'Bagha'),(1025,'6250',397,1,NULL,NULL,NULL,NULL,NULL,NULL,'Bhabaniganj'),(1026,'6251',397,1,NULL,NULL,NULL,NULL,NULL,NULL,'Taharpur'),(1027,'6270',398,1,NULL,NULL,NULL,NULL,NULL,NULL,'Charghat'),(1028,'6271',398,1,NULL,NULL,NULL,NULL,NULL,NULL,'Sarda'),(1029,'6240',399,1,NULL,NULL,NULL,NULL,NULL,NULL,'Durgapur'),(1030,'6290',400,1,NULL,NULL,NULL,NULL,NULL,NULL,'Godagari'),(1031,'6291',400,1,NULL,NULL,NULL,NULL,NULL,NULL,'Premtoli'),(1032,'6220',401,1,NULL,NULL,NULL,NULL,NULL,NULL,'Khodmohanpur'),(1033,'6210',402,1,NULL,NULL,NULL,NULL,NULL,NULL,'Lalitganj'),(1034,'6211',402,1,NULL,NULL,NULL,NULL,NULL,NULL,'Rajshahi Sugar Mills'),(1035,'6212',402,1,NULL,NULL,NULL,NULL,NULL,NULL,'Shyampur'),(1036,'6260',403,1,NULL,NULL,NULL,NULL,NULL,NULL,'Putia'),(1037,'6206',404,1,NULL,NULL,NULL,NULL,NULL,NULL,'Binodpur Bazar'),(1038,'6100',404,1,NULL,NULL,NULL,NULL,NULL,NULL,'Ghuramara'),(1039,'6204',404,1,NULL,NULL,NULL,NULL,NULL,NULL,'Kazla'),(1040,'6202',404,1,NULL,NULL,NULL,NULL,NULL,NULL,'Rajshahi Canttonment'),(1041,'6201',404,1,NULL,NULL,NULL,NULL,NULL,NULL,'Rajshahi Court'),(1042,'6000',404,1,NULL,NULL,NULL,NULL,NULL,NULL,'Rajshahi Sadar'),(1043,'6205',404,1,NULL,NULL,NULL,NULL,NULL,NULL,'Rajshahi University'),(1044,'6203',404,1,NULL,NULL,NULL,NULL,NULL,NULL,'Sapura'),(1045,'6230',405,1,NULL,NULL,NULL,NULL,NULL,NULL,'Tanor'),(1046,'6730',443,1,NULL,NULL,NULL,NULL,NULL,NULL,'Baiddya Jam Toil'),(1047,'6740',444,1,NULL,NULL,NULL,NULL,NULL,NULL,'Belkuchi'),(1048,'6751',444,1,NULL,NULL,NULL,NULL,NULL,NULL,'Enayetpur'),(1049,'6742',444,1,NULL,NULL,NULL,NULL,NULL,NULL,'Rajapur'),(1050,'6741',444,1,NULL,NULL,NULL,NULL,NULL,NULL,'Sohagpur'),(1051,'6752',444,1,NULL,NULL,NULL,NULL,NULL,NULL,'Sthal'),(1052,'6720',445,1,NULL,NULL,NULL,NULL,NULL,NULL,'Dhangora'),(1053,'6721',445,1,NULL,NULL,NULL,NULL,NULL,NULL,'Malonga'),(1054,'6712',446,1,NULL,NULL,NULL,NULL,NULL,NULL,'Gandail'),(1055,'6710',446,1,NULL,NULL,NULL,NULL,NULL,NULL,'Kazipur'),(1056,'6711',446,1,NULL,NULL,NULL,NULL,NULL,NULL,'Shuvgachha'),(1057,'6772',447,1,NULL,NULL,NULL,NULL,NULL,NULL,'Jamirta'),(1058,'6773',447,1,NULL,NULL,NULL,NULL,NULL,NULL,'Kaijuri'),(1059,'6771',447,1,NULL,NULL,NULL,NULL,NULL,NULL,'Porjana'),(1060,'6770',447,1,NULL,NULL,NULL,NULL,NULL,NULL,'Shahjadpur'),(1061,'6701',448,1,NULL,NULL,NULL,NULL,NULL,NULL,'Raipur'),(1062,'6702',448,1,NULL,NULL,NULL,NULL,NULL,NULL,'Rashidabad'),(1063,'6700',448,1,NULL,NULL,NULL,NULL,NULL,NULL,'Sirajganj Sadar'),(1064,'6780',449,1,NULL,NULL,NULL,NULL,NULL,NULL,'Tarash'),(1065,'6762',450,1,NULL,NULL,NULL,NULL,NULL,NULL,'Lahiri Mohanpur'),(1066,'6763',450,1,NULL,NULL,NULL,NULL,NULL,NULL,'Salap'),(1067,'6760',450,1,NULL,NULL,NULL,NULL,NULL,NULL,'Ullapara'),(1068,'6761',450,1,NULL,NULL,NULL,NULL,NULL,NULL,'Ullapara R.S'),(1069,'8710',16,1,NULL,NULL,NULL,NULL,NULL,NULL,'Amtali'),(1070,'8730',17,1,NULL,NULL,NULL,NULL,NULL,NULL,'Bamna'),(1071,'8700',18,1,NULL,NULL,NULL,NULL,NULL,NULL,'Barguna Sadar'),(1072,'8701',18,1,NULL,NULL,NULL,NULL,NULL,NULL,'Nali Bandar'),(1073,'8740',19,1,NULL,NULL,NULL,NULL,NULL,NULL,'Betagi'),(1074,'8741',19,1,NULL,NULL,NULL,NULL,NULL,NULL,'Darul Ulam'),(1075,'8721',20,1,NULL,NULL,NULL,NULL,NULL,NULL,'Kakchira'),(1076,'8720',20,1,NULL,NULL,NULL,NULL,NULL,NULL,'Patharghata'),(1077,'8240',21,1,NULL,NULL,NULL,NULL,NULL,NULL,'Agailzhara'),(1078,'8241',21,1,NULL,NULL,NULL,NULL,NULL,NULL,'Gaila'),(1079,'8242',21,1,NULL,NULL,NULL,NULL,NULL,NULL,'Paisarhat'),(1080,'8210',22,1,NULL,NULL,NULL,NULL,NULL,NULL,'Babuganj'),(1081,'8216',22,1,NULL,NULL,NULL,NULL,NULL,NULL,'Barishal Cadet'),(1082,'8212',22,1,NULL,NULL,NULL,NULL,NULL,NULL,'Chandpasha'),(1083,'8213',22,1,NULL,NULL,NULL,NULL,NULL,NULL,'Madhabpasha'),(1084,'8215',22,1,NULL,NULL,NULL,NULL,NULL,NULL,'Nizamuddin College'),(1085,'8211',22,1,NULL,NULL,NULL,NULL,NULL,NULL,'Rahamatpur'),(1086,'8214',22,1,NULL,NULL,NULL,NULL,NULL,NULL,'Thakur Mallik'),(1087,'8260',23,1,NULL,NULL,NULL,NULL,NULL,NULL,'Barajalia'),(1088,'8261',23,1,NULL,NULL,NULL,NULL,NULL,NULL,'Osman Manjil'),(1089,'8200',24,1,NULL,NULL,NULL,NULL,NULL,NULL,'Barishal Sadar'),(1090,'8200',24,1,NULL,NULL,NULL,NULL,NULL,NULL,'Chandramohon'),(1091,'8201',24,1,NULL,NULL,NULL,NULL,NULL,NULL,'Bukhainagar'),(1092,'8206',24,1,NULL,NULL,NULL,NULL,NULL,NULL,'Jaguarhat'),(1093,'8205',24,1,NULL,NULL,NULL,NULL,NULL,NULL,'Kashipur'),(1094,'8204',24,1,NULL,NULL,NULL,NULL,NULL,NULL,'Patang'),(1095,'8202',24,1,NULL,NULL,NULL,NULL,NULL,NULL,'Saheberhat'),(1096,'8203',24,1,NULL,NULL,NULL,NULL,NULL,NULL,'Sugandia'),(1097,'8233',25,1,NULL,NULL,NULL,NULL,NULL,NULL,'Batajor'),(1098,'8230',25,1,NULL,NULL,NULL,NULL,NULL,NULL,'Gouranadi'),(1099,'8232',25,1,NULL,NULL,NULL,NULL,NULL,NULL,'Kashemabad'),(1100,'8231',25,1,NULL,NULL,NULL,NULL,NULL,NULL,'Tarki Bandar'),(1101,'8274',26,1,NULL,NULL,NULL,NULL,NULL,NULL,'Langutia'),(1102,'8271',26,1,NULL,NULL,NULL,NULL,NULL,NULL,'Laskarpur'),(1103,'8270',26,1,NULL,NULL,NULL,NULL,NULL,NULL,'Mahendiganj'),(1104,'8273',26,1,NULL,NULL,NULL,NULL,NULL,NULL,'Nalgora'),(1105,'8272',26,1,NULL,NULL,NULL,NULL,NULL,NULL,'Ulania'),(1106,'8252',27,1,NULL,NULL,NULL,NULL,NULL,NULL,'Charkalekhan'),(1107,'8251',27,1,NULL,NULL,NULL,NULL,NULL,NULL,'Kazirchar'),(1108,'8250',27,1,NULL,NULL,NULL,NULL,NULL,NULL,'Muladi'),(1109,'8281',28,1,NULL,NULL,NULL,NULL,NULL,NULL,'Charamandi'),(1110,'8284',28,1,NULL,NULL,NULL,NULL,NULL,NULL,'kalaskati'),(1111,'8282',28,1,NULL,NULL,NULL,NULL,NULL,NULL,'Padri Shibpur'),(1112,'8280',28,1,NULL,NULL,NULL,NULL,NULL,NULL,'Sahebganj'),(1113,'8283',28,1,NULL,NULL,NULL,NULL,NULL,NULL,'Shialguni'),(1114,'8223',29,1,NULL,NULL,NULL,NULL,NULL,NULL,'Dakuarhat'),(1115,'8221',29,1,NULL,NULL,NULL,NULL,NULL,NULL,'Dhamura'),(1116,'8222',29,1,NULL,NULL,NULL,NULL,NULL,NULL,'Jugirkanda'),(1117,'8224',29,1,NULL,NULL,NULL,NULL,NULL,NULL,'Shikarpur'),(1118,'8220',29,1,NULL,NULL,NULL,NULL,NULL,NULL,'Uzirpur'),(1119,'8300',30,1,NULL,NULL,NULL,NULL,NULL,NULL,'Bhola Sadar'),(1120,'8301',30,1,NULL,NULL,NULL,NULL,NULL,NULL,'Joynagar'),(1121,'8320',31,1,NULL,NULL,NULL,NULL,NULL,NULL,'Borhanuddin UPO'),(1122,'8321',31,1,NULL,NULL,NULL,NULL,NULL,NULL,'Mirzakalu'),(1123,'8340',32,1,NULL,NULL,NULL,NULL,NULL,NULL,'Charfashion'),(1124,'8341',32,1,NULL,NULL,NULL,NULL,NULL,NULL,'Dularhat'),(1125,'8342',32,1,NULL,NULL,NULL,NULL,NULL,NULL,'Keramatganj'),(1126,'8310',33,1,NULL,NULL,NULL,NULL,NULL,NULL,'Doulatkhan'),(1127,'8311',33,1,NULL,NULL,NULL,NULL,NULL,NULL,'Hajipur'),(1128,'8360',34,1,NULL,NULL,NULL,NULL,NULL,NULL,'Hajirhat'),(1129,'8350',35,1,NULL,NULL,NULL,NULL,NULL,NULL,'Hatshoshiganj'),(1130,'8331',36,1,NULL,NULL,NULL,NULL,NULL,NULL,'Daurihat'),(1131,'8332',36,1,NULL,NULL,NULL,NULL,NULL,NULL,'Gazaria'),(1132,'8330',36,1,NULL,NULL,NULL,NULL,NULL,NULL,'Lalmohan UPO'),(1133,'8402',198,1,NULL,NULL,NULL,NULL,NULL,NULL,'Baukathi'),(1134,'8403',198,1,NULL,NULL,NULL,NULL,NULL,NULL,'Gabha'),(1135,'8400',198,1,NULL,NULL,NULL,NULL,NULL,NULL,'Jhalokati Sadar'),(1136,'8401',198,1,NULL,NULL,NULL,NULL,NULL,NULL,'Nabagram'),(1137,'8404',198,1,NULL,NULL,NULL,NULL,NULL,NULL,'Shekherhat'),(1138,'8431',199,1,NULL,NULL,NULL,NULL,NULL,NULL,'Amua'),(1139,'8430',199,1,NULL,NULL,NULL,NULL,NULL,NULL,'Kathalia'),(1140,'8432',199,1,NULL,NULL,NULL,NULL,NULL,NULL,'Niamatee'),(1141,'8433',199,1,NULL,NULL,NULL,NULL,NULL,NULL,'Shoulajalia'),(1142,'8421',200,1,NULL,NULL,NULL,NULL,NULL,NULL,'Beerkathi'),(1143,'8420',200,1,NULL,NULL,NULL,NULL,NULL,NULL,'Nalchhiti'),(1144,'8410',201,1,NULL,NULL,NULL,NULL,NULL,NULL,'Rajapur'),(1145,'8621',380,1,NULL,NULL,NULL,NULL,NULL,NULL,'Bagabandar'),(1146,'8620',380,1,NULL,NULL,NULL,NULL,NULL,NULL,'Bauphal'),(1147,'8622',380,1,NULL,NULL,NULL,NULL,NULL,NULL,'Birpasha'),(1148,'8624',380,1,NULL,NULL,NULL,NULL,NULL,NULL,'Kalaia'),(1149,'8623',380,1,NULL,NULL,NULL,NULL,NULL,NULL,'Kalishari'),(1150,'8630',381,1,NULL,NULL,NULL,NULL,NULL,NULL,'Dashmina'),(1151,'8640',382,1,NULL,NULL,NULL,NULL,NULL,NULL,'Galachipa'),(1152,'8641',382,1,NULL,NULL,NULL,NULL,NULL,NULL,'Gazipur Bandar'),(1153,'8650',383,1,NULL,NULL,NULL,NULL,NULL,NULL,'Khepupara'),(1154,'8651',383,1,NULL,NULL,NULL,NULL,NULL,NULL,'Mahipur'),(1155,'8602',384,1,NULL,NULL,NULL,NULL,NULL,NULL,'Dumkee'),(1156,'8601',384,1,NULL,NULL,NULL,NULL,NULL,NULL,'Moukaran'),(1157,'8600',384,1,NULL,NULL,NULL,NULL,NULL,NULL,'Patuakhali Sadar'),(1158,'8603',384,1,NULL,NULL,NULL,NULL,NULL,NULL,'Rahimabad'),(1159,'8610',385,1,NULL,NULL,NULL,NULL,NULL,NULL,'Subidkhali'),(1160,'8530',386,1,NULL,NULL,NULL,NULL,NULL,NULL,'Banaripara'),(1161,'8531',386,1,NULL,NULL,NULL,NULL,NULL,NULL,'Chakhar'),(1162,'8550',387,1,NULL,NULL,NULL,NULL,NULL,NULL,'Bhandaria'),(1163,'8552',387,1,NULL,NULL,NULL,NULL,NULL,NULL,'Dhaoa'),(1164,'8551',387,1,NULL,NULL,NULL,NULL,NULL,NULL,'Kanudashkathi'),(1165,'8513',388,1,NULL,NULL,NULL,NULL,NULL,NULL,'Jolagati'),(1166,'8512',388,1,NULL,NULL,NULL,NULL,NULL,NULL,'Joykul'),(1167,'8510',388,1,NULL,NULL,NULL,NULL,NULL,NULL,'Kaukhali'),(1168,'8511',388,1,NULL,NULL,NULL,NULL,NULL,NULL,'Keundia'),(1169,'8565',389,1,NULL,NULL,NULL,NULL,NULL,NULL,'Betmor Natun Hat'),(1170,'8563',389,1,NULL,NULL,NULL,NULL,NULL,NULL,'Gulishakhali'),(1171,'8562',389,1,NULL,NULL,NULL,NULL,NULL,NULL,'Halta'),(1172,'8560',389,1,NULL,NULL,NULL,NULL,NULL,NULL,'Mathbaria'),(1173,'8566',389,1,NULL,NULL,NULL,NULL,NULL,NULL,'Shilarganj'),(1174,'8564',389,1,NULL,NULL,NULL,NULL,NULL,NULL,'Tiarkhali'),(1175,'8561',389,1,NULL,NULL,NULL,NULL,NULL,NULL,'Tushkhali'),(1176,'8540',390,1,NULL,NULL,NULL,NULL,NULL,NULL,'Nazirpur'),(1177,'8541',390,1,NULL,NULL,NULL,NULL,NULL,NULL,'Sriramkathi'),(1178,'8501',391,1,NULL,NULL,NULL,NULL,NULL,NULL,'Hularhat'),(1179,'8502',391,1,NULL,NULL,NULL,NULL,NULL,NULL,'Parerhat'),(1180,'8500',391,1,NULL,NULL,NULL,NULL,NULL,NULL,'Pirojpur Sadar'),(1181,'8521',392,1,NULL,NULL,NULL,NULL,NULL,NULL,'Darus Sunnat'),(1182,'8523',392,1,NULL,NULL,NULL,NULL,NULL,NULL,'Jalabari'),(1183,'8522',392,1,NULL,NULL,NULL,NULL,NULL,NULL,'Kaurikhara'),(1184,'8520',392,1,NULL,NULL,NULL,NULL,NULL,NULL,'Swarupkathi'),(1185,'9300',1,1,NULL,NULL,NULL,NULL,NULL,NULL,'Bagerhat Sadar'),(1186,'9301',1,1,NULL,NULL,NULL,NULL,NULL,NULL,'P.C College'),(1187,'9302',1,1,NULL,NULL,NULL,NULL,NULL,NULL,'Rangdia'),(1188,'9350',2,1,NULL,NULL,NULL,NULL,NULL,NULL,'Chalna Ankorage'),(1189,'9351',2,1,NULL,NULL,NULL,NULL,NULL,NULL,'Mongla Port'),(1190,'9361',3,1,NULL,NULL,NULL,NULL,NULL,NULL,'Barabaria'),(1191,'9360',3,1,NULL,NULL,NULL,NULL,NULL,NULL,'Chitalmari'),(1192,'9372',4,1,NULL,NULL,NULL,NULL,NULL,NULL,'Bhanganpar Bazar'),(1193,'9370',4,1,NULL,NULL,NULL,NULL,NULL,NULL,'Fakirhat'),(1194,'9371',4,1,NULL,NULL,NULL,NULL,NULL,NULL,'Mansa'),(1195,'9310',5,1,NULL,NULL,NULL,NULL,NULL,NULL,'Kachua'),(1196,'9311',5,1,NULL,NULL,NULL,NULL,NULL,NULL,'Sonarkola'),(1197,'9383',6,1,NULL,NULL,NULL,NULL,NULL,NULL,'Charkulia'),(1198,'9382',6,1,NULL,NULL,NULL,NULL,NULL,NULL,'Dariala'),(1199,'9381',6,1,NULL,NULL,NULL,NULL,NULL,NULL,'Kahalpur'),(1200,'9380',6,1,NULL,NULL,NULL,NULL,NULL,NULL,'Mollahat'),(1201,'9384',6,1,NULL,NULL,NULL,NULL,NULL,NULL,'Nagarkandi'),(1202,'9385',6,1,NULL,NULL,NULL,NULL,NULL,NULL,'Pak Gangni'),(1203,'9320',7,1,NULL,NULL,NULL,NULL,NULL,NULL,'Morelganj'),(1204,'9321',7,1,NULL,NULL,NULL,NULL,NULL,NULL,'Sannasi Bazar'),(1205,'9322',7,1,NULL,NULL,NULL,NULL,NULL,NULL,'Telisatee'),(1206,'9341',8,1,NULL,NULL,NULL,NULL,NULL,NULL,'Foylahat'),(1207,'9343',8,1,NULL,NULL,NULL,NULL,NULL,NULL,'Gourambha'),(1208,'9340',8,1,NULL,NULL,NULL,NULL,NULL,NULL,'Rampal'),(1209,'9342',8,1,NULL,NULL,NULL,NULL,NULL,NULL,'Sonatunia'),(1210,'9330',9,1,NULL,NULL,NULL,NULL,NULL,NULL,'Rayenda'),(1211,'7210',83,1,NULL,NULL,NULL,NULL,NULL,NULL,'Alamdanga'),(1212,'7211',83,1,NULL,NULL,NULL,NULL,NULL,NULL,'Hardi'),(1213,'7200',84,1,NULL,NULL,NULL,NULL,NULL,NULL,'Chuadanga Sadar'),(1214,'7201',84,1,NULL,NULL,NULL,NULL,NULL,NULL,'Munshiganj'),(1215,'7222',85,1,NULL,NULL,NULL,NULL,NULL,NULL,'Andulbaria'),(1216,'7220',85,1,NULL,NULL,NULL,NULL,NULL,NULL,'Damurhuda'),(1217,'7221',85,1,NULL,NULL,NULL,NULL,NULL,NULL,'Darshana'),(1218,'7230',86,1,NULL,NULL,NULL,NULL,NULL,NULL,'Doulatganj'),(1219,'7470',190,1,NULL,NULL,NULL,NULL,NULL,NULL,'Bagharpara'),(1220,'7471',190,1,NULL,NULL,NULL,NULL,NULL,NULL,'Gouranagar'),(1221,'7410',191,1,NULL,NULL,NULL,NULL,NULL,NULL,'Chougachha'),(1222,'7406',192,1,NULL,NULL,NULL,NULL,NULL,NULL,'Basundia'),(1223,'7402',192,1,NULL,NULL,NULL,NULL,NULL,NULL,'Chanchra'),(1224,'7407',192,1,NULL,NULL,NULL,NULL,NULL,NULL,'Churamankathi'),(1225,'7404',192,1,NULL,NULL,NULL,NULL,NULL,NULL,'Jashore Airbach'),(1226,'7403',192,1,NULL,NULL,NULL,NULL,NULL,NULL,'Jashore canttonment'),(1227,'7400',192,1,NULL,NULL,NULL,NULL,NULL,NULL,'Jashore Sadar'),(1228,'7401',192,1,NULL,NULL,NULL,NULL,NULL,NULL,'Jashore Upa-Shahar'),(1229,'7405',192,1,NULL,NULL,NULL,NULL,NULL,NULL,'Rupdia'),(1230,'7420',193,1,NULL,NULL,NULL,NULL,NULL,NULL,'Jhikargachha'),(1231,'7450',194,1,NULL,NULL,NULL,NULL,NULL,NULL,'Keshobpur'),(1232,'7440',195,1,NULL,NULL,NULL,NULL,NULL,NULL,'Monirampur'),(1233,'7462',196,1,NULL,NULL,NULL,NULL,NULL,NULL,'Bhugilhat'),(1234,'7460',196,1,NULL,NULL,NULL,NULL,NULL,NULL,'Noapara'),(1235,'7461',196,1,NULL,NULL,NULL,NULL,NULL,NULL,'Rajghat'),(1236,'7433',197,1,NULL,NULL,NULL,NULL,NULL,NULL,'Bag Achra'),(1237,'7431',197,1,NULL,NULL,NULL,NULL,NULL,NULL,'Benapole'),(1238,'7432',197,1,NULL,NULL,NULL,NULL,NULL,NULL,'Jadabpur'),(1239,'7430',197,1,NULL,NULL,NULL,NULL,NULL,NULL,'Sarsa'),(1240,'7310',202,1,NULL,NULL,NULL,NULL,NULL,NULL,'Harinakundu'),(1241,'7301',203,1,NULL,NULL,NULL,NULL,NULL,NULL,'Jhenaidah Cadet College'),(1242,'7300',203,1,NULL,NULL,NULL,NULL,NULL,NULL,'Jhenaidah Sadar'),(1243,'7330',204,1,NULL,NULL,NULL,NULL,NULL,NULL,'Kotchandpur'),(1244,'7340',205,1,NULL,NULL,NULL,NULL,NULL,NULL,'Maheshpur'),(1245,'7351',206,1,NULL,NULL,NULL,NULL,NULL,NULL,'Hatbar Bazar'),(1246,'7350',206,1,NULL,NULL,NULL,NULL,NULL,NULL,'Naldanga'),(1247,'7321',207,1,NULL,NULL,NULL,NULL,NULL,NULL,'Kumiradaha'),(1248,'7320',207,1,NULL,NULL,NULL,NULL,NULL,NULL,'Shailakupa'),(1249,'9240',221,1,NULL,NULL,NULL,NULL,NULL,NULL,'Alaipur'),(1250,'9242',221,1,NULL,NULL,NULL,NULL,NULL,NULL,'Belphulia'),(1251,'9241',221,1,NULL,NULL,NULL,NULL,NULL,NULL,'Rupsha'),(1252,'9260',222,1,NULL,NULL,NULL,NULL,NULL,NULL,'Batiaghat'),(1253,'9261',222,1,NULL,NULL,NULL,NULL,NULL,NULL,'Surkalee'),(1254,'9272',223,1,NULL,NULL,NULL,NULL,NULL,NULL,'Bajua'),(1255,'9270',223,1,NULL,NULL,NULL,NULL,NULL,NULL,'Chalna Bazar'),(1256,'9271',223,1,NULL,NULL,NULL,NULL,NULL,NULL,'Dakup'),(1257,'9273',223,1,NULL,NULL,NULL,NULL,NULL,NULL,'Nalian'),(1258,'9221',224,1,NULL,NULL,NULL,NULL,NULL,NULL,'Chandni Mahal'),(1259,'9220',224,1,NULL,NULL,NULL,NULL,NULL,NULL,'Digalia'),(1260,'9224',224,1,NULL,NULL,NULL,NULL,NULL,NULL,'Gazirhat'),(1261,'9223',224,1,NULL,NULL,NULL,NULL,NULL,NULL,'Ghoshghati'),(1262,'9222',224,1,NULL,NULL,NULL,NULL,NULL,NULL,'Senhati'),(1263,'9207',225,1,NULL,NULL,NULL,NULL,NULL,NULL,'Atra Shilpa Area'),(1264,'9203',225,1,NULL,NULL,NULL,NULL,NULL,NULL,'BIT Khulna'),(1265,'9202',225,1,NULL,NULL,NULL,NULL,NULL,NULL,'Doulatpur'),(1266,'9205',225,1,NULL,NULL,NULL,NULL,NULL,NULL,'Jahanabad Canttonmen'),(1267,'9100',225,1,NULL,NULL,NULL,NULL,NULL,NULL,'Khula Sadar'),(1268,'9000',225,1,NULL,NULL,NULL,NULL,NULL,NULL,'Khulna G.P.O'),(1269,'9201',225,1,NULL,NULL,NULL,NULL,NULL,NULL,'Khulna Shipyard'),(1270,'9208',225,1,NULL,NULL,NULL,NULL,NULL,NULL,'Khulna University'),(1271,'9204',225,1,NULL,NULL,NULL,NULL,NULL,NULL,'Siramani'),(1272,'9206',225,1,NULL,NULL,NULL,NULL,NULL,NULL,'Sonali Jute Mills'),(1273,'9291',226,1,NULL,NULL,NULL,NULL,NULL,NULL,'Amadee'),(1274,'9290',226,1,NULL,NULL,NULL,NULL,NULL,NULL,'Madinabad'),(1275,'9284',227,1,NULL,NULL,NULL,NULL,NULL,NULL,'Chandkhali'),(1276,'9285',227,1,NULL,NULL,NULL,NULL,NULL,NULL,'Garaikhali'),(1277,'9281',227,1,NULL,NULL,NULL,NULL,NULL,NULL,'Godaipur'),(1278,'9282',227,1,NULL,NULL,NULL,NULL,NULL,NULL,'Kapilmoni'),(1279,'9283',227,1,NULL,NULL,NULL,NULL,NULL,NULL,'Katipara'),(1280,'9280',227,1,NULL,NULL,NULL,NULL,NULL,NULL,'Paikgachha'),(1281,'9210',228,1,NULL,NULL,NULL,NULL,NULL,NULL,'Phultala'),(1282,'9252',229,1,NULL,NULL,NULL,NULL,NULL,NULL,'Chuknagar'),(1283,'9251',229,1,NULL,NULL,NULL,NULL,NULL,NULL,'Ghonabanda'),(1284,'9250',229,1,NULL,NULL,NULL,NULL,NULL,NULL,'Sajiara'),(1285,'9253',229,1,NULL,NULL,NULL,NULL,NULL,NULL,'Shahapur'),(1286,'9231',230,1,NULL,NULL,NULL,NULL,NULL,NULL,'Pak Barasat'),(1287,'9230',230,1,NULL,NULL,NULL,NULL,NULL,NULL,'Terakhada'),(1288,'7042',252,1,NULL,NULL,NULL,NULL,NULL,NULL,'Allardarga'),(1289,'7040',252,1,NULL,NULL,NULL,NULL,NULL,NULL,'Bheramara'),(1290,'7041',252,1,NULL,NULL,NULL,NULL,NULL,NULL,'Ganges Bheramara'),(1291,'7020',253,1,NULL,NULL,NULL,NULL,NULL,NULL,'Janipur'),(1292,'7021',253,1,NULL,NULL,NULL,NULL,NULL,NULL,'Khoksa'),(1293,'7010',254,1,NULL,NULL,NULL,NULL,NULL,NULL,'Kumarkhali'),(1294,'7011',254,1,NULL,NULL,NULL,NULL,NULL,NULL,'Panti'),(1295,'7003',255,1,NULL,NULL,NULL,NULL,NULL,NULL,'Islami University'),(1296,'7002',255,1,NULL,NULL,NULL,NULL,NULL,NULL,'Jagati'),(1297,'7001',255,1,NULL,NULL,NULL,NULL,NULL,NULL,'Kushtia Mohini'),(1298,'7000',255,1,NULL,NULL,NULL,NULL,NULL,NULL,'Kushtia Sadar'),(1299,'7032',256,1,NULL,NULL,NULL,NULL,NULL,NULL,'Amla Sadarpur'),(1300,'7030',256,1,NULL,NULL,NULL,NULL,NULL,NULL,'Mirpur'),(1301,'7031',256,1,NULL,NULL,NULL,NULL,NULL,NULL,'Poradaha'),(1302,'7052',257,1,NULL,NULL,NULL,NULL,NULL,NULL,'Khasmathurapur'),(1303,'7050',257,1,NULL,NULL,NULL,NULL,NULL,NULL,'Rafayetpur'),(1304,'7051',257,1,NULL,NULL,NULL,NULL,NULL,NULL,'Taragunia'),(1305,'7620',271,1,NULL,NULL,NULL,NULL,NULL,NULL,'Arpara'),(1306,'7600',272,1,NULL,NULL,NULL,NULL,NULL,NULL,'Magura Sadar'),(1307,'7631',273,1,NULL,NULL,NULL,NULL,NULL,NULL,'Binodpur'),(1308,'7630',273,1,NULL,NULL,NULL,NULL,NULL,NULL,'Mohammadpur'),(1309,'7632',273,1,NULL,NULL,NULL,NULL,NULL,NULL,'Nahata'),(1310,'7611',274,1,NULL,NULL,NULL,NULL,NULL,NULL,'Langalbadh'),(1311,'7612',274,1,NULL,NULL,NULL,NULL,NULL,NULL,'Nachol'),(1312,'7610',274,1,NULL,NULL,NULL,NULL,NULL,NULL,'Shripur'),(1313,'7110',282,1,NULL,NULL,NULL,NULL,NULL,NULL,'Gangni'),(1314,'7101',283,1,NULL,NULL,NULL,NULL,NULL,NULL,'Amjhupi'),(1315,'7152',283,1,NULL,NULL,NULL,NULL,NULL,NULL,'Amjhupi'),(1316,'7100',283,1,NULL,NULL,NULL,NULL,NULL,NULL,'Meherpur Sadar'),(1317,'7102',283,1,NULL,NULL,NULL,NULL,NULL,NULL,'Mujib Nagar Complex'),(1318,'7520',318,1,NULL,NULL,NULL,NULL,NULL,NULL,'Kalia'),(1319,'7514',319,1,NULL,NULL,NULL,NULL,NULL,NULL,'Baradia'),(1320,'7512',319,1,NULL,NULL,NULL,NULL,NULL,NULL,'Itna'),(1321,'7510',319,1,NULL,NULL,NULL,NULL,NULL,NULL,'Laxmipasha'),(1322,'7511',319,1,NULL,NULL,NULL,NULL,NULL,NULL,'Lohagora'),(1323,'7513',319,1,NULL,NULL,NULL,NULL,NULL,NULL,'Naldi'),(1324,'7521',320,1,NULL,NULL,NULL,NULL,NULL,NULL,'Mohajan'),(1325,'7500',321,1,NULL,NULL,NULL,NULL,NULL,NULL,'Narail Sadar'),(1326,'7501',321,1,NULL,NULL,NULL,NULL,NULL,NULL,'Ratanganj'),(1327,'9460',424,1,NULL,NULL,NULL,NULL,NULL,NULL,'Ashashuni'),(1328,'9461',424,1,NULL,NULL,NULL,NULL,NULL,NULL,'Baradal'),(1329,'9430',425,1,NULL,NULL,NULL,NULL,NULL,NULL,'Debbhata'),(1330,'9431',425,1,NULL,NULL,NULL,NULL,NULL,NULL,'Gurugram'),(1331,'9415',426,1,NULL,NULL,NULL,NULL,NULL,NULL,'Chandanpur'),(1332,'9413',426,1,NULL,NULL,NULL,NULL,NULL,NULL,'Hamidpur'),(1333,'9412',426,1,NULL,NULL,NULL,NULL,NULL,NULL,'Jhaudanga'),(1334,'9410',426,1,NULL,NULL,NULL,NULL,NULL,NULL,'kalaroa'),(1335,'9414',426,1,NULL,NULL,NULL,NULL,NULL,NULL,'Khordo'),(1336,'9411',426,1,NULL,NULL,NULL,NULL,NULL,NULL,'Murarikati'),(1337,'9440',427,1,NULL,NULL,NULL,NULL,NULL,NULL,'Kaliganj UPO'),(1338,'9441',427,1,NULL,NULL,NULL,NULL,NULL,NULL,'Nalta Mubaroknagar'),(1339,'9442',427,1,NULL,NULL,NULL,NULL,NULL,NULL,'Ratanpur'),(1340,'9453',428,1,NULL,NULL,NULL,NULL,NULL,NULL,'Buri Goalini'),(1341,'9454',428,1,NULL,NULL,NULL,NULL,NULL,NULL,'Gabura'),(1342,'9455',428,1,NULL,NULL,NULL,NULL,NULL,NULL,'Habinagar'),(1343,'9450',428,1,NULL,NULL,NULL,NULL,NULL,NULL,'Nakipur'),(1344,'9452',428,1,NULL,NULL,NULL,NULL,NULL,NULL,'Naobeki'),(1345,'9451',428,1,NULL,NULL,NULL,NULL,NULL,NULL,'Noornagar'),(1346,'9403',429,1,NULL,NULL,NULL,NULL,NULL,NULL,'Budhhat'),(1347,'9402',429,1,NULL,NULL,NULL,NULL,NULL,NULL,'Gunakar kati'),(1348,'9401',429,1,NULL,NULL,NULL,NULL,NULL,NULL,'Satkhira Islamia Acc'),(1349,'9400',429,1,NULL,NULL,NULL,NULL,NULL,NULL,'Satkhira Sadar'),(1350,'9421',430,1,NULL,NULL,NULL,NULL,NULL,NULL,'Patkelghata'),(1351,'9420',430,1,NULL,NULL,NULL,NULL,NULL,NULL,'Taala');

/*Table structure for table `ref_thana` */

DROP TABLE IF EXISTS `ref_thana`;

CREATE TABLE `ref_thana` (
  `id` int(11) NOT NULL AUTO_INCREMENT,
  `district` int(11) DEFAULT NULL,
  `name` varchar(50) COLLATE utf8_unicode_ci DEFAULT NULL,
  `country` int(11) DEFAULT NULL,
  `sts` tinyint(1) DEFAULT '1',
  `e_by` int(11) DEFAULT NULL,
  `e_dt` datetime DEFAULT NULL,
  `u_by` int(11) DEFAULT NULL,
  `u_dt` datetime DEFAULT NULL,
  `d_by` int(11) DEFAULT NULL,
  `d_dt` datetime DEFAULT NULL,
  `thana_type` int(11) NOT NULL,
  PRIMARY KEY (`id`)
) ENGINE=InnoDB AUTO_INCREMENT=512 DEFAULT CHARSET=utf8 COLLATE=utf8_unicode_ci;

/*Data for the table `ref_thana` */

insert  into `ref_thana`(`id`,`district`,`name`,`country`,`sts`,`e_by`,`e_dt`,`u_by`,`u_dt`,`d_by`,`d_dt`,`thana_type`) values (1,1,'Bagerhat Sadar',22,1,NULL,NULL,NULL,NULL,NULL,NULL,0),(2,1,'Chalna Ankorage',22,1,NULL,NULL,NULL,NULL,NULL,NULL,0),(3,1,'Chitalmari',22,1,NULL,NULL,NULL,NULL,NULL,NULL,0),(4,1,'Fakirhat',22,1,NULL,NULL,NULL,NULL,NULL,NULL,0),(5,1,'Kachua UPO',22,1,NULL,NULL,NULL,NULL,NULL,NULL,0),(6,1,'Mollahat',22,1,NULL,NULL,NULL,NULL,NULL,NULL,0),(7,1,'Morelganj',22,1,NULL,NULL,NULL,NULL,NULL,NULL,0),(8,1,'Rampal',22,1,NULL,NULL,NULL,NULL,NULL,NULL,0),(9,1,'Rayenda',22,1,NULL,NULL,NULL,NULL,NULL,NULL,0),(10,2,'Alikadam',22,1,NULL,NULL,NULL,NULL,NULL,NULL,0),(11,2,'Bandarban Sadar',22,1,NULL,NULL,NULL,NULL,NULL,NULL,0),(12,2,'Naikhong',22,1,NULL,NULL,NULL,NULL,NULL,NULL,0),(13,2,'Roanchhari',22,1,NULL,NULL,NULL,NULL,NULL,NULL,0),(14,2,'Ruma',22,1,NULL,NULL,NULL,NULL,NULL,NULL,0),(15,2,'Thanchi',22,1,NULL,NULL,NULL,NULL,NULL,NULL,0),(16,3,'Amtali',22,1,NULL,NULL,NULL,NULL,NULL,NULL,0),(17,3,'Bamna',22,1,NULL,NULL,NULL,NULL,NULL,NULL,0),(18,3,'Barguna Sadar',22,1,NULL,NULL,NULL,NULL,NULL,NULL,0),(19,3,'Betagi',22,1,NULL,NULL,NULL,NULL,NULL,NULL,0),(20,3,'Patharghata',22,1,NULL,NULL,NULL,NULL,NULL,NULL,0),(21,4,'Agailzhara',22,1,NULL,NULL,NULL,NULL,NULL,NULL,0),(22,4,'Babuganj',22,1,NULL,NULL,NULL,NULL,NULL,NULL,0),(23,4,'Barajalia',22,1,NULL,NULL,NULL,NULL,NULL,NULL,0),(24,4,'Barishal Sadar',22,1,NULL,NULL,NULL,NULL,NULL,NULL,0),(25,4,'Gouranadi',22,1,NULL,NULL,NULL,NULL,NULL,NULL,0),(26,4,'Mahendiganj',22,1,NULL,NULL,NULL,NULL,NULL,NULL,0),(27,4,'Muladi',22,1,NULL,NULL,NULL,NULL,NULL,NULL,0),(28,4,'Sahebganj',22,1,NULL,NULL,NULL,NULL,NULL,NULL,0),(29,4,'Uzirpur',22,1,NULL,NULL,NULL,NULL,NULL,NULL,0),(30,5,'Bhola Sadar',22,1,NULL,NULL,NULL,NULL,NULL,NULL,0),(31,5,'Borhanuddin UPO',22,1,NULL,NULL,NULL,NULL,NULL,NULL,0),(32,5,'Charfashion',22,1,NULL,NULL,NULL,NULL,NULL,NULL,0),(33,5,'Doulatkhan',22,1,NULL,NULL,NULL,NULL,NULL,NULL,0),(34,5,'Hajirhat',22,1,NULL,NULL,NULL,NULL,NULL,NULL,0),(35,5,'Hatshoshiganj',22,1,NULL,NULL,NULL,NULL,NULL,NULL,0),(36,5,'Lalmohan UPO',22,1,NULL,NULL,NULL,NULL,NULL,NULL,0),(37,6,'Adamdighi',22,1,NULL,NULL,NULL,NULL,NULL,NULL,0),(38,6,'Bogura Sadar',22,1,NULL,NULL,NULL,NULL,NULL,NULL,0),(39,6,'Dhunat',22,1,NULL,NULL,NULL,NULL,NULL,NULL,0),(40,6,'Dupchachia',22,1,NULL,NULL,NULL,NULL,NULL,NULL,0),(41,6,'Dupchanchia',22,1,NULL,NULL,NULL,NULL,NULL,NULL,0),(42,6,'Gabtoli',22,1,NULL,NULL,NULL,NULL,NULL,NULL,0),(43,6,'Kahalu',22,1,NULL,NULL,NULL,NULL,NULL,NULL,0),(44,6,'Nandigram',22,1,NULL,NULL,NULL,NULL,NULL,NULL,0),(45,6,'Sariakandi',22,1,NULL,NULL,NULL,NULL,NULL,NULL,0),(46,6,'Sherpur',22,1,NULL,NULL,NULL,NULL,NULL,NULL,0),(47,6,'Shibganj',22,1,NULL,NULL,NULL,NULL,NULL,NULL,0),(48,6,'Sonatola',22,1,NULL,NULL,NULL,NULL,NULL,NULL,0),(49,7,'Akhaura',22,1,NULL,NULL,NULL,NULL,NULL,NULL,0),(50,7,'Banchharampur',22,1,NULL,NULL,NULL,NULL,NULL,NULL,0),(51,7,'Brahamanbaria Sadar',22,1,NULL,NULL,NULL,NULL,NULL,NULL,0),(52,7,'Kasba',22,1,NULL,NULL,NULL,NULL,NULL,NULL,0),(53,7,'Nabinagar',22,1,NULL,NULL,NULL,NULL,NULL,NULL,0),(54,7,'Nasirnagar',22,1,NULL,NULL,NULL,NULL,NULL,NULL,0),(55,7,'Sarail',22,1,NULL,NULL,NULL,NULL,NULL,NULL,0),(56,8,'Chandpur Sadar',22,1,NULL,NULL,NULL,NULL,NULL,NULL,0),(57,8,'Faridganj',22,1,NULL,NULL,NULL,NULL,NULL,NULL,0),(58,8,'Hajiganj',22,1,NULL,NULL,NULL,NULL,NULL,NULL,0),(59,8,'Hayemchar',22,1,NULL,NULL,NULL,NULL,NULL,NULL,0),(60,8,'Kachua',22,1,NULL,NULL,NULL,NULL,NULL,NULL,0),(61,8,'Matlobganj',22,1,NULL,NULL,NULL,NULL,NULL,NULL,0),(62,8,'Shahrasti',22,1,NULL,NULL,NULL,NULL,NULL,NULL,0),(63,9,'Bholahat',22,1,NULL,NULL,NULL,NULL,NULL,NULL,0),(64,9,'Chapai Nawabganj Sadar',22,1,NULL,NULL,NULL,NULL,NULL,NULL,0),(65,9,'Nachol',22,1,NULL,NULL,NULL,NULL,NULL,NULL,0),(66,9,'Rohanpur',22,1,NULL,NULL,NULL,NULL,NULL,NULL,0),(67,9,'Shibganj U.P.O',22,1,NULL,NULL,NULL,NULL,NULL,NULL,0),(68,10,'Anawara',22,1,NULL,NULL,NULL,NULL,NULL,NULL,0),(69,10,'Boalkhali',22,1,NULL,NULL,NULL,NULL,NULL,NULL,0),(70,10,'Chattogram Sadar',22,1,NULL,NULL,NULL,NULL,NULL,NULL,0),(71,10,'East Joara',22,1,NULL,NULL,NULL,NULL,NULL,NULL,0),(72,10,'Fatikchhari',22,1,NULL,NULL,NULL,NULL,NULL,NULL,0),(73,10,'Hathazari',22,1,NULL,NULL,NULL,NULL,NULL,NULL,0),(74,10,'Jaldi',22,1,NULL,NULL,NULL,NULL,NULL,NULL,0),(75,10,'Lohagara',22,1,NULL,NULL,NULL,NULL,NULL,NULL,0),(76,10,'Mirsharai',22,1,NULL,NULL,NULL,NULL,NULL,NULL,0),(77,10,'Patiya',22,1,NULL,NULL,NULL,NULL,NULL,NULL,0),(78,10,'Rangunia',22,1,NULL,NULL,NULL,NULL,NULL,NULL,0),(79,10,'Rouzan',22,1,NULL,NULL,NULL,NULL,NULL,NULL,0),(80,10,'Sandwip',22,1,NULL,NULL,NULL,NULL,NULL,NULL,0),(81,10,'Satkania',22,1,NULL,NULL,NULL,NULL,NULL,NULL,0),(82,10,'Sitakunda',22,1,NULL,NULL,NULL,NULL,NULL,NULL,0),(83,11,'Alamdanga',22,1,NULL,NULL,NULL,NULL,NULL,NULL,0),(84,11,'Chuadanga Sadar',22,1,NULL,NULL,NULL,NULL,NULL,NULL,0),(85,11,'Damurhuda',22,1,NULL,NULL,NULL,NULL,NULL,NULL,0),(86,11,'Doulatganj',22,1,NULL,NULL,NULL,NULL,NULL,NULL,0),(87,12,'Barura',22,1,NULL,NULL,NULL,NULL,NULL,NULL,0),(88,12,'Brahmanpara',22,1,NULL,NULL,NULL,NULL,NULL,NULL,0),(89,12,'Burichang',22,1,NULL,NULL,NULL,NULL,NULL,NULL,0),(90,12,'Chandina',22,1,NULL,NULL,NULL,NULL,NULL,NULL,0),(91,12,'Chouddagram',22,1,NULL,NULL,NULL,NULL,NULL,NULL,0),(92,12,'Comilla Sadar',22,1,NULL,NULL,NULL,NULL,NULL,NULL,0),(93,12,'Daudkandi',22,1,NULL,NULL,NULL,NULL,NULL,NULL,0),(94,12,'Davidhar',22,1,NULL,NULL,NULL,NULL,NULL,NULL,0),(95,12,'Homna',22,1,NULL,NULL,NULL,NULL,NULL,NULL,0),(96,12,'Laksam',22,1,NULL,NULL,NULL,NULL,NULL,NULL,0),(97,12,'Langalkot',22,1,NULL,NULL,NULL,NULL,NULL,NULL,0),(98,12,'Muradnagar',22,1,NULL,NULL,NULL,NULL,NULL,NULL,0),(99,13,'Chiringga',22,1,NULL,NULL,NULL,NULL,NULL,NULL,0),(100,13,'Coxs Bazar Sadar',22,1,NULL,NULL,NULL,NULL,NULL,NULL,0),(101,13,'Gorakghat',22,1,NULL,NULL,NULL,NULL,NULL,NULL,0),(102,13,'Kutubdia',22,1,NULL,NULL,NULL,NULL,NULL,NULL,0),(103,13,'Ramu',22,1,NULL,NULL,NULL,NULL,NULL,NULL,0),(104,13,'Teknaf',22,1,NULL,NULL,NULL,NULL,NULL,NULL,0),(105,13,'Ukhia',22,1,NULL,NULL,NULL,NULL,NULL,NULL,0),(106,14,'Burichang',22,1,NULL,NULL,NULL,NULL,NULL,NULL,0),(107,15,'Dhaka',22,1,NULL,NULL,NULL,NULL,NULL,NULL,0),(108,15,'Dhamrai',22,1,NULL,NULL,NULL,NULL,NULL,NULL,0),(109,15,'Dhanmondi',22,1,NULL,NULL,NULL,NULL,NULL,NULL,0),(110,15,'Gulshan',22,1,NULL,NULL,NULL,NULL,NULL,NULL,0),(111,15,'Jatrabari',22,1,NULL,NULL,NULL,NULL,NULL,NULL,0),(112,15,'Joypara',22,1,NULL,NULL,NULL,NULL,NULL,NULL,0),(113,15,'Keraniganj',22,1,NULL,NULL,NULL,NULL,NULL,NULL,0),(114,15,'Khilgaon',22,1,NULL,NULL,NULL,NULL,NULL,NULL,0),(115,15,'Khilkhet',22,1,NULL,NULL,NULL,NULL,NULL,NULL,0),(116,15,'Lalbag',22,1,NULL,NULL,NULL,NULL,NULL,NULL,0),(117,15,'Mirpur',22,1,NULL,NULL,NULL,NULL,NULL,NULL,0),(118,15,'Mohammadpur',22,1,NULL,NULL,NULL,NULL,NULL,NULL,0),(119,15,'Motijheel',22,1,NULL,NULL,NULL,NULL,NULL,NULL,0),(120,15,'Nawabganj',22,1,NULL,NULL,NULL,NULL,NULL,NULL,0),(121,15,'New market',22,1,NULL,NULL,NULL,NULL,NULL,NULL,0),(122,15,'Palton',22,1,NULL,NULL,NULL,NULL,NULL,NULL,0),(123,15,'Ramna',22,1,NULL,NULL,NULL,NULL,NULL,NULL,0),(124,15,'Sabujbag',22,1,NULL,NULL,NULL,NULL,NULL,NULL,0),(125,15,'Savar',22,1,NULL,NULL,NULL,NULL,NULL,NULL,0),(126,15,'Sutrapur',22,1,NULL,NULL,NULL,NULL,NULL,NULL,0),(127,15,'Tejgaon',22,1,NULL,NULL,NULL,NULL,NULL,NULL,0),(128,15,'Tejgaon Industrial Area',22,1,NULL,NULL,NULL,NULL,NULL,NULL,0),(129,15,'Uttara',22,1,NULL,NULL,NULL,NULL,NULL,NULL,0),(130,16,'Bangla Hili',22,1,NULL,NULL,NULL,NULL,NULL,NULL,0),(131,16,'Biral',22,1,NULL,NULL,NULL,NULL,NULL,NULL,0),(132,16,'Birampur',22,1,NULL,NULL,NULL,NULL,NULL,NULL,0),(133,16,'Birganj',22,1,NULL,NULL,NULL,NULL,NULL,NULL,0),(134,16,'Chirirbandar',22,1,NULL,NULL,NULL,NULL,NULL,NULL,0),(135,16,'Dinajpur Sadar',22,1,NULL,NULL,NULL,NULL,NULL,NULL,0),(136,16,'Ghoraghat',22,1,NULL,NULL,NULL,NULL,NULL,NULL,0),(137,16,'Khansama',22,1,NULL,NULL,NULL,NULL,NULL,NULL,0),(138,16,'Maharajganj',22,1,NULL,NULL,NULL,NULL,NULL,NULL,0),(139,16,'Nawabganj',22,1,NULL,NULL,NULL,NULL,NULL,NULL,0),(140,16,'Parbatipur',22,1,NULL,NULL,NULL,NULL,NULL,NULL,0),(141,16,'Phulbari',22,1,NULL,NULL,NULL,NULL,NULL,NULL,0),(142,16,'Setabganj',22,1,NULL,NULL,NULL,NULL,NULL,NULL,0),(143,17,'Alfadanga',22,1,NULL,NULL,NULL,NULL,NULL,NULL,0),(144,17,'Bhanga',22,1,NULL,NULL,NULL,NULL,NULL,NULL,0),(145,17,'Boalmari',22,1,NULL,NULL,NULL,NULL,NULL,NULL,0),(146,17,'Charbhadrasan',22,1,NULL,NULL,NULL,NULL,NULL,NULL,0),(147,17,'Faridpur Sadar',22,1,NULL,NULL,NULL,NULL,NULL,NULL,0),(148,17,'Madukhali',22,1,NULL,NULL,NULL,NULL,NULL,NULL,0),(149,17,'Nagarkanda',22,1,NULL,NULL,NULL,NULL,NULL,NULL,0),(150,17,'Sadarpur',22,1,NULL,NULL,NULL,NULL,NULL,NULL,0),(151,17,'Shriangan',22,1,NULL,NULL,NULL,NULL,NULL,NULL,0),(152,18,'Chhagalnaia',22,1,NULL,NULL,NULL,NULL,NULL,NULL,0),(153,18,'Dagonbhuia',22,1,NULL,NULL,NULL,NULL,NULL,NULL,0),(154,18,'Feni Sadar',22,1,NULL,NULL,NULL,NULL,NULL,NULL,0),(155,18,'Pashurampur',22,1,NULL,NULL,NULL,NULL,NULL,NULL,0),(156,18,'Sonagazi',22,1,NULL,NULL,NULL,NULL,NULL,NULL,0),(157,19,'Bonarpara',22,1,NULL,NULL,NULL,NULL,NULL,NULL,0),(158,19,'Gaibandha Sadar',22,1,NULL,NULL,NULL,NULL,NULL,NULL,0),(159,19,'Gobindaganj',22,1,NULL,NULL,NULL,NULL,NULL,NULL,0),(160,19,'Palashbari',22,1,NULL,NULL,NULL,NULL,NULL,NULL,0),(161,19,'Phulchhari',22,1,NULL,NULL,NULL,NULL,NULL,NULL,0),(162,19,'Saadullapur',22,1,NULL,NULL,NULL,NULL,NULL,NULL,0),(163,19,'Sundarganj',22,1,NULL,NULL,NULL,NULL,NULL,NULL,0),(164,20,'Gazipur Sadar',22,1,NULL,NULL,NULL,NULL,NULL,NULL,0),(165,20,'Kaliakaar',22,1,NULL,NULL,NULL,NULL,NULL,NULL,0),(166,20,'Kaliganj',22,1,NULL,NULL,NULL,NULL,NULL,NULL,0),(167,20,'Kapashia',22,1,NULL,NULL,NULL,NULL,NULL,NULL,0),(168,20,'Monnunagar',22,1,NULL,NULL,NULL,NULL,NULL,NULL,0),(169,20,'Sreepur',22,1,NULL,NULL,NULL,NULL,NULL,NULL,0),(170,20,'Sripur',22,1,NULL,NULL,NULL,NULL,NULL,NULL,0),(171,21,'Gopalganj Sadar',22,1,NULL,NULL,NULL,NULL,NULL,NULL,0),(172,21,'Kashiani',22,1,NULL,NULL,NULL,NULL,NULL,NULL,0),(173,21,'Kotalipara',22,1,NULL,NULL,NULL,NULL,NULL,NULL,0),(174,21,'Maksudpur',22,1,NULL,NULL,NULL,NULL,NULL,NULL,0),(175,21,'Tungipara',22,1,NULL,NULL,NULL,NULL,NULL,NULL,0),(176,22,'Azmireeganj',22,1,NULL,NULL,NULL,NULL,NULL,NULL,0),(177,22,'Bahubal',22,1,NULL,NULL,NULL,NULL,NULL,NULL,0),(178,22,'Baniachang',22,1,NULL,NULL,NULL,NULL,NULL,NULL,0),(179,22,'Chunarughat',22,1,NULL,NULL,NULL,NULL,NULL,NULL,0),(180,22,'Habiganj Sadar',22,1,NULL,NULL,NULL,NULL,NULL,NULL,0),(181,22,'Kalauk',22,1,NULL,NULL,NULL,NULL,NULL,NULL,0),(182,22,'Madhabpur',22,1,NULL,NULL,NULL,NULL,NULL,NULL,0),(183,22,'Nabiganj',22,1,NULL,NULL,NULL,NULL,NULL,NULL,0),(184,23,'Dewangonj',22,1,NULL,NULL,NULL,NULL,NULL,NULL,0),(185,23,'Islampur',22,1,NULL,NULL,NULL,NULL,NULL,NULL,0),(186,23,'Jamalpur',22,1,NULL,NULL,NULL,NULL,NULL,NULL,0),(187,23,'Madarganj',22,1,NULL,NULL,NULL,NULL,NULL,NULL,0),(188,23,'Malandah',22,1,NULL,NULL,NULL,NULL,NULL,NULL,0),(189,23,'Shorishabari',22,1,NULL,NULL,NULL,NULL,NULL,NULL,0),(190,24,'Bagharpara',22,1,NULL,NULL,NULL,NULL,NULL,NULL,0),(191,24,'Chaugachha',22,1,NULL,NULL,NULL,NULL,NULL,NULL,0),(192,24,'Jashore Sadar',22,1,NULL,NULL,NULL,NULL,NULL,NULL,0),(193,24,'Jhikargachha',22,1,NULL,NULL,NULL,NULL,NULL,NULL,0),(194,24,'Keshabpur',22,1,NULL,NULL,NULL,NULL,NULL,NULL,0),(195,24,'Monirampur',22,1,NULL,NULL,NULL,NULL,NULL,NULL,0),(196,24,'Noapara',22,1,NULL,NULL,NULL,NULL,NULL,NULL,0),(197,24,'Sarsa',22,1,NULL,NULL,NULL,NULL,NULL,NULL,0),(198,25,'Jhalokati Sadar',22,1,NULL,NULL,NULL,NULL,NULL,NULL,0),(199,25,'Kathalia',22,1,NULL,NULL,NULL,NULL,NULL,NULL,0),(200,25,'Nalchhiti',22,1,NULL,NULL,NULL,NULL,NULL,NULL,0),(201,25,'Rajapur',22,1,NULL,NULL,NULL,NULL,NULL,NULL,0),(202,26,'Harinakundu',22,1,NULL,NULL,NULL,NULL,NULL,NULL,0),(203,26,'Jhenaidah Sadar',22,1,NULL,NULL,NULL,NULL,NULL,NULL,0),(204,26,'Kotchandpur',22,1,NULL,NULL,NULL,NULL,NULL,NULL,0),(205,26,'Maheshpur',22,1,NULL,NULL,NULL,NULL,NULL,NULL,0),(206,26,'Naldanga',22,1,NULL,NULL,NULL,NULL,NULL,NULL,0),(207,26,'Shailakupa',22,1,NULL,NULL,NULL,NULL,NULL,NULL,0),(208,27,'Akkelpur',22,1,NULL,NULL,NULL,NULL,NULL,NULL,0),(209,27,'Joypurhat Sadar',22,1,NULL,NULL,NULL,NULL,NULL,NULL,0),(210,27,'kalai',22,1,NULL,NULL,NULL,NULL,NULL,NULL,0),(211,27,'Khetlal',22,1,NULL,NULL,NULL,NULL,NULL,NULL,0),(212,27,'panchbibi',22,1,NULL,NULL,NULL,NULL,NULL,NULL,0),(213,28,'Diginala',22,1,NULL,NULL,NULL,NULL,NULL,NULL,0),(214,28,'Khagrachari Sadar',22,1,NULL,NULL,NULL,NULL,NULL,NULL,0),(215,28,'Laxmichhari',22,1,NULL,NULL,NULL,NULL,NULL,NULL,0),(216,28,'Mahalchhari',22,1,NULL,NULL,NULL,NULL,NULL,NULL,0),(217,28,'Manikchhari',22,1,NULL,NULL,NULL,NULL,NULL,NULL,0),(218,28,'Matiranga',22,1,NULL,NULL,NULL,NULL,NULL,NULL,0),(219,28,'Panchhari',22,1,NULL,NULL,NULL,NULL,NULL,NULL,0),(220,28,'Ramghar Head Office',22,1,NULL,NULL,NULL,NULL,NULL,NULL,0),(221,29,'Alaipur',22,1,NULL,NULL,NULL,NULL,NULL,NULL,0),(222,29,'Batiaghat',22,1,NULL,NULL,NULL,NULL,NULL,NULL,0),(223,29,'Chalna Bazar',22,1,NULL,NULL,NULL,NULL,NULL,NULL,0),(224,29,'Digalia',22,1,NULL,NULL,NULL,NULL,NULL,NULL,0),(225,29,'Khulna Sadar',22,1,NULL,NULL,NULL,NULL,NULL,NULL,0),(226,29,'Madinabad',22,1,NULL,NULL,NULL,NULL,NULL,NULL,0),(227,29,'Paikgachha',22,1,NULL,NULL,NULL,NULL,NULL,NULL,0),(228,29,'Phultala',22,1,NULL,NULL,NULL,NULL,NULL,NULL,0),(229,29,'Sajiara',22,1,NULL,NULL,NULL,NULL,NULL,NULL,0),(230,29,'Terakhada',22,1,NULL,NULL,NULL,NULL,NULL,NULL,0),(231,30,'Bajitpur',22,1,NULL,NULL,NULL,NULL,NULL,NULL,0),(232,30,'Bhairob',22,1,NULL,NULL,NULL,NULL,NULL,NULL,0),(233,30,'Hossenpur',22,1,NULL,NULL,NULL,NULL,NULL,NULL,0),(234,30,'Itna',22,1,NULL,NULL,NULL,NULL,NULL,NULL,0),(235,30,'Karimganj',22,1,NULL,NULL,NULL,NULL,NULL,NULL,0),(236,30,'Katiadi',22,1,NULL,NULL,NULL,NULL,NULL,NULL,0),(237,30,'Kishoreganj Sadar',22,1,NULL,NULL,NULL,NULL,NULL,NULL,0),(238,30,'Kuliarchar',22,1,NULL,NULL,NULL,NULL,NULL,NULL,0),(239,30,'Mithamoin',22,1,NULL,NULL,NULL,NULL,NULL,NULL,0),(240,30,'Nikli',22,1,NULL,NULL,NULL,NULL,NULL,NULL,0),(241,30,'Ostagram',22,1,NULL,NULL,NULL,NULL,NULL,NULL,0),(242,30,'Pakundia',22,1,NULL,NULL,NULL,NULL,NULL,NULL,0),(243,30,'Tarial',22,1,NULL,NULL,NULL,NULL,NULL,NULL,0),(244,31,'Bhurungamari',22,1,NULL,NULL,NULL,NULL,NULL,NULL,0),(245,31,'Chilmari',22,1,NULL,NULL,NULL,NULL,NULL,NULL,0),(246,31,'Kurigram Sadar',22,1,NULL,NULL,NULL,NULL,NULL,NULL,0),(247,31,'Nageshwar',22,1,NULL,NULL,NULL,NULL,NULL,NULL,0),(248,31,'Rajarhat',22,1,NULL,NULL,NULL,NULL,NULL,NULL,0),(249,31,'Rajibpur',22,1,NULL,NULL,NULL,NULL,NULL,NULL,0),(250,31,'Roumari',22,1,NULL,NULL,NULL,NULL,NULL,NULL,0),(251,31,'Ulipur',22,1,NULL,NULL,NULL,NULL,NULL,NULL,0),(252,32,'Bheramara',22,1,NULL,NULL,NULL,NULL,NULL,NULL,0),(253,32,'Janipur',22,1,NULL,NULL,NULL,NULL,NULL,NULL,0),(254,32,'Kumarkhali',22,1,NULL,NULL,NULL,NULL,NULL,NULL,0),(255,32,'Kushtia Sadar',22,1,NULL,NULL,NULL,NULL,NULL,NULL,0),(256,32,'Mirpur',22,1,NULL,NULL,NULL,NULL,NULL,NULL,0),(257,32,'Rafayetpur',22,1,NULL,NULL,NULL,NULL,NULL,NULL,0),(258,33,'Char Alexgander',22,1,NULL,NULL,NULL,NULL,NULL,NULL,0),(259,33,'Lakshimpur Sadar',22,1,NULL,NULL,NULL,NULL,NULL,NULL,0),(260,33,'Ramganj',22,1,NULL,NULL,NULL,NULL,NULL,NULL,0),(261,33,'Raypur',22,1,NULL,NULL,NULL,NULL,NULL,NULL,0),(262,34,'Aditmari',22,1,NULL,NULL,NULL,NULL,NULL,NULL,0),(263,34,'Hatibandha',22,1,NULL,NULL,NULL,NULL,NULL,NULL,0),(264,34,'Lalmonirhat Sadar',22,1,NULL,NULL,NULL,NULL,NULL,NULL,0),(265,34,'Patgram',22,1,NULL,NULL,NULL,NULL,NULL,NULL,0),(266,34,'Tushbhandar',22,1,NULL,NULL,NULL,NULL,NULL,NULL,0),(267,35,'Barhamganj',22,1,NULL,NULL,NULL,NULL,NULL,NULL,0),(268,35,'kalkini',22,1,NULL,NULL,NULL,NULL,NULL,NULL,0),(269,35,'Madaripur Sadar',22,1,NULL,NULL,NULL,NULL,NULL,NULL,0),(270,35,'Rajoir',22,1,NULL,NULL,NULL,NULL,NULL,NULL,0),(271,36,'Arpara',22,1,NULL,NULL,NULL,NULL,NULL,NULL,0),(272,36,'Magura Sadar',22,1,NULL,NULL,NULL,NULL,NULL,NULL,0),(273,36,'Mohammadpur',22,1,NULL,NULL,NULL,NULL,NULL,NULL,0),(274,36,'Shripur',22,1,NULL,NULL,NULL,NULL,NULL,NULL,0),(275,37,'Doulatpur',22,1,NULL,NULL,NULL,NULL,NULL,NULL,0),(276,37,'Gheor',22,1,NULL,NULL,NULL,NULL,NULL,NULL,0),(277,37,'Lechhraganj',22,1,NULL,NULL,NULL,NULL,NULL,NULL,0),(278,37,'Manikganj Sadar',22,1,NULL,NULL,NULL,NULL,NULL,NULL,0),(279,37,'Saturia',22,1,NULL,NULL,NULL,NULL,NULL,NULL,0),(280,37,'Shibloya',22,1,NULL,NULL,NULL,NULL,NULL,NULL,0),(281,37,'Singari',22,1,NULL,NULL,NULL,NULL,NULL,NULL,0),(282,38,'Gangni',22,1,NULL,NULL,NULL,NULL,NULL,NULL,0),(283,38,'Meherpur Sadar',22,1,NULL,NULL,NULL,NULL,NULL,NULL,0),(284,39,'Baralekha',22,1,NULL,NULL,NULL,NULL,NULL,NULL,0),(285,39,'Kamalganj',22,1,NULL,NULL,NULL,NULL,NULL,NULL,0),(286,39,'Kulaura',22,1,NULL,NULL,NULL,NULL,NULL,NULL,0),(287,39,'Moulvibazar Sadar',22,1,NULL,NULL,NULL,NULL,NULL,NULL,0),(288,39,'Rajnagar',22,1,NULL,NULL,NULL,NULL,NULL,NULL,0),(289,39,'Srimangal',22,1,NULL,NULL,NULL,NULL,NULL,NULL,0),(290,40,'Gajaria',22,1,NULL,NULL,NULL,NULL,NULL,NULL,0),(291,40,'Lohajong',22,1,NULL,NULL,NULL,NULL,NULL,NULL,0),(292,40,'Munshiganj Sadar',22,1,NULL,NULL,NULL,NULL,NULL,NULL,0),(293,40,'Sirajdikhan',22,1,NULL,NULL,NULL,NULL,NULL,NULL,0),(294,40,'Sreenagar',22,1,NULL,NULL,NULL,NULL,NULL,NULL,0),(295,40,'Tangibari',22,1,NULL,NULL,NULL,NULL,NULL,NULL,0),(296,41,'Bhaluka',22,1,NULL,NULL,NULL,NULL,NULL,NULL,0),(297,41,'Fulbaria',22,1,NULL,NULL,NULL,NULL,NULL,NULL,0),(298,41,'Gaforgaon',22,1,NULL,NULL,NULL,NULL,NULL,NULL,0),(299,41,'Gouripur',22,1,NULL,NULL,NULL,NULL,NULL,NULL,0),(300,41,'Haluaghat',22,1,NULL,NULL,NULL,NULL,NULL,NULL,0),(301,41,'Isshwargonj',22,1,NULL,NULL,NULL,NULL,NULL,NULL,0),(302,41,'Muktagachha',22,1,NULL,NULL,NULL,NULL,NULL,NULL,0),(303,41,'Mymensingh Sadar',22,1,NULL,NULL,NULL,NULL,NULL,NULL,0),(304,41,'Nandail',22,1,NULL,NULL,NULL,NULL,NULL,NULL,0),(305,41,'Phulpur',22,1,NULL,NULL,NULL,NULL,NULL,NULL,0),(306,41,'Trishal',22,1,NULL,NULL,NULL,NULL,NULL,NULL,0),(307,42,'Ahsanganj',22,1,NULL,NULL,NULL,NULL,NULL,NULL,0),(308,42,'Badalgachhi',22,1,NULL,NULL,NULL,NULL,NULL,NULL,0),(309,42,'Dhamuirhat',22,1,NULL,NULL,NULL,NULL,NULL,NULL,0),(310,42,'Mahadebpur',22,1,NULL,NULL,NULL,NULL,NULL,NULL,0),(311,42,'Naogaon Sadar',22,1,NULL,NULL,NULL,NULL,NULL,NULL,0),(312,42,'Niamatpur',22,1,NULL,NULL,NULL,NULL,NULL,NULL,0),(313,42,'Nitpur',22,1,NULL,NULL,NULL,NULL,NULL,NULL,0),(314,42,'Patnitala',22,1,NULL,NULL,NULL,NULL,NULL,NULL,0),(315,42,'Prasadpur',22,1,NULL,NULL,NULL,NULL,NULL,NULL,0),(316,42,'Raninagar',22,1,NULL,NULL,NULL,NULL,NULL,NULL,0),(317,42,'Sapahar',22,1,NULL,NULL,NULL,NULL,NULL,NULL,0),(318,43,'Kalia',22,1,NULL,NULL,NULL,NULL,NULL,NULL,0),(319,43,'Laxmipasha',22,1,NULL,NULL,NULL,NULL,NULL,NULL,0),(320,43,'Mohajan',22,1,NULL,NULL,NULL,NULL,NULL,NULL,0),(321,43,'Narail Sadar',22,1,NULL,NULL,NULL,NULL,NULL,NULL,0),(322,44,'Araihazar',22,1,NULL,NULL,NULL,NULL,NULL,NULL,0),(323,44,'Baidder Bazar',22,1,NULL,NULL,NULL,NULL,NULL,NULL,0),(324,44,'Bandar',22,1,NULL,NULL,NULL,NULL,NULL,NULL,0),(325,44,'Fatullah',22,1,NULL,NULL,NULL,NULL,NULL,NULL,0),(326,44,'Narayanganj Sadar',22,1,NULL,NULL,NULL,NULL,NULL,NULL,0),(327,44,'Rupganj',22,1,NULL,NULL,NULL,NULL,NULL,NULL,0),(328,44,'Siddirganj',22,1,NULL,NULL,NULL,NULL,NULL,NULL,0),(329,45,'Belabo',22,1,NULL,NULL,NULL,NULL,NULL,NULL,0),(330,45,'Monohordi',22,1,NULL,NULL,NULL,NULL,NULL,NULL,0),(331,45,'Narsingdi Sadar',22,1,NULL,NULL,NULL,NULL,NULL,NULL,0),(332,45,'Palash',22,1,NULL,NULL,NULL,NULL,NULL,NULL,0),(333,45,'Raypura',22,1,NULL,NULL,NULL,NULL,NULL,NULL,0),(334,45,'Shibpur',22,1,NULL,NULL,NULL,NULL,NULL,NULL,0),(335,46,'Gopalpur UPO',22,1,NULL,NULL,NULL,NULL,NULL,NULL,0),(336,46,'Harua',22,1,NULL,NULL,NULL,NULL,NULL,NULL,0),(337,46,'Hatgurudaspur',22,1,NULL,NULL,NULL,NULL,NULL,NULL,0),(338,46,'Laxman',22,1,NULL,NULL,NULL,NULL,NULL,NULL,0),(339,46,'Natore Sadar',22,1,NULL,NULL,NULL,NULL,NULL,NULL,0),(340,46,'Singra',22,1,NULL,NULL,NULL,NULL,NULL,NULL,0),(341,47,'Atpara',22,1,NULL,NULL,NULL,NULL,NULL,NULL,0),(342,47,'Barhatta',22,1,NULL,NULL,NULL,NULL,NULL,NULL,0),(343,47,'Dharmapasha',22,1,NULL,NULL,NULL,NULL,NULL,NULL,0),(344,47,'Dhobaura',22,1,NULL,NULL,NULL,NULL,NULL,NULL,0),(345,47,'Kalmakanda',22,1,NULL,NULL,NULL,NULL,NULL,NULL,0),(346,47,'Kendua',22,1,NULL,NULL,NULL,NULL,NULL,NULL,0),(347,47,'Khaliajuri',22,1,NULL,NULL,NULL,NULL,NULL,NULL,0),(348,47,'Madan',22,1,NULL,NULL,NULL,NULL,NULL,NULL,0),(349,47,'Moddhynagar',22,1,NULL,NULL,NULL,NULL,NULL,NULL,0),(350,47,'Mohanganj',22,1,NULL,NULL,NULL,NULL,NULL,NULL,0),(351,47,'Netrakona Sadar',22,1,NULL,NULL,NULL,NULL,NULL,NULL,0),(352,47,'Purbadhola',22,1,NULL,NULL,NULL,NULL,NULL,NULL,0),(353,47,'Susung Durgapur',22,1,NULL,NULL,NULL,NULL,NULL,NULL,0),(354,48,'Dimla',22,1,NULL,NULL,NULL,NULL,NULL,NULL,0),(355,48,'Domar',22,1,NULL,NULL,NULL,NULL,NULL,NULL,0),(356,48,'Jaldhaka',22,1,NULL,NULL,NULL,NULL,NULL,NULL,0),(357,48,'Kishoriganj',22,1,NULL,NULL,NULL,NULL,NULL,NULL,0),(358,48,'Nilphamari Sadar',22,1,NULL,NULL,NULL,NULL,NULL,NULL,0),(359,48,'Saidpur',22,1,NULL,NULL,NULL,NULL,NULL,NULL,0),(360,49,'Basurhat',22,1,NULL,NULL,NULL,NULL,NULL,NULL,0),(361,49,'Begumganj',22,1,NULL,NULL,NULL,NULL,NULL,NULL,0),(362,49,'Chatkhil',22,1,NULL,NULL,NULL,NULL,NULL,NULL,0),(363,49,'Hatiya',22,1,NULL,NULL,NULL,NULL,NULL,NULL,0),(364,49,'Noakhali Sadar',22,1,NULL,NULL,NULL,NULL,NULL,NULL,0),(365,49,'Senbag',22,1,NULL,NULL,NULL,NULL,NULL,NULL,0),(366,50,'Banwarinagar',22,1,NULL,NULL,NULL,NULL,NULL,NULL,0),(367,50,'Bera',22,1,NULL,NULL,NULL,NULL,NULL,NULL,0),(368,50,'Bhangura',22,1,NULL,NULL,NULL,NULL,NULL,NULL,0),(369,50,'Chatmohar',22,1,NULL,NULL,NULL,NULL,NULL,NULL,0),(370,50,'Debottar',22,1,NULL,NULL,NULL,NULL,NULL,NULL,0),(371,50,'Ishwardi',22,1,NULL,NULL,NULL,NULL,NULL,NULL,0),(372,50,'Pabna Sadar',22,1,NULL,NULL,NULL,NULL,NULL,NULL,0),(373,50,'Sathia',22,1,NULL,NULL,NULL,NULL,NULL,NULL,0),(374,50,'Sujanagar',22,1,NULL,NULL,NULL,NULL,NULL,NULL,0),(375,51,'Boda',22,1,NULL,NULL,NULL,NULL,NULL,NULL,0),(376,51,'Chotto Dab',22,1,NULL,NULL,NULL,NULL,NULL,NULL,0),(377,51,'Dabiganj',22,1,NULL,NULL,NULL,NULL,NULL,NULL,0),(378,51,'Panchagra Sadar',22,1,NULL,NULL,NULL,NULL,NULL,NULL,0),(379,51,'Tetulia',22,1,NULL,NULL,NULL,NULL,NULL,NULL,0),(380,52,'Bauphal',22,1,NULL,NULL,NULL,NULL,NULL,NULL,0),(381,52,'Dashmina',22,1,NULL,NULL,NULL,NULL,NULL,NULL,0),(382,52,'Galachipa',22,1,NULL,NULL,NULL,NULL,NULL,NULL,0),(383,52,'Khepupara',22,1,NULL,NULL,NULL,NULL,NULL,NULL,0),(384,52,'Patuakhali Sadar',22,1,NULL,NULL,NULL,NULL,NULL,NULL,0),(385,52,'Subidkhali',22,1,NULL,NULL,NULL,NULL,NULL,NULL,0),(386,53,'Banaripara',22,1,NULL,NULL,NULL,NULL,NULL,NULL,0),(387,53,'Bhandaria',22,1,NULL,NULL,NULL,NULL,NULL,NULL,0),(388,53,'kaukhali',22,1,NULL,NULL,NULL,NULL,NULL,NULL,0),(389,53,'Mathbaria',22,1,NULL,NULL,NULL,NULL,NULL,NULL,0),(390,53,'Nazirpur',22,1,NULL,NULL,NULL,NULL,NULL,NULL,0),(391,53,'Pirojpur Sadar',22,1,NULL,NULL,NULL,NULL,NULL,NULL,0),(392,53,'Swarupkathi',22,1,NULL,NULL,NULL,NULL,NULL,NULL,0),(393,54,'Baliakandi',22,1,NULL,NULL,NULL,NULL,NULL,NULL,0),(394,54,'Pangsha',22,1,NULL,NULL,NULL,NULL,NULL,NULL,0),(395,54,'Rajbari Sadar',22,1,NULL,NULL,NULL,NULL,NULL,NULL,0),(396,55,'Bagha',22,1,NULL,NULL,NULL,NULL,NULL,NULL,0),(397,55,'Bhabaniganj',22,1,NULL,NULL,NULL,NULL,NULL,NULL,0),(398,55,'Charghat',22,1,NULL,NULL,NULL,NULL,NULL,NULL,0),(399,55,'Durgapur',22,1,NULL,NULL,NULL,NULL,NULL,NULL,0),(400,55,'Godagari',22,1,NULL,NULL,NULL,NULL,NULL,NULL,0),(401,55,'Khod Mohanpur',22,1,NULL,NULL,NULL,NULL,NULL,NULL,0),(402,55,'Lalitganj',22,1,NULL,NULL,NULL,NULL,NULL,NULL,0),(403,55,'Putia',22,1,NULL,NULL,NULL,NULL,NULL,NULL,0),(404,55,'Rajshahi Sadar',22,1,NULL,NULL,NULL,NULL,NULL,NULL,0),(405,55,'Tanor',22,1,NULL,NULL,NULL,NULL,NULL,NULL,0),(406,56,'Barakal',22,1,NULL,NULL,NULL,NULL,NULL,NULL,0),(407,56,'Bilaichhari',22,1,NULL,NULL,NULL,NULL,NULL,NULL,0),(408,56,'Jarachhari',22,1,NULL,NULL,NULL,NULL,NULL,NULL,0),(409,56,'Kalampati',22,1,NULL,NULL,NULL,NULL,NULL,NULL,0),(410,56,'kaptai',22,1,NULL,NULL,NULL,NULL,NULL,NULL,0),(411,56,'Longachh',22,1,NULL,NULL,NULL,NULL,NULL,NULL,0),(412,56,'Marishya',22,1,NULL,NULL,NULL,NULL,NULL,NULL,0),(413,56,'Naniachhar',22,1,NULL,NULL,NULL,NULL,NULL,NULL,0),(414,56,'Rajsthali',22,1,NULL,NULL,NULL,NULL,NULL,NULL,0),(415,56,'Rangamati Sadar',22,1,NULL,NULL,NULL,NULL,NULL,NULL,0),(416,57,'Badarganj',22,1,NULL,NULL,NULL,NULL,NULL,NULL,0),(417,57,'Gangachara',22,1,NULL,NULL,NULL,NULL,NULL,NULL,0),(418,57,'Kaunia',22,1,NULL,NULL,NULL,NULL,NULL,NULL,0),(419,57,'Mithapukur',22,1,NULL,NULL,NULL,NULL,NULL,NULL,0),(420,57,'Pirgachha',22,1,NULL,NULL,NULL,NULL,NULL,NULL,0),(421,57,'Pirganj',22,1,NULL,NULL,NULL,NULL,NULL,NULL,0),(422,57,'Rangpur Sadar',22,1,NULL,NULL,NULL,NULL,NULL,NULL,0),(423,57,'Taraganj',22,1,NULL,NULL,NULL,NULL,NULL,NULL,0),(424,58,'Ashashuni',22,1,NULL,NULL,NULL,NULL,NULL,NULL,0),(425,58,'Debbhata',22,1,NULL,NULL,NULL,NULL,NULL,NULL,0),(426,58,'kalaroa',22,1,NULL,NULL,NULL,NULL,NULL,NULL,0),(427,58,'Kaliganj UPO',22,1,NULL,NULL,NULL,NULL,NULL,NULL,0),(428,58,'Nakipur',22,1,NULL,NULL,NULL,NULL,NULL,NULL,0),(429,58,'Satkhira Sadar',22,1,NULL,NULL,NULL,NULL,NULL,NULL,0),(430,58,'Taala',22,1,NULL,NULL,NULL,NULL,NULL,NULL,0),(431,59,'Bhedorganj',22,1,NULL,NULL,NULL,NULL,NULL,NULL,0),(432,59,'Damudhya',22,1,NULL,NULL,NULL,NULL,NULL,NULL,0),(433,59,'Gosairhat',22,1,NULL,NULL,NULL,NULL,NULL,NULL,0),(434,59,'Jajira',22,1,NULL,NULL,NULL,NULL,NULL,NULL,0),(435,59,'Naria',22,1,NULL,NULL,NULL,NULL,NULL,NULL,0),(436,59,'Shariatpur Sadar',22,1,NULL,NULL,NULL,NULL,NULL,NULL,0),(437,60,'Bakshigonj',22,1,NULL,NULL,NULL,NULL,NULL,NULL,0),(438,60,'Jhinaigati',22,1,NULL,NULL,NULL,NULL,NULL,NULL,0),(439,60,'Nakla',22,1,NULL,NULL,NULL,NULL,NULL,NULL,0),(440,60,'Nalitabari',22,1,NULL,NULL,NULL,NULL,NULL,NULL,0),(441,60,'Sherpur Shadar',22,1,NULL,NULL,NULL,NULL,NULL,NULL,0),(442,60,'Shribardi',22,1,NULL,NULL,NULL,NULL,NULL,NULL,0),(443,61,'Baiddya Jam Toil',22,1,NULL,NULL,NULL,NULL,NULL,NULL,0),(444,61,'Belkuchi',22,1,NULL,NULL,NULL,NULL,NULL,NULL,0),(445,61,'Dhangora',22,1,NULL,NULL,NULL,NULL,NULL,NULL,0),(446,61,'Kazipur',22,1,NULL,NULL,NULL,NULL,NULL,NULL,0),(447,61,'Shahjadpur',22,1,NULL,NULL,NULL,NULL,NULL,NULL,0),(448,61,'Sirajganj Sadar',22,1,NULL,NULL,NULL,NULL,NULL,NULL,0),(449,61,'Tarash',22,1,NULL,NULL,NULL,NULL,NULL,NULL,0),(450,61,'Ullapara',22,1,NULL,NULL,NULL,NULL,NULL,NULL,0),(451,62,'Bishamsarpur',22,1,NULL,NULL,NULL,NULL,NULL,NULL,0),(452,62,'Chhatak',22,1,NULL,NULL,NULL,NULL,NULL,NULL,0),(453,62,'Dhirai Chandpur',22,1,NULL,NULL,NULL,NULL,NULL,NULL,0),(454,62,'Duara bazar',22,1,NULL,NULL,NULL,NULL,NULL,NULL,0),(455,62,'Ghungiar',22,1,NULL,NULL,NULL,NULL,NULL,NULL,0),(456,62,'Jagnnathpur',22,1,NULL,NULL,NULL,NULL,NULL,NULL,0),(457,62,'Sachna',22,1,NULL,NULL,NULL,NULL,NULL,NULL,0),(458,62,'Sunamganj Sadar',22,1,NULL,NULL,NULL,NULL,NULL,NULL,0),(459,62,'Tahirpur',22,1,NULL,NULL,NULL,NULL,NULL,NULL,0),(460,63,'Balaganj',22,1,NULL,NULL,NULL,NULL,NULL,NULL,0),(461,63,'Balaganjgfhfghj',22,1,NULL,NULL,NULL,NULL,NULL,NULL,0),(462,63,'Bianibazar',22,1,NULL,NULL,NULL,NULL,NULL,NULL,0),(463,63,'Bishwanath',22,1,NULL,NULL,NULL,NULL,NULL,NULL,0),(464,63,'Fenchuganj',22,1,NULL,NULL,NULL,NULL,NULL,NULL,0),(465,63,'Goainhat',22,1,NULL,NULL,NULL,NULL,NULL,NULL,0),(466,63,'Gopalganj',22,1,NULL,NULL,NULL,NULL,NULL,NULL,0),(467,63,'Jaintapur',22,1,NULL,NULL,NULL,NULL,NULL,NULL,0),(468,63,'Jakiganj',22,1,NULL,NULL,NULL,NULL,NULL,NULL,0),(469,63,'Kanaighat',22,1,NULL,NULL,NULL,NULL,NULL,NULL,0),(470,63,'Kompanyganj',22,1,NULL,NULL,NULL,NULL,NULL,NULL,0),(471,63,'Sylhet Sadar',22,1,NULL,NULL,NULL,NULL,NULL,NULL,0),(472,64,'Basail',22,1,NULL,NULL,NULL,NULL,NULL,NULL,0),(473,64,'Bhuapur',22,1,NULL,NULL,NULL,NULL,NULL,NULL,0),(474,64,'Delduar',22,1,NULL,NULL,NULL,NULL,NULL,NULL,0),(475,64,'Ghatail',22,1,NULL,NULL,NULL,NULL,NULL,NULL,0),(476,64,'Gopalpur',22,1,NULL,NULL,NULL,NULL,NULL,NULL,0),(477,64,'Kalihati',22,1,NULL,NULL,NULL,NULL,NULL,NULL,0),(478,64,'Kashkaolia',22,1,NULL,NULL,NULL,NULL,NULL,NULL,0),(479,64,'Madhupur',22,1,NULL,NULL,NULL,NULL,NULL,NULL,0),(480,64,'Mirzapur',22,1,NULL,NULL,NULL,NULL,NULL,NULL,0),(481,64,'Nagarpur',22,1,NULL,NULL,NULL,NULL,NULL,NULL,0),(482,64,'Sakhipur',22,1,NULL,NULL,NULL,NULL,NULL,NULL,0),(483,64,'Tangail Sadar',22,1,NULL,NULL,NULL,NULL,NULL,NULL,0),(484,65,'Baliadangi',22,1,NULL,NULL,NULL,NULL,NULL,NULL,0),(485,65,'Jibanpur',22,1,NULL,NULL,NULL,NULL,NULL,NULL,0),(486,65,'Pirganj',22,1,NULL,NULL,NULL,NULL,NULL,NULL,0),(487,65,'Rani Sankail',22,1,NULL,NULL,NULL,NULL,NULL,NULL,0),(488,65,'Thakurgaon Sadar',22,1,NULL,NULL,NULL,NULL,NULL,NULL,0);


