

DROP TABLE IF EXISTS `all_district`;

CREATE TABLE `all_district` (
  `id` int(11) NOT NULL AUTO_INCREMENT,
  `eng_name` varchar(50) COLLATE utf8_unicode_ci DEFAULT NULL,
  `bangla_name` varchar(50) COLLATE utf8_unicode_ci DEFAULT NULL,
  PRIMARY KEY (`id`)
) ENGINE=InnoDB AUTO_INCREMENT=65 DEFAULT CHARSET=utf8 COLLATE=utf8_unicode_ci;

/*Data for the table `all_district` */

insert  into `all_district`(`id`,`eng_name`,`bangla_name`) values (1,'Bandarban','বান্দরবান'),(2,'Barguna','বরগুনা'),(3,'Barishal','বরিশাল'),(4,'Bhola','ভোলা'),(5,'Bogra','বগুড়া'),(6,'Brahmanbaria','ব্রাহ্মণবাড়িয়া'),(7,'Chandpur','চাঁদপুর'),(8,'Chapinawabganj','চাঁপাইনবাবগঞ্জ'),(9,'Chittagong','চট্টগ্রাম'),(10,'Chuadanga','চুয়াডাঙ্গা'),(11,'Comilla','কুমিল্লা'),(12,'Coxsbazar','কক্সবাজার'),(13,'Dhaka','ঢাকা'),(14,'Dinajpur','দিনাজপুর'),(15,'Faridpur','ফরিদপুর'),(16,'Feni','ফেনী'),(17,'Gaibandha','গাইবান্ধা'),(18,'Gazipur','গাজীপুর'),(19,'Gopalganj','গোপালগঞ্জ'),(20,'Hobiganj','হবিগঞ্জ'),(21,'Bagerhat ','বাগেরহাট'),(22,'Jamalpur','জামালপুর'),(23,'Jessore','যশোর'),(24,'Jhalokathi','ঝালকাঠি'),(25,'Jinaidaha','ঝিনাইদহ'),(26,'Joypurhat','জয়পুরহাট'),(27,'Khagrachari','খাগড়াছড়ি'),(28,'Khulna','খুলনা'),(29,'Kishoreganj','কিশোরগঞ্জ'),(30,'Kurigram','কুড়িগ্রাম'),(31,'Kushtia','কুষ্টিয়া'),(32,'Lakshmipur','লক্ষ্মীপুর'),(33,'Lalmonirhat','লালমনিরহাট'),(34,'Madaripur','মাদারীপুর'),(35,'Magura','মাগুরা'),(36,'Manikganj','মানিকগঞ্জ'),(37,'Meherpur','মেহেরপুর'),(38,'Moulvibazar','মৌলভীবাজার'),(39,'Munshiganj','মুন্সিগঞ্জ'),(40,'Mymensingh','ময়মনসিংহ'),(41,'Naogaon','নওগাঁ'),(42,'Narail','নড়াইল'),(43,'Narayanganj','নারায়ণগঞ্জ'),(44,'Narshingdi','নরসিংদী'),(45,'Natore','নাটোর'),(46,'Netrakona','নেত্রকোণা'),(47,'Nilphamari','নীলফামারী'),(48,'Noakhali','নোয়াখালী'),(49,'Pabna','পাবনা'),(50,'Panchagarh','পঞ্চগড়'),(51,'Patuakhali','পটুয়াখালী'),(52,'Pirojpur','পিরোজপুর'),(53,'Rajbari','রাজবাড়ী'),(54,'Rajshahi','রাজশাহী'),(55,'Rangamati','রাঙ্গামাটি'),(56,'Rangpur','রংপুর'),(57,'Satkhira','সাতক্ষীরা'),(58,'Shariatpur','শরীয়তপুর'),(59,'Sherpur','শেরপুর'),(60,'Sirajganj','সিরাজগঞ্জ'),(61,'Sunamganj','সুনামগঞ্জ'),(62,'Sylhet','সিলেট'),(63,'Tangail','টাঙ্গাইল'),(64,'Thakurgaon','ঠাকুরগাঁও');

/*Table structure for table `all_post_office` */

DROP TABLE IF EXISTS `all_post_office`;

CREATE TABLE `all_post_office` (
  `id` int(11) NOT NULL AUTO_INCREMENT,
  `district_id` varchar(50) COLLATE utf8_unicode_ci DEFAULT NULL,
  `thana_id` varchar(50) COLLATE utf8_unicode_ci DEFAULT NULL,
  `post_office_eng` varchar(50) COLLATE utf8_unicode_ci DEFAULT NULL,
  `post_office` varchar(50) COLLATE utf8_unicode_ci DEFAULT NULL,
  `post_code` int(11) DEFAULT NULL,
  PRIMARY KEY (`id`)
) ENGINE=InnoDB AUTO_INCREMENT=4247 DEFAULT CHARSET=utf8 COLLATE=utf8_unicode_ci;

/*Data for the table `all_post_office` */

insert  into `all_post_office`(`id`,`district_id`,`thana_id`,`post_office_eng`,`post_office`,`post_code`) values (1,'13','96','Demra','ডেমরা',1360),(2,'13','96','Matuail','মাতুয়াল',1362),(3,'13','96','Sarulia','সারুলিয়া',1361),(4,'13','97','Dhaka CantonmentTSO','ঢাকা ক্যান্ট টিএসও',1206),(5,'13','98','Dhamrai','ধামরাই',1350),(6,'13','98','Kamalpur','কামালপুর',1351),(7,'13','99','Jigatala TSO','জিগাতলা টিএসও',1209),(8,'13','100','Banani TSO','বনানী টিএসও',1213),(9,'13','100','Gulshan Model Town ','গুলশান মডেল টাউন',1212),(10,'13','101','Dhania TSO','ধানিয়া টিএসও',1232),(11,'13','102','Joypara','জয়পাড়া',1330),(12,'13','102','Narisha','নারিশা',1332),(13,'13','102','Palamganj','পলামগঞ্জ',1331),(14,'13','103','Ati','এটিআই',1312),(15,'13','103','Dhaka Jute Mills','ঢাকা জুট মিলস',1311),(16,'13','103','Kalatia','কলাটিয়া',1313),(17,'13','103','Keraniganj','কেরানীগঞ্জ',1310),(18,'13','104','KhilgaonTSO','খিলগাঁও টিএসও',1219),(19,'13','105','KhilkhetTSO','খিলখেত টিএসও',1229),(20,'13','106','Posta TSO','পোস্তা টিএসও',1211),(21,'13','107','Mirpur TSO','মিরপুর টিএসও',1216),(22,'13','108','Mohammadpur Housing ','মোহাম্মদপুর হাউজিং',1207),(23,'13','108','Sangsad BhabanTSO','সংসদ ভবন টিএসও',1225),(24,'13','109','BangabhabanTSO','বঙ্গভবন টিএসও',1222),(25,'13','109','DilkushaTSO','দিলকুসা টিএসও',1223),(26,'13','110','Agla','আগলা',1323),(27,'13','110','Churain','ছুরাইন',1325),(28,'13','110','Daudpur','দাউদপুর',1322),(29,'13','110','Hasnabad','হাসনাবাদের',1321),(30,'13','110','Khalpar','খালপুর',1324),(31,'13','110','Nawabganj','নবাবগঞ্জ',1320),(32,'13','111','New Market TSO','নিউ মার্কেট টিএসও',1205),(33,'13','112','Dhaka GPO','ঢাকা জিপিও',1000),(34,'13','113','Shantinagr TSO','শান্তিনগর টিএসও',1217),(35,'13','114','Basabo TSO','বাসাবো টিএসও',1214),(36,'13','115','Amin Bazar','আমিন বাজারে',1348),(37,'13','115','Dairy Farm','দোহশালা',1341),(38,'13','115','EPZ','ইপিজেড',1349),(39,'13','115','Jahangirnagar Univer','জাহাঙ্গীরনগর বিশ্ববিদ্যালয়ের',1342),(40,'13','115','Kashem Cotton Mills','কাশেম কটন মিলস',1346),(41,'13','115','Rajphulbaria','রাজফুলবাড়িয়া',1347),(42,'13','115','Savar','সাভার',1340),(43,'13','115','Savar Canttonment','সাভার ক্যান্ট',1344),(44,'13','115','Saver P.A.T.C','সেভিং পিএটিসি',1343),(45,'13','115','Shimulia','শিমুলিয়া',1345),(46,'13','116','Dhaka Sadar HO','ঢাকা সদর এইসও',1100),(47,'13','116','Gendaria TSO','গেন্ডারিয়া টিএসও',1204),(48,'13','116','Wari TSO','ওয়ারী টিএসও',1203),(49,'13','117','Tejgaon TSO','তেজগাঁও টিএসও',1215),(50,'13','118','Dhaka Politechnic ','ঢাকা পলিটেকনিক',1208),(51,'13','119','Uttara Model TwonTSO','উত্তরা মডেল টাউন টিএসও',1230),(52,'15','133','Alfadanga','আলফাডাঙ্গা',7870),(53,'15','134','Bhanga','ভাঙ্গা',7830),(54,'15','135','Boalmari','বোয়ালমারী',7860),(55,'15','135','Rupatpat','রুপাতপথ',7861),(56,'15','136','Charbadrashan','চরবদরসন',7810),(57,'15','137','Ambikapur','অম্বিকাপুর',7802),(58,'15','137','Baitulaman Politecni','বাইতুলামান পলিটেকনিক',7803),(59,'15','137','Faridpursadar','ফরিদপুর সদর',7800),(60,'15','137','Kanaipur','কানাইপুর',7801),(61,'15','138','Kamarkali','কামারখালি',7851),(62,'15','138','Madukhali','মধুখালি',7850),(63,'15','139','Nagarkanda','নগরকান্দা',7840),(64,'15','139','Talma','ট্যাল্মা',7841),(65,'15','140','Bishwa jaker Manjil','বিশ্ব জাকের মঞ্জিল',7822),(66,'15','140','Hat Krishapur','হত কৃশপুর',7821),(67,'15','140','Sadarpur','সদরপুর',7820),(68,'15','141','Shriangan','শ্রীয়নগঞ্জ',7804),(69,'18','154','B.O.F','বিওএফ',1703),(70,'18','154','B.R.R','বিআরআর',1701),(71,'18','154','Chandna','চান্দা',1702),(72,'18','154','Gazipur Sadar','গাজীপুর সদর',1700),(73,'18','154','National University','জাতীয় বিশ্ববিদ্যালয়',1704),(74,'18','155','Kaliakaar','কালিয়াকার',1750),(75,'18','155','Safipur','শফিপুর',1751),(76,'18','156','Kaliganj','কালীগঞ্জ',1720),(77,'18','156','Pubail','পুবাইল',1721),(78,'18','156','Santanpara','সন্তনপারা',1722),(79,'18','156','Vaoal Jamalpur','ভাওয়াল জামালপুর',1723),(80,'18','157','kapashia','কাকরাইলে',1730),(81,'18','158','Ershad Nagar','এরশাদ নগর',1712),(82,'18','158','Monnunagar','মন্নুননগর',1710),(83,'18','158','Nishat Nagar','নিশাত নগর',1711),(84,'18','159','Barmi','বর্মি',1743),(85,'18','159','Bashamur','বশমপুর',1747),(86,'18','159','Boubi','বউবি',1748),(87,'18','159','Kawraid','কাওরাইদ',1745),(88,'18','159','Satkhamair','সাতখামার',1744),(89,'18','159','Sreepur','শ্রীপুর',1740),(90,'18','160','Rajendrapur','রাজেন্দ্রপুর',1741),(91,'18','160','Rajendrapur Canttome','রাজেন্দ্রপুর ক্যান্ট',1742),(92,'19','161','Barfa','বারফা',8102),(93,'19','161','Chandradighalia','চন্দ্রদিঘলিয়া',8013),(94,'19','161','Gopalganj Sadar','গোপালগঞ্জ সদর',8100),(95,'19','161','Ulpur','উলপুর',8101),(96,'19','162','Jonapur','জোনাপুর',8133),(97,'19','162','Kashiani','কাশিয়ানী',8130),(98,'19','162','Ramdia College','রামদিয়া কলেজ',8131),(99,'19','162','Ratoil','রাতুইল',8132),(100,'19','163','Kotalipara','কোটালিপাড়া',8110),(101,'19','164','Batkiamari','বাটকিয়ামারি',8141),(102,'19','164','Khandarpara','খন্দরপাড়া',8142),(103,'19','164','Maksudpur','মকছুদপুর',8140),(104,'19','165','Patgati','পাটগাতি',8121),(105,'19','165','Tungipara','টুঙ্গিপাড়া',8120),(106,'22','183','Dewangonj','দেওয়ানগঞ্জ',2030),(107,'22','183','Dewangonj S. Mills','দেওয়ানগঞ্জ এস মিলস',2031),(108,'22','184','Durmoot','দুরমত',2021),(109,'22','184','Gilabari','গিলাবাড়ি',2022),(110,'22','184','Islampur','ইসলামপুর',2020),(111,'22','185','Jamalpur','জামালপুর',2000),(112,'22','185','Nandina','নান্দিনা',2001),(113,'22','185','Narundi','নারুন্দি',2002),(114,'22','186','Jamalpur','জামালপুর',2011),(115,'22','186','Mahmoodpur','মাহমুদপুরে',2013),(116,'22','186','Malancha','মালঞ্চ',2012),(117,'22','186','Malandah','মালন্দ',2010),(118,'22','187','Balijhuri','বালিঝুরি',2041),(119,'22','187','Mathargonj','মাথারগঞ্জ',2040),(120,'22','188','Bausee','বউচি',2052),(121,'22','188','Gunerbari','গুনেরবাড়ি',2051),(122,'22','188','Jagannath Ghat','জগন্নাথ ঘাট',2053),(123,'22','188','Jamuna Sar Karkhana','যমুনা সার কারখানা',2055),(124,'22','188','Pingna','পিংনা',2054),(125,'22','188','Shorishabari','সরিষাবাড়ি',2050),(126,'29','230','Bajitpur','বাজিতপুর',2336),(127,'29','230','Laksmipur','লক্ষ্মীপুর',2338),(128,'29','230','Sararchar','সরারচর',2337),(129,'29','231','Bhairab','ভৈরব',2350),(130,'29','232','Hossenpur','হোসেনপুর',2320),(131,'29','233','Itna','ইটনা',2390),(132,'29','234','Karimganj','করিমগঞ্জ',2310),(133,'29','235','Gochhihata','গোছিহাটা',2331),(134,'29','235','Katiadi','কটিয়াদি',2330),(135,'29','236','Kishoreganj S.Mills','কিশোরগঞ্জ এস মিলস',2301),(136,'29','236','Kishoreganj Sadar','কিশোরগঞ্জ সদর',2300),(137,'29','236','Maizhati','মাইজহাটি',2302),(138,'29','236','Nilganj','নীলগঞ্জ',2303),(139,'29','237','Chhoysuti','ছয়ছুটি',2341),(140,'29','237','Kuliarchar','কুলিয়ারচর',2340),(141,'29','238','Abdullahpur','আব্দুল্লাহপুর',2371),(142,'29','238','MIthamoin','মিঠামন',2370),(143,'29','239','Nikli','নিকলী',2360),(144,'29','240','Ostagram','আস্তাগ্রাম',2380),(145,'29','241','Pakundia','পাকুন্দিয়া',2326),(146,'29','242','Tarial','তারাইল',2316),(147,'34','266','Bahadurpur','বাহাদুরপুর',7932),(148,'34','266','Barhamganj','বরহামগঞ্জ',7930),(149,'34','266','Nilaksmibandar','নিলক্ষীবন্দর',7931),(150,'34','266','Umedpur','উমেদপুর',7933),(151,'34','267','Kalkini','কালকিনি',7920),(152,'34','267','Sahabrampur','সাহেবরাম্পুর',7921),(153,'34','268','Charmugria','চরমুগরিয়া',7901),(154,'34','268','Habiganj','হবিগঞ্জ',7903),(155,'34','268','Kulpaddi','কুলপদ্দি',7902),(156,'34','268','Madaripur Sadar','মাদারীপুর সদর',7900),(157,'34','268','Mustafapur','মোস্তফাপুর',7904),(158,'34','269','Khalia','খালোর',7911),(159,'34','269','Rajoir','রাজৈর',7910),(160,'36','274','Doulatpur','দৌলতপুর',1860),(161,'36','275','Gheor','ঘিওর',1840),(162,'36','276','Jhitka','ঝিটকা',1831),(163,'36','276','Lechhraganj','লেছরাগঞ্জ',1830),(164,'36','277','Barangail','বরনগাইল',1804),(165,'36','277','Gorpara','গোরপাড়া',1802),(166,'36','277','Mahadebpur','মহাদেবপুর',1803),(167,'36','277','Manikganj Bazar','মানিকগঞ্জ বাজার',1801),(168,'36','277','Manikganj Sadar','মানিকগঞ্জ সদর',1800),(169,'36','278','Baliati','বালিয়াটি',1811),(170,'36','278','Saturia','সাটুরিয়া',1810),(171,'36','279','Aricha','আরিচা',1851),(172,'36','279','Shibaloy','সিংগাইর',1850),(173,'36','279','Tewta','টেওটা',1852),(174,'36','279','Uthli','উথলি',1853),(175,'36','280','Baira','বায়রার',1821),(176,'36','280','joymantop','জয়মনটপ',1822),(177,'36','280','Singair','সিংগাইর',1820),(178,'39','289','Gajaria','গজারিয়া',1510),(179,'39','289','Hossendi','হোসেন্দি',1511),(180,'39','289','Rasulpur','রসুলপুর',1512),(181,'39','290','Gouragonj','গোওরাগঞ্জ',1334),(182,'39','290','Gouragonj','গউরাগঞ্জ',1534),(183,'39','290','Haldia SO','হলদিয়া তাই',1532),(184,'39','290','Haridia','হারিদিয়া',1333),(185,'39','290','Haridia DESO','হারিদিয়া ডিএসও',1533),(186,'39','290','Korhati','করহাতি',1531),(187,'39','290','Lohajang','লৌহজং',1530),(188,'39','290','Madini Mandal','মাইনিং মন্ডল',1335),(189,'39','290','Medini Mandal EDSO','মেদিনি মন্ডল ইডিএসও',1535),(190,'39','291','Kathakhali','কথাখালি',1503),(191,'39','291','Mirkadim','মিরকাদিম',1502),(192,'39','291','Munshiganj Sadar','মুন্সিগঞ্জ সদর',1500),(193,'39','291','Rikabibazar','রিকাবিবাজার',1501),(194,'39','292','Ichapur','ইছাপুর',1542),(195,'39','292','Kola','কোলা',1541),(196,'39','292','Malkha Nagar','মাল্কা নগর',1543),(197,'39','292','Shekher Nagar','সেখের নগর',1544),(198,'39','292','Sirajdikhan','সিরাজদিখান',1540),(199,'39','293','Baghra','বাঘরা',1557),(200,'39','293','Barikhal','বারিখাল',1551),(201,'39','293','Bhaggyakul','ভাজ্ঞকুল',1558),(202,'39','293','Hashara','হাসারা',1553),(203,'39','293','Kolapara','কলাপাড়া',1554),(204,'39','293','Kumarbhog','কুমারভোগ',1555),(205,'39','293','Mazpara','মাঝপারা',1552),(206,'39','293','Srinagar','শ্রীনগর',1550),(207,'39','293','Vaggyakul SO','ভাজ্ঞকুল এসও',1556),(208,'39','294','Bajrajugini','বজ্রজুগিনি',1523),(209,'39','294','Baligao','বালিগাও',1522),(210,'39','294','Betkahat','বেটকাহাত',1521),(211,'39','294','Dighirpar','দিঘিরপার',1525),(212,'39','294','Hasail','হাসাইল',1524),(213,'39','294','Pura','পুরা',1527),(214,'39','294','Pura EDSO','পুরা ইডিএসও',1526),(215,'39','294','Tangibari','টঙ্গিবারি',1520),(216,'40','295','Bhaluka','ভালুকা',2240),(217,'40','296','Fulbaria','ফুলবাড়িয়া',2216),(218,'40','297','Duttarbazar','দোত্তেরবাজার',2234),(219,'40','297','Gaforgaon','গফরগাঁও',2230),(220,'40','297','Kandipara','কান্দিপারা',2233),(221,'40','297','Shibganj','শিবগঞ্জ',2231),(222,'40','297','Usti','উস্থি',2232),(223,'40','298','Gouripur','গৌরীপুর',2270),(224,'40','298','Ramgopalpur','রামগোপালপুর',2271),(225,'40','299','Dhara','ধারা',2261),(226,'40','299','Haluaghat','হালুয়াঘাট',2260),(227,'40','299','Munshirhat','মুন্সিরহাট',2262),(228,'40','300','Atharabari','.দৈনিক পত্র',2282),(229,'40','300','Isshwargonj','ঈশ্বরগঞ্জ',2280),(230,'40','300','Sohagi','সোহাগি',2281),(231,'40','301','Muktagachha','মুক্তাগাছা',2210),(232,'40','302','Agriculture Universi','কৃষি ইউনিভার্সিটি',2202),(233,'40','302','Biddyaganj','বিদ্যাগঞ্জ',2204),(234,'40','302','Kawatkhali','কাওয়াতখালি',2201),(235,'40','302','Mymensingh Sadar','ময়মনসিংহ সদর',2200),(236,'40','302','Pearpur','-পিয়ারপুর',2205),(237,'40','302','Shombhuganj','সম্ভুগঞ্জ',2203),(238,'40','303','Gangail','গাঙ্গাইল',2291),(239,'40','303','Nandail','নান্দাইল',2290),(240,'40','304','Beltia','বেল্টিয়া',2251),(241,'40','304','Phulpur','ফুলপুর',2250),(242,'40','304','Tarakanda','তারাকান্দায়',2252),(243,'40','305','Ahmadbad','আহমদবাদ',2221),(244,'40','305','Dhala','ধলা',2223),(245,'40','305','Ram Amritaganj','রাম আম্রিতাগঞ্জ',2222),(246,'40','305','Trishal','ত্রিশাল',2220),(247,'43','321','Araihazar','আড়াইহাজার',1450),(248,'43','321','Gopaldi','গোপালদি',1451),(249,'43','322','Baidder Bazar','বাইদ্দীর বাজার',1440),(250,'43','322','Bara Nagar','বারা নগর',1441),(251,'43','322','Barodi','বারদি',1442),(252,'43','323','Bandar','বানর',1410),(253,'43','323','BIDS','বিআইডিএস',1413),(254,'43','323','D.C Mills','ডি.সি মিলস',1411),(255,'43','323','Madanganj','মদনগঞ্জ',1414),(256,'43','323','Nabiganj','নবীগঞ্জ',1412),(257,'43','324','Fatulla Bazar','ফতুল্লা বাজার',1421),(258,'43','324','Fatullah','ফতুল্লা',1420),(259,'43','325','Narayanganj Sadar','নারায়ণগঞ্জ সদর',1400),(260,'43','326','Bhulta','ভুলতা',1462),(261,'43','326','Kanchan','কাঞ্চন',1461),(262,'43','326','Murapara','মুরাপারা',1464),(263,'43','326','Nagri','নগরি',1463),(264,'43','326','Rupganj','রূপগঞ্জ',1460),(265,'43','327','Adamjeenagar','আদমজীনগর',1431),(266,'43','327','LN Mills','এলএন মিলস',1432),(267,'43','327','Siddirganj','মিতালী মার্কেট সাইনবোর্ড',1430),(268,'44','328','Belabo','বেলাবো',1640),(269,'44','329','Hatirdia','হাতিরদিয়া',1651),(270,'44','329','Katabaria','কাটাবাড়িয়া',1652),(271,'44','329','Monohordi','মনোহরদী',1650),(272,'44','330','Karimpur','করিমপুর',1605),(273,'44','330','Madhabdi','নরসিংদীতে',1604),(274,'44','330','Narshingdi College','নরসিংদী কলেজ',1602),(275,'44','330','Narshingdi Sadar','নরসিংদী সদর',1600),(276,'44','330','Panchdona','পঞ্চধনা',1603),(277,'44','330','UMC Jute Mills','ইউএমসি জুট মিলস',1601),(278,'44','331','Char Sindhur','চর সিন্ধুর',1612),(279,'44','331','Ghorashal','ঘোড়াশাল',1613),(280,'44','331','Ghorashal Urea Facto','ঘোড়াশাল ইউরিয়া ফ্যাক্টো',1611),(281,'44','331','Palash','পলাশ',1610),(282,'44','332','Bazar Hasnabad','বাজার হাসনাবাদের',1631),(283,'44','332','Radhaganj bazar','রাধাগঞ্জ হাট বাজার',1632),(284,'44','332','Raypura','রায়পুরা',1630),(285,'44','333','Shibpur','শিবপুর',1620),(286,'46','340','Susnng Durgapur','সুশং দুর্গাপুর',2420),(287,'46','341','Atpara','আটপাড়া',2470),(288,'46','342','Barhatta','কাফরল',2440),(289,'46','343','Dharampasha','বড়লেখা',2450),(290,'46','344','Dhobaura','ছাগলনাইয়া',2416),(291,'46','344','Sakoai','সাকুয়াই',2417),(292,'46','345','Kalmakanda','কলমাকান্দা',2430),(293,'46','346','Kendua','কেন্দুয়া',2480),(294,'46','347','Khaliajhri','খালিয়াঝুরি',2460),(295,'46','347','Shaldigha','সালদিঘা',2462),(296,'46','348','Madan','মদন',2490),(297,'46','349','Moddoynagar','মধ্যনগর',2456),(298,'46','350','Mohanganj','মোহনগঞ্জ',2446),(299,'46','351','Baikherhati','বাখেরহাতি',2401),(300,'46','351','Netrakona Sadar','নেত্রকোণা সদর',2400),(301,'46','352','Jaria Jhanjhail','ঝারিয়া ঝাঁঞ্জিল',2412),(302,'46','352','Purbadhola','পূর্বধলা',2410),(303,'46','352','Shamgonj','শ্যামগঞ্জ',2411),(304,'53','392','Baliakandi','বালিয়াকান্দি',7730),(305,'53','392','Nalia','নালিয়া',7731),(306,'53','393','Mrigibazar','মৃগিবাজার',7723),(307,'53','393','Pangsha','পাংশা',7720),(308,'53','393','Ramkol','রামকুল',7721),(309,'53','393','Ratandia','রতন্দিয়া',7722),(310,'53','394','Goalanda','গোয়ালন্দ',7710),(311,'53','394','Khankhanapur','খানখানপুর',7711),(312,'53','394','Rajbari Sadar','রাজবাড়ী সদর',7700),(313,'58','429','Bhedorganj','ভেদরগঞ্জ',8030),(314,'58','430','Damudhya','দামুদিয়া',8040),(315,'58','431','Gosairhat','গোসাইরহাট',8050),(316,'58','432','Jajira','জাজিরা',8010),(317,'58','433','Bhozeshwar','ভোজেসসর',8021),(318,'58','433','Gharisar','ঘড়িসার',8022),(319,'58','433','Kartikpur','কার্তিকপুর',8024),(320,'58','433','Naria','নড়িয়া',8020),(321,'58','433','Upshi','উপচি',8023),(322,'58','434','Angaria','আঙ্গারিয়া',8001),(323,'58','434','Chikandi','ছিকান্দি',8002),(324,'58','434','Shariatpur Sadar','শরীয়তপুর সদর',8000),(325,'59','435','Bakshigonj','বক্ষীগঞ্জ',2140),(326,'59','436','Jhinaigati','নালিতাবাড়ি',2120),(327,'59','437','Gonopaddi','গনপদ্দি',2151),(328,'59','437','Nakla','নকলা',2150),(329,'59','438','Hatibandha','হাতিবান্ধা',2111),(330,'59','438','Nalitabari','নালিতাবাড়ী',2110),(331,'59','439','Sherpur Shadar','শেরপুর সদর',2100),(332,'59','440','Shribardi','শ্রীবরদি',2130),(333,'63','469','Basail','কালিহাতি',1920),(334,'63','470','Bhuapur','ভূঁয়াপূরে',1960),(335,'63','471','Delduar','দেলদুয়ার',1910),(336,'63','471','Elasin','ইলাসিন',1913),(337,'63','471','Hinga Nagar','হিঙ্গা নগর',1914),(338,'63','471','Jangalia','জাঙ্গালিয়া',1911),(339,'63','471','Lowhati','লউহাতি',1915),(340,'63','471','Patharail','পথরাইল',1912),(341,'63','472','D. Pakutia','ডি পাকুটিয়া',1982),(342,'63','472','Dhalapara','ধলাপাড়া',1983),(343,'63','472','Ghatial','ঘাটাইল',1980),(344,'63','472','Lohani','প্লেহেড',1984),(345,'63','472','Zahidganj','জাহিদগঞ্জ',1981),(346,'63','473','Gopalpur','গোপালপুর',1990),(347,'63','473','Hemnagar','হেমনগর',1992),(348,'63','473','Jhowail','ঝাওইল',1991),(349,'63','474','Ballabazar','বল্লাবাজার',1973),(350,'63','474','Elinga','ইলিঙ্গা',1974),(351,'63','474','Kalihati','কালিহাতী',1970),(352,'63','474','Nagarbari','নগরবাড়ি',1977),(353,'63','474','Nagarbari SO','নগরবাড়ি তাই',1976),(354,'63','474','Nagbari','নাগবারি',1972),(355,'63','474','Palisha','পালিসা',1975),(356,'63','474','Rajafair','রাজাফায়ার',1971),(357,'63','475','Kashkawlia','কাশকাউলিয়া',1930),(358,'63','476','Dhobari','ধবারি',1997),(359,'63','476','Madhupur','মধুপুর',1996),(360,'63','477','Gorai','গোড়াই',1941),(361,'63','477','Jarmuki','ঝারমুকি',1944),(362,'63','477','M.C. College','এম.সি. কলেজ',1942),(363,'63','477','Mirzapur','মির্জাপুর',1940),(364,'63','477','Mohera','মোহেরা',1945),(365,'63','477','Warri paikpara','ওয়ারি পাইকপাড়া',1943),(366,'63','478','Dhuburia','ধুবুরিয়া',1937),(367,'63','478','Nagarpur','নাগরপুরের',1936),(368,'63','478','Salimabad','সেলিমাবাদ',1938),(369,'63','479','Kochua','কচুয়া',1951),(370,'63','479','Sakhipur','সখীপুর',1950),(371,'63','480','Kagmari','কাগমারি',1901),(372,'63','480','Korotia','করটিয়া',1903),(373,'63','480','Purabari','পুরাবাড়ি',1904),(374,'63','480','Santosh','সন্তোষ',1902),(375,'63','480','Tangail Sadar','টাঙ্গাইল সদর',1900),(376,'2','7','Amtali','আমতলী',8710),(377,'2','8','Bamna','কলমাকান্দা',8730),(378,'2','9','Barguna Sadar','বরগুনা সদর',8700),(379,'2','9','Nali Bandar','নালি বন্দর',8701),(380,'2','10','Betagi','বেতাগী',8740),(381,'2','10','Darul Ulam','দারুল ঊলম',8741),(382,'2','11','Kakchira','কাকছিড়া',8721),(383,'2','11','Patharghata','পাথরঘাটা',8720),(384,'3','12','Agailzhara','আজাইলঝরা',8240),(385,'3','12','Gaila','গৈলা',8241),(386,'3','12','Paisarhat','পয়সারহাট',8242),(387,'3','13','Babuganj','বাবুগঞ্জ',8210),(388,'3','13','Barishal Cadet','বরিশাল ক্যাডেট',8216),(389,'3','13','Chandpasha','চাদপাশা',8212),(390,'3','13','Madhabpasha','মাধবপাশা',8213),(391,'3','13','Nizamuddin College','নিজামউদ্দিন কলেজ',8215),(392,'3','13','Rahamatpur','রহমতপুর',8211),(393,'3','13','Thakur Mallik','ঠাকুর মল্লিক',8214),(394,'3','14','Barajalia','বড়ঝালিয়া',8260),(395,'3','14','Osman Manjil','ওসমান মুঞ্জিল',8261),(396,'3','15','Barishal Sadar','বরিশাল সদর',8200),(397,'3','15','Bukhainagar','বুখিনগর',8201),(398,'3','15','Jaguarhat','জাগুয়ারঘাট',8206),(399,'3','15','Kashipur','কাশীপুর',8205),(400,'3','15','Patang','পতং',8204),(401,'3','15','Saheberhat','সাহেবেরহাট',8202),(402,'3','15','Sugandia','সুগন্ধিয়া',8203),(403,'3','16','Batajor','বাতাজর',8233),(404,'3','16','Gouranadi','গুউরান্দি',8230),(405,'3','16','Kashemabad','কাশেমাবাদ',8232),(406,'3','16','Tarki Bandar','তুরকি বন্দর',8231),(407,'3','17','Langutia','ল্যাঙ্গুটিয়',8274),(408,'3','17','Laskarpur','লস্করপুর',8271),(409,'3','17','Mahendiganj','মেহেন্দিগঞ্জ',8270),(410,'3','17','Nalgora','নাল্গরা',8273),(411,'3','17','Ulania','উলানিয়া',8272),(412,'3','18','Charkalekhan','চরকালেখান',8252),(413,'3','18','Kazirchar','কাজিরচর',8251),(414,'3','18','Muladi','মুলাদি',8250),(415,'3','19','Charamandi','চরামন্দি',8281),(416,'3','19','kalaskati','কালাস্কাটি',8284),(417,'3','19','Padri Shibpur','পাদ্রি শিবপুর',8282),(418,'3','19','Sahebganj','সাহেবগঞ্জ',8280),(419,'3','19','Shialguni','শিয়লগঞ্জ',8283),(420,'3','20','Dakuarhat','ডাকুরহাট',8223),(421,'3','20','Dhamura','ধামুরা',8221),(422,'3','20','Jugirkanda','জুগিরকন্দ',8222),(423,'3','20','Shikarpur','শিকারপুর',8224),(424,'3','20','Uzirpur','উজিরপুর',8220),(425,'4','21','Bhola Sadar','ভোলা সদর',8300),(426,'4','21','Joynagar','জয়নগর',8301),(427,'4','22','Borhanuddin UPO','বোরহানউদ্দিন ইউওপিও',8320),(428,'4','22','Mirzakalu','মির্জাকালু',8321),(429,'4','23','Charfashion','চরফ্যাশন',8340),(430,'4','23','Dularhat','ধুলারহাট',8341),(431,'4','23','Keramatganj','কেরামতগঞ্জ',8342),(432,'4','24','Doulatkhan','দৌলতখান',8310),(433,'4','24','Hajipur','হাজিপুর',8311),(434,'4','25','Hajirhat','হাজিরহাট',8360),(435,'4','26','Hatshoshiganj','হাতশসিগঞ্জ',8350),(436,'4','27','Daurihat','দৌড়িহাট',8331),(437,'4','27','Gazaria','গজারিয়া',8332),(438,'4','27','Lalmohan UPO','লালমোহন ইউপিও',8330),(439,'24','197','Baukathi','বউকথি',8402),(440,'24','197','Gabha','গাভা',8403),(441,'24','197','Jhalokathi Sadar','ঝালকাঠি সদর',8400),(442,'24','197','Nabagram','নবগ্রাম',8401),(443,'24','197','Shekherhat','শেখেরহাট',8404),(444,'24','198','Amua','নগরী',8431),(445,'24','198','Kathalia','কাঁঠালিয়া',8430),(446,'24','198','Niamatee','নাইমাটি',8432),(447,'24','198','Shoulajalia','শ্যাওলাঝালিয়া',8433),(448,'24','199','Beerkathi','বীরকথি',8421),(449,'24','199','Nalchhiti','নালচিথি',8420),(450,'24','200','Rajapur','রাজাপুর',8410),(451,'51','379','Bagabandar','বগাবান্দর',8621),(452,'51','379','Bauphal','কালীগ্বধপঁঃব',8620),(453,'51','379','Birpasha','বীরপাশা',8622),(454,'51','379','Kalaia','কালাইয়া',8624),(455,'51','379','Kalishari','কালিসরি',8623),(456,'51','380','Dashmina','চরফ্যাশন',8630),(457,'51','381','Galachipa','গলাচিপা',8640),(458,'51','381','Gazipur Bandar','গাজীপুর বন্দর',8641),(459,'51','382','Khepupara','খেপুপাড়া',8650),(460,'51','382','Mahipur','মহীপুর',8651),(461,'51','383','Dumkee','দুমকি',8602),(462,'51','383','Moukaran','মোকরন',8601),(463,'51','383','Patuakhali Sadar','পটুয়াখালী সদর',8600),(464,'51','383','Rahimabad','রহিমবাদ',8603),(465,'51','384','Subidkhali','সুদিবখালি',8610),(466,'52','385','Banaripara','বানারীপাড়া',8530),(467,'52','385','Chakhar','চখোর',8531),(468,'52','386','Bhandaria','ভান্ডারিয়া',8550),(469,'52','386','Dhaoa','ধাউয়া',8552),(470,'52','386','Kanudashkathi','কানুদাশকথি',8551),(471,'52','387','Jolagati','জলাগাটি',8513),(472,'52','387','Joykul','জয়কুল',8512),(473,'52','387','Kaukhali','কাউখালী',8510),(474,'52','387','Keundia','কেউন্দিয়া',8511),(475,'52','388','Betmor Natun Hat','বেটমোর নতুন হাট',8565),(476,'52','388','Gulishakhali','গুলিশাখালী',8563),(477,'52','388','Halta','হা্লটা',8562),(478,'52','388','Mathbaria','গুনাই',8560),(479,'52','388','Shilarganj','শিলারগঞ্জ',8566),(480,'52','388','Tiarkhali','টায়ারখালি',8564),(481,'52','388','Tushkhali','তুশখালি',8561),(482,'52','389','Nazirpur','নাজিরপুর',8540),(483,'52','389','Sriramkathi','শ্রীরামকথি',8541),(484,'52','390','Hularhat','হুলারহাত',8501),(485,'52','390','Parerhat','পারেরহাট',8502),(486,'52','390','Pirojpur Sadar','পিরোজপুর সদর',8500),(487,'52','391','Darus Sunnat','দারুস সুন্নাত',8521),(488,'52','391','Jalabari','জালাবারি',8523),(489,'52','391','Kaurikhara','কৌ্রিখরা',8522),(490,'52','391','Swarupkathi','স্বরূপকাঠি',8520),(491,'1','1','Alikadam','আলিকদম',4650),(492,'1','2','Bandarban Sadar','বান্দরবান সদর',4600),(493,'1','3','Naikhong','নাইখং',4660),(494,'1','4','Roanchhari','রনছড়ি',4610),(495,'1','5','Ruma','রুমা',4620),(496,'1','6','Lama','লামা',4641),(497,'1','6','Thanchi','থানচি',4630),(498,'6','39','Akhaura','আখাউড়া',3450),(499,'6','39','Azampur','আজমপুর',3451),(500,'6','39','Gangasagar','গঙ্গাসাগর',3452),(501,'6','40','Banchharampur','বাঞ্ছারামপুর',3420),(502,'6','41','Ashuganj','আশুগঞ্জ',3402),(503,'6','41','Ashuganj Share','আশুগঞ্জ সেয়ার',3403),(504,'6','41','Brahamanbaria Sadar','ব্রাহ্মণবাড়িয়া সদর',3400),(505,'6','41','Poun','পোন',3404),(506,'6','41','Talshahar','তালশাহার',3401),(507,'6','42','Chandidar','চান্দিদার',3462),(508,'6','42','Chargachh','ছরগছ',3463),(509,'6','42','Gopinathpur','গোপীনাথপুর',3464),(510,'6','42','Kasba','কসবা',3460),(511,'6','42','Kuti','কুটি',3461),(512,'6','43','Jibanganj','জীবনগঞ্জ',3419),(513,'6','43','Kaitala','কাইতলা',3417),(514,'6','43','Laubfatehpur','লুয়াবফতহপুর',3411),(515,'6','43','Nabinagar','নবীনগর',3410),(516,'6','43','Rasullabad','রাসুল্লাবাদ',3412),(517,'6','43','Ratanpur','রতনপুর',3414),(518,'6','43','Salimganj','সেলিমগঞ্জ',3418),(519,'6','43','Shahapur','শাহাপুর',3415),(520,'6','43','Shamgram','শ্যামগ্রাম',3413),(521,'6','44','Fandauk','ফান্দুক',3441),(522,'6','44','Nasirnagar','লামা',3440),(523,'6','45','Chandura','চান্দুরা',3432),(524,'6','45','Sarial','সারাইল',3430),(525,'6','45','Shahbajpur','রিপোর্টের',3431),(526,'7','46','Baburhat','বাবুর হাট',3602),(527,'7','46','Chandpur Sadar','চাঁদপুর সদর',3600),(528,'7','46','Puranbazar','পুরানবাজার',3601),(529,'7','46','Sahatali','সাহাতলি',3603),(530,'7','47','Chandra','চন্দ্র',3651),(531,'7','47','Faridganj','ফরিদগঞ্জের',3650),(532,'7','47','Gridkaliandia','গ্রিডখালিন্দা',3653),(533,'7','47','Islampur Shah Isain ','ইসলামপুর শাহ ইসাইন',3655),(534,'7','47','Rampurbazar','রামপুরাবাজার',3654),(535,'7','47','Rupsha','রূপসা',3652),(536,'7','48','Bolakhal','ভোলাখাল',3611),(537,'7','48','Hajiganj','হাজীগঞ্জ',3610),(538,'7','49','Gandamara','গন্ডামারা',3661),(539,'7','49','Hayemchar','হায়েমচর',3660),(540,'7','50','Kachua','কচুয়া',3630),(541,'7','50','Pak Shrirampur','পাক শ্রীরামপুর',3631),(542,'7','50','Rahima Nagar','রহিমা নগর',3632),(543,'7','50','Shachar','সচর',3633),(544,'7','51','Kalipur','কালিপুর',3642),(545,'7','51','Matlobganj','মতলবগঞ্জ',3640),(546,'7','51','Mohanpur','মোহনপুর',3641),(547,'7','52','Chotoshi','ছটোসি',3623),(548,'7','52','Islamia Madrasha','ইসলামিয়া মাদ্রাসা',3624),(549,'7','52','Khilabazar','খিলাবাজার',3621),(550,'7','52','Pashchim Kherihar Al','পশ্চিম খেরিহাড় আল',3622),(551,'7','52','Shahrasti','শাহরাস্তি',3620),(552,'9','58','Anowara','আনোয়ারা',4376),(553,'9','58','Battali','বাত্তলি',4378),(554,'9','58','Paroikora','পারুইখরা',4377),(555,'9','59','Boalkhali','বোয়ালখালী',4366),(556,'9','59','Charandwip','চরনদীপ',4369),(557,'9','59','Iqbal Park','ইকবাল পার্ক',4365),(558,'9','59','Kadurkhal','কাদুরখাল',4368),(559,'9','59','Kanungopara','কানুংপারা',4363),(560,'9','59','Sakpura','সাকপুরা',4367),(561,'9','59','Saroatoli','সারোয়াতলি',4364),(562,'9','60','Al- Amin Baria Madra','আল আমিন বাড়িয়া মাদ্রা',4221),(563,'9','60','Amin Jute Mills','আমিন জুট মিলস',4211),(564,'9','60','Anandabazar','আনন্দবাজার',4215),(565,'9','60','Bayezid Bostami','বায়েজীদ বোস্তামী',4210),(566,'9','60','Chandgaon','চাঁদগাও',4212),(567,'9','60','Chawkbazar','চকবাজার',4203),(568,'9','60','Chitt. Cantonment','চিটাগাং সেনানিবাস',4220),(569,'9','60','Chitt. Customs Acca','চিটাগাং  কাস্টমস Acca',4219),(570,'9','60','Chitt. Politechnic In','চিটাগাং পলিটেকনিক ইন',4209),(571,'9','60','Chitt. Sailers Colon','চিটাগাং সেইলার কোলন',4218),(572,'9','60','Chittagong Airport','চট্টগ্রাম বিমানবন্দর',4205),(573,'9','60','Chittagong Bandar','চট্টগ্রাম বন্দর',4100),(574,'9','60','Chittagong GPO','চট্টগ্রাম জিপিও',4000),(575,'9','60','Export Processing','রপ্তানি প্রক্রিয়াকরণ',4223),(576,'9','60','Firozshah','ফিরজশাহ',4207),(577,'9','60','Halishahar','হালিশহর',4216),(578,'9','60','Halishshar','হালিশাসর',4225),(579,'9','60','Jalalabad','জালালাবাদ',4214),(580,'9','60','Jaldia Merine Accade','জলদিয়া মেরিন অ্যাকাডেমি',4206),(581,'9','60','Middle Patenga','মধ্য পতেঙ্গা',4222),(582,'9','60','Mohard','মহারদ',4208),(583,'9','60','North Halishahar','উত্তর হালিশহর',4226),(584,'9','60','North Katuli','উত্তর কাটুলি',4217),(585,'9','60','Pahartoli','পাহাড়তলী',4202),(586,'9','60','Patenga','পতেঙ্গা',4204),(587,'9','60','Rampura TSO','রামপুরা টিএসও',4224),(588,'9','60','Wazedia','ওয়াজেদিয়া',4213),(589,'9','61','Barma','বর্মা',4383),(590,'9','61','Dohazari','দোহাজারী',4382),(591,'9','61','East Joara','ইস্ট জোয়ারা',4380),(592,'9','61','Gachbaria','গাছবাড়িয়া',4381),(593,'9','62','Bhandar Sharif','ভন্দর শরীফ',4352),(594,'9','62','Fatikchhari','ফটিকছড়ি',4350),(595,'9','62','Harualchhari','হারুয়ালছরি',4354),(596,'9','62','Najirhat','নাজিরহাট',4353),(597,'9','62','Nanupur','নানুপুর',4351),(598,'9','62','Narayanhat','নারায়ণহাট',4355),(599,'9','63','Chitt.University','চিটাগাং ইউনিভারছিটি',4331),(600,'9','63','Fatahabad','হাতেহাবাদ',4335),(601,'9','63','Gorduara','ঘরদুয়ারা',4332),(602,'9','63','Hathazari','হাটহাজারী',4330),(603,'9','63','Katirhat','কাটিরহাট',4333),(604,'9','63','Madrasa','মাদ্রাসা',4339),(605,'9','63','Mirzapur','মির্জাপুর',4334),(606,'9','63','Nuralibari','নুরালিবাড়ি',4337),(607,'9','63','Yunus Nagar','ইউনুস নগর',4338),(608,'9','64','Banigram','বানিগ্রাম',4393),(609,'9','64','Gunagari','গুনাগারি',4392),(610,'9','64','Jaldi','জালদি',4390),(611,'9','64','Khan Bahadur','খান বাহাদুর',4391),(612,'9','65','Chunti','ছুন্টি',4398),(613,'9','65','Lohagara','লোহাগাড়া',4396),(614,'9','65','Padua','পাদুয়া',4397),(615,'9','66','Abutorab','আবুতরাব',4321),(616,'9','66','Azampur','আজমপুর',4325),(617,'9','66','Bharawazhat','ভরাওয়াঝাট',4323),(618,'9','66','Darrogahat','দারোগাহাট',4322),(619,'9','66','Joarganj','জোয়ারগঞ্জ',4324),(620,'9','66','Korerhat','কোরেরহাট',4327),(621,'9','66','Mirsharai','মীরসরাই',4320),(622,'9','66','Mohazanhat','মহাজানহাট',4328),(623,'9','67','Budhpara','বুধপাড়া',4371),(624,'9','67','Patia Head Office','পটিয়া হেড অফিস',4370),(625,'9','68','Dhamair','ধামাইর',4361),(626,'9','68','Rangunia','রাঙ্গুনিয়া',4360),(627,'9','69','B.I.T Post Office','বি আই টি পোস্ট অফিস',4349),(628,'9','69','Beenajuri','বীনাজুরি',4341),(629,'9','69','Dewanpur','দেওয়ানপুর',4347),(630,'9','69','Fatepur','ফতেপুর',4345),(631,'9','69','Gahira','গাহিড়া',4343),(632,'9','69','Guzra Noapara','গুজরা নয়াপাড়া',4346),(633,'9','69','jagannath Hat','জগন্নাথ হাট',4344),(634,'9','69','Kundeshwari','কুণ্ডেশ্বরী',4342),(635,'9','69','Mohamuni','মহামুনি',4348),(636,'9','69','Rouzan','রউজান',4340),(637,'9','70','Sandwip','সন্দ্বীপ',4300),(638,'9','70','Shiberhat','শিবেরহাট',4301),(639,'9','70','Urirchar','উরিরচর',4302),(640,'9','71','Baitul Ijjat','বায়তুল ইজ্জত',4387),(641,'9','71','Bazalia','বাজালিয়া',4388),(642,'9','71','Satkania','সাতকানিয়া',4386),(643,'9','72','Barabkunda','বরবকুন্দি',4312),(644,'9','72','Baroidhala','বরইধলা',4311),(645,'9','72','Bawashbaria','বাশবাড়িয়া',4313),(646,'9','72','Bhatiari','ভাটিয়ারির',4315),(647,'9','72','Fouzdarhat','ফৌজদারহাট',4316),(648,'9','72','Jafrabad','জাফরাবাদ',4317),(649,'9','72','Kumira','কুমিরা',4314),(650,'9','72','Sitakunda','সীতাকুন্ড',4310),(651,'11','77','Barura','কালিয়া',3560),(652,'11','77','Murdafarganj','মুরদাফরগঞ্জ',3562),(653,'11','77','Poyalgachha','পয়ালগছা',3561),(654,'11','78','Brahmanpara','ব্রাহ্মণপাড়া',3526),(655,'11','79','Burichang','বুড়িচং',3520),(656,'11','79','Maynamoti bazar','ময়নামতি বাজার',3521),(657,'11','80','Chandia','চান্দিয়া',3510),(658,'11','80','Madhaiabazar','মাধইবাজার',3511),(659,'11','81','Batisa','বাতিশা',3551),(660,'11','81','Chiora','ছিওরা',3552),(661,'11','81','Chouddagram','চৌদ্দগ্রামে',3550),(662,'11','82','Comilla Contoment','কুমিল্লা ক্যান্ট',3501),(663,'11','82','Comilla Sadar','কুমিল্লা সদর',3500),(664,'11','82','Courtbari','কোর্টবাড়ি',3503),(665,'11','82','Halimanagar','হালিমানগর',3502),(666,'11','82','Suaganj','সুয়াগঞ্জ',3504),(667,'11','83','Dashpara','দাশপাড়া',3518),(668,'11','83','Daudkandi','দাউদকান্দি',3516),(669,'11','83','Eliotganj','ইলিয়টগঞ্জ',3519),(670,'11','83','Gouripur','গৌরীপুর',3517),(671,'11','84','Barashalghar','বরশালঘর',3532),(672,'11','84','Davidhar','দেভিধর',3530),(673,'11','84','Dhamtee','ধামতী',3533),(674,'11','84','Gangamandal','গনঙ্গামন্ডল',3531),(675,'11','85','Homna','হোমনা',3546),(676,'11','86','Bipulasar','বিপুলাসর',3572),(677,'11','86','Laksam','লাকসামে',3570),(678,'11','86','Lakshamanpur','লক্ষনপুর',3571),(679,'11','87','Chhariabazar','ছারিবাজার',3582),(680,'11','87','Dhalua','ধালুয়া',3581),(681,'11','87','Gunabati','গুনবতি',3583),(682,'11','87','Langalkot','লাঙ্গলকোট',3580),(683,'11','88','Bangra','বাংড়া',3543),(684,'11','88','Companyganj','কোম্পানীগঞ্জ',3542),(685,'11','88','Muradnagar','মুরাদনগর',3540),(686,'11','88','Pantibazar','পান্টিবাজার',3545),(687,'11','88','Ramchandarpur','রামচন্দ্রপুর',3541),(688,'11','88','Sonakanda','সোনাকান্দা',3544),(689,'12','89','Badarkali','বদরখালি',4742),(690,'12','89','Chiringga','ছিরিঙ্গা',4740),(691,'12','89','Chiringga S.O','ছিরিঙ্গা এস ও',4741),(692,'12','89','Malumghat','মালুমঘাট',4743),(693,'12','90','Coxs Bazar Sadar','কক্সবাজার নগরী সদর',4700),(694,'12','90','Eidga','ঈদ্গা',4702),(695,'12','90','Zhilanja','ঝিলঞ্জা',4701),(696,'12','91','Gorakghat','গোরাকঘাট',4710),(697,'12','92','Kutubdia','কুতুবদিয়া',4720),(698,'12','93','Ramu','রামু',4730),(699,'12','94','Hnila','হিলা',4761),(700,'12','94','St.Martin','সেন্ট মারটিন',4762),(701,'12','94','Teknaf','টেকনাফ',4760),(702,'12','95','Ukhia','উখিয়া',4750),(703,'16','142','Chhagalnaia','ছাগলনাইয়া',3910),(704,'16','142','Daraga Hat','দারোগাহাট',3912),(705,'16','142','Maharajganj','মহারাজগঞ্জ',3911),(706,'16','142','Puabashimulia','পুবশিমুলিয়া',3913),(707,'16','143','Chhilonia','ছিলনিয়া',3922),(708,'16','143','Dagondhuia','ডাগন্ধুইয়া',3920),(709,'16','143','Dudmukha','দুধমুখা',3921),(710,'16','143','Rajapur','রাজাপুর',3923),(711,'16','144','Fazilpur','ফাজিল্পুর',3901),(712,'16','144','Feni Sadar','ফেনী সদর',3900),(713,'16','144','Laskarhat','লস্করহাট',3903),(714,'16','144','Sharshadie','সারশাদি',3902),(715,'16','145','Fulgazi','ফুলগাজি',3942),(716,'16','145','Munshirhat','মুন্সিরহাট',3943),(717,'16','145','Pashurampur','পশুরাম্পুর',3940),(718,'16','145','Shuarbazar','শুরবাজার',3941),(719,'16','146','Ahmadpur','আহমদপুর',3932),(720,'16','146','Kazirhat','কাজিরহাট',3933),(721,'16','146','Motiganj','মতিগঞ্জ',3931),(722,'16','146','Sonagazi','সোনাগাজী',3930),(723,'27','212','Diginala','দিঘিনলা',4420),(724,'27','213','Khagrachari Sadar','খাগড়াছড়ি সদর',4400),(725,'27','214','Laxmichhari','লক্ষিছরি',4470),(726,'27','215','Mahalchhari','মহালছডি়',4430),(727,'27','216','Manikchhari','মানিকছড়ি',4460),(728,'27','217','Matiranga','মাটিরাঙ্গা',4450),(729,'27','218','Panchhari','পানঞ্ছরি',4410),(730,'27','219','Ramghar Head Office','রামঘর হেড অফিস',4440),(731,'32','257','Char Alexgander ','চরা আলেকজান্ডার',3730),(732,'32','257','Hajirghat','হাজিরঘাট',3731),(733,'32','257','Ramgatirhat','রামগতিরহাট',3732),(734,'32','258','Amani Lakshimpur','আমানিলক্ষিপুর',3709),(735,'32','258','Bhabaniganj','ভবানীগঞ্জ',3702),(736,'32','258','Chandraganj','চন্দ্রগঞ্জ',3708),(737,'32','258','Choupalli','চপাল্লি',3707),(738,'32','258','Dalal Bazar','দালাল বাজার',3701),(739,'32','258','Duttapara','দৌত্যপাড়া',3706),(740,'32','258','Keramatganj','কেরামতগঞ্জ',3704),(741,'32','258','Lakshimpur Sadar','লক্ষীপুর সদর',3700),(742,'32','258','Mandari','মান্দারি',3703),(743,'32','258','Rupchara','রুপচরা',3705),(744,'32','259','Alipur','আলীপুর',3721),(745,'32','259','Dolta','দল্টা',3725),(746,'32','259','Kanchanpur','কাঞ্চনপুর',3723),(747,'32','259','Naagmud','নাগমুদ',3724),(748,'32','259','Panpara','পানপারা',3722),(749,'32','259','Ramganj','রামগঞ্জ',3720),(750,'32','260','Bhuabari','ভুয়াবাড়ি',3714),(751,'32','260','Haydarganj','হায়দারগঞ্জ',3713),(752,'32','260','Nagerdighirpar','নাগেরদিঘিরপাড়',3712),(753,'32','260','Rakhallia','রাখালিয়া',3711),(754,'32','260','Raypur','কাজের ডিভাইস',3710),(755,'48','359','Basur Hat','বাসুর হাট',3850),(756,'48','359','Charhajari','চরহাজারি',3851),(757,'48','360','Alaiarpur','আলারপুর',3831),(758,'48','360','Amisha Para','আমিশাপাড়া',3847),(759,'48','360','Banglabazar','বাংলাবাজার',3822),(760,'48','360','Bazra','বজ্র',3824),(761,'48','360','Begumganj','বেগমগঞ্জ',3820),(762,'48','360','Bhabani Jibanpur','ভবানী জীবনপুর',3837),(763,'48','360','Choumohani','চৌমহনী',3821),(764,'48','360','Dauti','দৌতি',3843),(765,'48','360','Durgapur','দুর্গাপুর',3848),(766,'48','360','Gopalpur','গোপালপুর',3828),(767,'48','360','Jamidar Hat','জমিদারহাট',3825),(768,'48','360','Joyag','জয়গ',3844),(769,'48','360','Joynarayanpur','জয়নারায়নপুর',3829),(770,'48','360','Khalafat Bazar','খেলাফত বাজার',3833),(771,'48','360','Khalishpur','খালিশপুর',3842),(772,'48','360','Maheshganj','মহেশগঞ্জ',3838),(773,'48','360','Mir Owarishpur','মীর ওয়ারীস্পুর',3823),(774,'48','360','Nadona','নাদনা',3839),(775,'48','360','Nandiapara','নন্দিপারা',3841),(776,'48','360','Oachhekpur','অচেকপারা',3835),(777,'48','360','Rajganj','রাজগঞ্জ',3834),(778,'48','360','Sonaimuri','সোনাইমুড়ি',3827),(779,'48','360','Tangirpar','টঙ্গিরপাড়',3832),(780,'48','360','Thanar Hat','থানার হাট',3845),(781,'48','361','Bansa Bazar','দেশ বাজার',3879),(782,'48','361','Bodalcourt','বাদলকোরট',3873),(783,'48','361','Chatkhil','চাটখিল',3870),(784,'48','361','Dosh Gharia','দশঘরিয়া',3878),(785,'48','361','Karihati','কারিহাতি',3877),(786,'48','361','Khilpara','খিলপারা',3872),(787,'48','361','Palla','পল্লা',3871),(788,'48','361','Rezzakpur','রাজ্জাকপুর',3874),(789,'48','361','Sahapur','সাহাপুর',3881),(790,'48','361','Sampara','শ্যাম্পারা',3882),(791,'48','361','Shingbahura','শিংবাহুরা',3883),(792,'48','361','Solla','সল্লা',3875),(793,'48','362','Afazia','আফাজিয়া',3891),(794,'48','362','Hatiya','হাতিয়া',3890),(795,'48','362','Tamoraddi','তামুরাদ্দি',3892),(796,'48','363','Chaprashir Hat','চাপাশিরহাট',3811),(797,'48','363','Char Jabbar','চর জব্বার',3812),(798,'48','363','Charam Tua','চরমতুয়া',3809),(799,'48','363','Din Monir Hat','দীন মনির হাট',3803),(800,'48','363','Kabirhat','কবিরহাট',3807),(801,'48','363','Khalifar Hat','খলিফারহাট',3808),(802,'48','363','Mriddarhat','মৃদ্দারহাট',3806),(803,'48','363','Noakhali College','নোয়াখালী কলেজ',3801),(804,'48','363','Noakhali Sadar','নোয়াখালী সদর',3800),(805,'48','363','Pak Kishoreganj','পাক কিশোরগঞ্জ',3804),(806,'48','363','Sonapur','সোনাপুর',3802),(807,'48','364','Beezbag','বীজবাগ',3862),(808,'48','364','Chatarpaia','ছতরপাইয়া',3864),(809,'48','364','Kallyandi','কালিন্দি',3861),(810,'48','364','Kankirhat','কাঙ্কিরহাট',3863),(811,'48','364','Senbag','সেনবাগ',3860),(812,'48','364','T.P. Lamua','টি পি লামুয়া',3865),(813,'55','405','Barakal','বড়কাল',4570),(814,'55','406','Bilaichhari','বিলাইছড়িতে',4550),(815,'55','407','Jarachhari','জরাছড়ি',4560),(816,'55','408','Betbunia','বেতবুনিয়া',4511),(817,'55','408','Kalampati','কালাম্পটি',4510),(818,'55','409','Chandraghona','চন্দ্রগঘনা',4531),(819,'55','409','Kaptai','কাপ্তাই',4530),(820,'55','409','Kaptai Nuton Bazar','কাপ্তাই নতুন বাজার',4533),(821,'55','409','Kaptai Project','কাপ্তাই প্রকল্প',4532),(822,'55','410','Longachh','লঙ্গচ',4580),(823,'55','411','Marishya','মরিশা',4590),(824,'55','412','Nanichhar','নানিরচর',4520),(825,'55','413','Rajsthali','রাজস্থালি',4540),(826,'55','414','Rangamati Sadar','রাঙামাটি সদর',4500),(827,'10','73','Alamdanga','আলমডাঙ্গা',7210),(828,'10','73','Hardi','হারদি',7211),(829,'10','74','Chuadanga Sadar','চুয়াডাঙ্গা সদর',7200),(830,'10','74','Munshiganj','মুন্সিগঞ্জ',7201),(831,'10','75','Andulbaria','আব্দুলবাড়িয়া',7222),(832,'10','75','Damurhuda','চর রাজীবপুর',7220),(833,'10','75','Darshana','দর্শনা',7221),(834,'10','76','Doulatganj','দৌলতগঞ্জ',7230),(835,'21','174','Bagerhat Sadar','বাগেরহাট সদর',9300),(836,'21','174','P.C College','পি ছি কলেজ',9301),(837,'21','174','Rangdia','রংদিয়া',9302),(838,'21','175','Chalna Ankorage','চালনা অ্যাঙ্ক্রেজ',9350),(839,'21','175','Mongla Port','মংলা বন্দর',9351),(840,'21','176','Barabaria','বড়বাডি়য়া',9361),(841,'21','176','Chitalmari','চিতলমারীতে',9360),(842,'21','177','Bhanganpar Bazar','ভাঙ্গনপার বাজার',9372),(843,'21','177','Fakirhat','ফকিরহাট',9370),(844,'21','177','Mansa','মনসা',9371),(845,'21','178','Kachua','কচুয়া',9310),(846,'21','178','Sonarkola','সোনারকলা',9311),(847,'21','179','Charkulia','চরকুলিয়া',9383),(848,'21','179','Dariala','দারিয়ালা',9382),(849,'21','179','Kahalpur','কাহাল্পুর',9381),(850,'21','179','Mollahat','মোল্লাহাট',9380),(851,'21','179','Nagarkandi','নাগরকান্দি',9384),(852,'21','179','Pak Gangni','পাক গাংনী',9385),(853,'21','180','Morelganj','মোড়েলগঞ্জ',9320),(854,'21','180','Sannasi Bazar','সন্ন্যাসী বাজার',9321),(855,'21','180','Telisatee','তেলিসাটি',9322),(856,'21','181','Foylahat','ফয়লাহাট',9341),(857,'21','181','Gourambha','গৌ্রম্ভ',9343),(858,'21','181','Rampal','রামপাল',9340),(859,'21','181','Sonatunia','সোনাতুনিয়া',9342),(860,'21','182','Rayenda','রায়েন্দা',9330),(861,'23','189','Bagharpara','বগারপাড়া',7470),(862,'23','189','Gouranagar','গৌ্রানাগর',7471),(863,'23','190','Chougachha','চৌগাছা',7410),(864,'23','191','Basundia','বাসাসুন্দিয়া',7406),(865,'23','191','Chanchra','চাঞ্চরা',7402),(866,'23','191','Churamankathi','চোরামঙ্কাঠি',7407),(867,'23','191','Jessore Airbach','যশোর এয়ারবাচ',7404),(868,'23','191','Jessore canttonment','যশোর ক্যান্ট',7403),(869,'23','191','Jessore Sadar','যশোর সদর',7400),(870,'23','191','Jessore Upa-Shahar','যশোর ইউপিএ-শহর',7401),(871,'23','191','Rupdia','রুপদিয়া',7405),(872,'23','192','Jhikargachha','ঝিকরগাছা',7420),(873,'23','193','Keshobpur','কেশবপুর',7450),(874,'23','194','Monirampur','মনিরামপুর',7440),(875,'23','195','Bhugilhat','ভুগিলহাট',7462),(876,'23','195','Noapara','নয়াপাড়া',7460),(877,'23','195','Rajghat','রাজঘাট',7461),(878,'23','196','Bag Achra','ব্যাগ আছ্রা',7433),(879,'23','196','Benapole','বেনাপোল',7431),(880,'23','196','Jadabpur','জাদবপুর',7432),(881,'23','196','Sarsa','মাধ্যম',7430),(882,'25','201','Harinakundu','হরিনাকুন্ডু',7310),(883,'25','202','Jinaidaha Cadet College','ঝিনাইদহ ক্যাডেট কলেজ',7301),(884,'25','202','Jinaidaha Sadar','ঝিনাইদহ সদর',7300),(885,'25','203','Kotchandpur','কোটচাঁদপুর',7330),(886,'25','204','Maheshpur','মহেশপুর',7340),(887,'25','205','Hatbar Bazar','হাতবার বাজার',7351),(888,'25','205','Naldanga','নলডাঙ্গা',7350),(889,'25','206','Kumiradaha','কুমিরাদাহা',7321),(890,'25','206','Shailakupa','শৌলকুপা',7320),(891,'28','220','Alaipur','আলাইপুর',9240),(892,'28','220','Belphulia','বেলফুলিয়া',9242),(893,'28','220','Rupsha','রূপসা',9241),(894,'28','221','Batiaghat','বাটিয়াঘাট',9260),(895,'28','221','Surkalee','শুরকালি',9261),(896,'28','222','Bajua','বাজুয়া',9272),(897,'28','222','Chalna Bazar','চালনা বাজার',9270),(898,'28','222','Dakup','দাকুপ',9271),(899,'28','222','Nalian','নলিয়ান',9273),(900,'28','223','Chandni Mahal','চাঁদনী মহল',9221),(901,'28','223','Digalia','দিগালিয়া',9220),(902,'28','223','Gazirhat','গজিরহাট',9224),(903,'28','223','Ghoshghati','ঘোসঘাটি',9223),(904,'28','223','Senhati','সেনহাটি',9222),(905,'28','224','Atra Shilpa Area','আঁতরা শিল্পা ফোন',9207),(906,'28','224','BIT Khulna','বিআইটি খুলনা',9203),(907,'28','224','Doulatpur','দৌলতপুর',9202),(908,'28','224','Jahanabad Canttonmen','জাহানবাদ ক্যান্ট',9205),(909,'28','224','Khula Sadar','খুলা সদর',9100),(910,'28','224','Khulna G.P.O','খুলনা জি পি ও',9000),(911,'28','224','Khulna Shipyard','খুলনা শিপইয়ার্ড',9201),(912,'28','224','Khulna University','খুলনা বিশ্ববিদ্যালয়',9208),(913,'28','224','Siramani','শিরমনি',9204),(914,'28','224','Sonali Jute Mills','সোনালী জুট মিলস',9206),(915,'28','225','Amadee','আমাদি',9291),(916,'28','225','Madinabad','মদিনাবাদ',9290),(917,'28','226','Chandkhali','চান্দখালি',9284),(918,'28','226','Garaikhali','গড়াইখালি',9285),(919,'28','226','Godaipur','গদাইপুর',9281),(920,'28','226','Kapilmoni','কপিলমনি',9282),(921,'28','226','Katipara','কাটিপাড়া',9283),(922,'28','226','Paikgachha','পাইকগাছা',9280),(923,'28','227','Phultala','অভয়নগর উপজেলা',9210),(924,'28','228','Chuknagar','চুকনগর',9252),(925,'28','228','Ghonabanda','ঘনাবান্দা',9251),(926,'28','228','Sajiara','সাজিয়ারা',9250),(927,'28','228','Shahapur','শাহাপুর',9253),(928,'28','229','Pak Barasat','পাক বারাসত',9231),(929,'28','229','Terakhada','তারখাদা',9230),(930,'31','251','Allardarga','আল্লারদরগা',7042),(931,'31','251','Bheramara','ভেড়ামারা',7040),(932,'31','251','Ganges Bheramara','গঙ্গা ভেড়ামারা',7041),(933,'31','252','Janipur','জনিপুর',7020),(934,'31','252','Khoksa','খোকসা',7021),(935,'31','253','Kumarkhali','কুমারখালী',7010),(936,'31','253','Panti','পান্টি',7011),(937,'31','254','Islami University','ইসলামী বিশ্ববিদ্যালয়',7003),(938,'31','254','Jagati','কুটিরশিল্পসমূহ',7002),(939,'31','254','Kushtia Mohini','কুষ্টিয়া মহিনি',7001),(940,'31','254','Kustia Sadar','কুষ্টিয়া সদর',7000),(941,'31','255','Amla Sadarpur','আমলা সদরপুর',7032),(942,'31','255','Mirpur','মিরপুর',7030),(943,'31','255','Poradaha','পোড়াদাহ',7031),(944,'31','256','Khasmathurapur','খাসমথুরাপুর',7052),(945,'31','256','Rafayetpur','রেফায়াতপুর',7050),(946,'31','256','Taragunia','তারাগুনিয়া',7051),(947,'35','270','Arpara','আড়পাড়া',7620),(948,'35','271','Magura Sadar','মাগুরা সদর',7600),(949,'35','272','Binodpur','বিনোদপুর',7631),(950,'35','272','Mohammadpur','মোহাম্মদপুর',7630),(951,'35','272','Nahata','নাহাটা',7632),(952,'35','273','Langalbadh','লাঙ্গল্বাধ',7611),(953,'35','273','Nachol','নাচল',7612),(954,'35','273','Shripur','শ্রীপুর',7610),(955,'37','281','Gangni','গাংনী',7110),(956,'37','282','Amjhupi','আমঝুপি',7101),(957,'37','282','Amjhupi','আমঝুপি',7152),(958,'37','282','Meherpur Sadar','মেহেরপুর সদর',7100),(959,'37','282','Mujib Nagar Complex','মুজিব নগর কমপ্লেক্স',7102),(960,'42','317','Kalia','কালিয়া',7520),(961,'42','318','Baradia','বড়দিয়া',7514),(962,'42','318','Itna','ইটনা',7512),(963,'42','318','Laxmipasha','লক্ষিপাশা',7510),(964,'42','318','Lohagora','লোহাগড়া',7511),(965,'42','318','Naldi','নালদি',7513),(966,'42','319','Mohajan','মহাজন',7521),(967,'42','320','Narail Sadar','নড়াইল সদর',7500),(968,'42','320','Ratanganj','রতনগঞ্জ',7501),(969,'57','422','Ashashuni','আশাশুনি',9460),(970,'57','422','Baradal','বরদল',9461),(971,'57','423','Debbhata','দেবহাটা',9430),(972,'57','423','Gurugram','গুরুগ্রাম',9431),(973,'57','424','Chandanpur','আনন্দের',9415),(974,'57','424','Hamidpur','হামিদপুর',9413),(975,'57','424','Jhaudanga','ঝাউডাঙ্গা',9412),(976,'57','424','kalaroa','কলারোয়া',9410),(977,'57','424','Khordo','খরদ',9414),(978,'57','424','Murarikati','মুরারীকাঠী',9411),(979,'57','425','Kaliganj UPO','কালীগঞ্জ ইউ পি ও',9440),(980,'57','425','Nalta Mubaroknagar','নলতা মুবারকনগর',9441),(981,'57','425','Ratanpur ','রতনপুর',9442),(982,'57','426','Buri Goalini','বুরি গোয়ালিনি',9453),(983,'57','426','Gabura','গাবুরা',9454),(984,'57','426','Habinagar','হাবিনগর',9455),(985,'57','426','Nakipur','নাকিপুর',9450),(986,'57','426','Naobeki','নাওবেকি',9452),(987,'57','426','Noornagar','নুরনগর',9451),(988,'57','427','Budhhat','বুধহাট',9403),(989,'57','427','Gunakar kati','গুনাকার মাঝারি',9402),(990,'57','427','Satkhira Islamia Acc','সাতক্ষীরা ইসলামিয়া এছিছি',9401),(991,'57','427','Satkhira Sadar','সাতক্ষীরা সদর',9400),(992,'57','428','Patkelghata','পাটকেলঘাটা',9421),(993,'57','428','Taala','তালা',9420),(994,'5','28','Adamdighi','আদমদীঘি',5890),(995,'5','28','Nasharatpur','নাশ্রতপুর',5892),(996,'5','28','Santahar','সানাতাহার',5891),(997,'5','29','Bogra Canttonment','বগুড়া ক্যান্ট',5801),(998,'5','29','Bogra Sadar','বগুড়া সদর',5800),(999,'5','30','Dhunat','ধুনট',5850),(1000,'5','30','Gosaibari','গোসাইলবাড়ি',5851),(1001,'5','31','Dupchachia','দুপচাঁচিয়া',5880),(1002,'5','31','Talora','তালরা',5881),(1003,'5','32','Gabtoli','গাবতলী',5820),(1004,'5','32','Sukhanpukur','সুখানপুকুর',5821),(1005,'5','33','Kahalu','কাহালু',5870),(1006,'5','34','Nandigram','নন্দীগ্রাম',5860),(1007,'5','35','Chandan Baisha','চন্দন বাইশা',5831),(1008,'5','35','Sariakandi','সারিয়াকান্দি',5830),(1009,'5','36','Chandaikona','চান্দাইকোনা',5841),(1010,'5','36','Palli Unnyan Accadem','পল্লী উন্নয়ন অ্যাকাডেমি',5842),(1011,'5','36','Sherpur','শেরপুর',5840),(1012,'5','37','Shibganj','শিবগঞ্জ',5810),(1013,'5','38','Sonatola','সোনাতলা',5826),(1014,'8','53','Bholahat','ভোলাহাট',6330),(1015,'8','54','Amnura','আমনুরা',6303),(1016,'8','54','Chapinawbganj Sadar','চাঁপাইনবাবগঞ্জ সদর',6300),(1017,'8','54','Rajarampur','রাজারামপুর',6301),(1018,'8','54','Ramchandrapur','রামচন্দ্রপুর',6302),(1019,'8','55','Mandumala','মুন্দুমালা',6311),(1020,'8','55','Nachol','নাচল',6310),(1021,'8','56','Gomashtapur','গোমস্তপুর',6321),(1022,'8','56','Rohanpur','রহনপুর',6320),(1023,'8','57','Kansart','কানসারট',6341),(1024,'8','57','Manaksha','মানক্ষা',6342),(1025,'8','57','Shibganj U.P.O','শিবগঞ্জ ইউ পি ও',6340),(1026,'26','207','Akklepur','আক্কেলউর',5940),(1027,'26','207','jamalganj','জামালগঞ্জ',5941),(1028,'26','207','Tilakpur','তিলাকপুর',5942),(1029,'26','208','Joypurhat Sadar','জয়পুরহাট সদর',5900),(1030,'26','209','kalai','কালাই',5930),(1031,'26','210','Khetlal','ক্ষেতলাল',5920),(1032,'26','211','Panchbibi','পাঁচবিবি',5910),(1033,'41','306','Ahsanganj','আহসাঙ্গঞ্জ',6596),(1034,'41','306','Bandai','বান্দাই',6597),(1035,'41','307','Badalgachhi','বদলগাছি',6570),(1036,'41','308','Dhamuirhat','ধামুরহাট',6580),(1037,'41','309','Mahadebpur','মহাদেবপুর',6530),(1038,'41','310','Naogaon Sadar','নওগাঁ সদর',6500),(1039,'41','311','Niamatpur','নেদারল্যান্ডর',6520),(1040,'41','312','Nitpur','নিটপুর',6550),(1041,'41','312','Panguria','পা্নগুরিয়া',6552),(1042,'41','312','Porsa','পোরসা',6551),(1043,'41','313','Patnitala','পত্নীতলা',6540),(1044,'41','314','Balihar','বলিহারের',6512),(1045,'41','314','Manda','মান্দা',6511),(1046,'41','314','Prasadpur','প্রসাদপুর',6510),(1047,'41','315','Kashimpur','কাশিমপুর',6591),(1048,'41','315','Raninagar','রানীনগর',6590),(1049,'41','316','Moduhil','মদুহিল',6561),(1050,'41','316','Sapahar','সাভার',6560),(1051,'45','334','Abdulpur','করিমপুর-',6422),(1052,'45','334','Gopalpur U.P.O','গোপালপুর ইউ পি ও',6420),(1053,'45','334','Lalpur S.O','লালপুর এস ও',6421),(1054,'45','335','Baraigram','বড়াইগ্রাম',6432),(1055,'45','335','Dayarampur','দায়রাম্পুর',6431),(1056,'45','335','Harua','হারুয়া',6430),(1057,'45','336','Hatgurudaspur','হতগুরুদাশপুর',6440),(1058,'45','337','Laxman','লক্ষ্মণ',6410),(1059,'45','338','Baiddyabal Gharia','বাইদ্দোবল ঘরিয়া',6402),(1060,'45','338','Digapatia','দি্ঘপাটিয়া',6401),(1061,'45','338','Madhnagar','মাধ্নগর',6403),(1062,'45','338','Natore Sadar','নাটোর সদর',6400),(1063,'45','339','Singra','সিংড়া',6450),(1064,'49','365','Banwarinagar','বানরিনগর',6650),(1065,'49','366','Bera','বেড়া',6680),(1066,'49','366','Kashinathpur','কাশিনাথপুর',6682),(1067,'49','366','Nakalia','নাকালিয়া',6681),(1068,'49','366','Puran Bharenga','পুরান ভারেঙ্গা',6683),(1069,'49','367','Bhangura','ভাঙ্গুরা',6640),(1070,'49','368','Chatmohar','চাটমোহর',6630),(1071,'49','369','Debottar','দেবোত্তর',6610),(1072,'49','370','Dhapari','ধাপারি',6621),(1073,'49','370','Ishwardi','ঈশ্বরদী',6620),(1074,'49','370','Pakshi','পাকশি',6622),(1075,'49','370','Rajapur','রাজাপুর',6623),(1076,'49','371','Hamayetpur','হেমায়েতপুর',6602),(1077,'49','371','Kaliko Cotton Mills','কালিকো কটন মিলস',6601),(1078,'49','371','Pabna Sadar','পাবনা সদর',6600),(1079,'49','372','Sathia','সাথিয়া',6670),(1080,'49','373','Sagarkandi','সাগরকান্দি',6661),(1081,'49','373','Sujanagar','সুজানগর',6660),(1082,'54','395','Arani','আরানি',6281),(1083,'54','395','Bagha','বাঘা',6280),(1084,'54','396','Bhabaniganj','ভবানীগঞ্জ',6250),(1085,'54','396','Taharpur','তাহেরপুর',6251),(1086,'54','397','Charghat','চারঘাট',6270),(1087,'54','397','Sarda','সারদা',6271),(1088,'54','398','Durgapur','দুর্গাপুর',6240),(1089,'54','399','Godagari','গোদাগাড়ী',6290),(1090,'54','399','Premtoli','প্রেমতলি',6291),(1091,'54','400','Khodmohanpur','খোদমোহনপুর',6220),(1092,'54','401','Lalitganj','ললিতগঞ্জ',6210),(1093,'54','401','Rajshahi Sugar Mills','রাজশাহী সুগার মিলস',6211),(1094,'54','401','Shyampur','শ্যামপুর',6212),(1095,'54','402','Putia','পুথিয়া',6260),(1096,'54','403','Binodpur Bazar','বিনোদপুর বাজার',6206),(1097,'54','403','Ghuramara','ঘোড়ামারা',6100),(1098,'54','403','Kazla','কাজলা',6204),(1099,'54','403','Rajshahi Canttonment','রাজশাহী ক্যান্ট',6202),(1100,'54','403','Rajshahi Court','রাজশাহী কোর্ট',6201),(1101,'54','403','Rajshahi Sadar','রাজশাহী সদর',6000),(1102,'54','403','Rajshahi University','রাজশাহী বিশ্ববিদ্যালয়',6205),(1103,'54','403','Sapura','সাপুরা',6203),(1104,'54','404','Tanor','তানর',6230),(1105,'60','441','Baiddya Jam Toil','বাইদ্দ জ্যাম বহিস্কৃত',6730),(1106,'60','442','Belkuchi','বেলকুচি',6740),(1107,'60','442','Enayetpur','এনায়েতপুরের',6751),(1108,'60','442','Rajapur','রাজাপুর',6742),(1109,'60','442','Sohagpur','সোহাগপুর',6741),(1110,'60','442','Sthal','সাথাল',6752),(1111,'60','443','Dhangora','ধানুগরা',6720),(1112,'60','443','Malonga','মালংগা',6721),(1113,'60','444','Gandail','গান্দাইল',6712),(1114,'60','444','Kazipur','কাজীপুর',6710),(1115,'60','444','Shuvgachha','শুভগাছা',6711),(1116,'60','445','Jamirta','জামিরতা',6772),(1117,'60','445','Kaijuri','কাইজুরি',6773),(1118,'60','445','Porjana','পরজানা',6771),(1119,'60','445','Shahjadpur','শাহজাদপুর',6770),(1120,'60','446','Raipur','রায়পুর',6701),(1121,'60','446','Rashidabad','রশিদাবাদ',6702),(1122,'60','446','Sirajganj Sadar','সিরাজগঞ্জ সদর',6700),(1123,'60','447','Tarash','তাড়াশ',6780),(1124,'60','448','Lahiri Mohanpur','লাহিড়ী মোহনপুর',6762),(1125,'60','448','Salap','সালাপ',6763),(1126,'60','448','Ullapara','উল্লাপাড়া',6760),(1127,'60','448','Ullapara R.S','উল্লাপাড়া আর এস',6761),(1128,'20','166','Azmireeganj','আজমীরিগঞ্জ',3360),(1129,'20','167','Bahubal','বাহুবল',3310),(1130,'20','168','Baniachang','বানিয়াচং',3350),(1131,'20','168','Jatrapasha','জাত্রাপাশা',3351),(1132,'20','168','Kadirganj','কাদিরগঞ্জ',3352),(1133,'20','169','Chandpurbagan','চাদপুরবাগান',3321),(1134,'20','169','Chunarughat','চুনারুঘাট',3320),(1135,'20','169','Narapati','নারাপাটি',3322),(1136,'20','170','Gopaya','গোপাইয়া',3302),(1137,'20','170','Hobiganj Sadar','হবিগঞ্জ সদর',3300),(1138,'20','170','Shaestaganj','শায়েস্তাগঞ্জ',3301),(1139,'20','171','Kalauk','কালাউক',3340),(1140,'20','171','Lakhai','লাখাই',3341),(1141,'20','172','Itakhola','ইটাখলা',3331),(1142,'20','172','Madhabpur','মাধবপুর',3330),(1143,'20','172','Saihamnagar','সাইহাম্নগর',3333),(1144,'20','172','Shahajibazar','সাহাজিবাজার',3332),(1145,'20','173','Digalbak','দিগালবক',3373),(1146,'20','173','Golduba','গোলদুবা',3372),(1147,'20','173','Goplarbazar','গোপলারবাজার',3371),(1148,'20','173','Inathganj','ইনাথগঞ্জ',3374),(1149,'20','173','Nabiganj','নবীগঞ্জ',3370),(1150,'38','283','Baralekha','বড়লেখা',3250),(1151,'38','283','Dhakkhinbag','দক্ষীনবাগ',3252),(1152,'38','283','Juri','জুরি',3251),(1153,'38','283','Purbashahabajpur','পুুরবসাহাবাজপুর',3253),(1154,'38','284','Kamalganj','কমলগঞ্জ',3220),(1155,'38','284','Keramatnaga','কেরামতনগর',3221),(1156,'38','284','Munshibazar','মুন্সিবাজার',3224),(1157,'38','284','Patrakhola','পত্রখলা',3222),(1158,'38','284','Shamsher Nagar','শমসের নগর',3223),(1159,'38','285','Baramchal','বরমচল',3237),(1160,'38','285','Kajaldhara','কাজলধরা',3234),(1161,'38','285','Karimpur','করিমপুর',3235),(1162,'38','285','Kulaura','কুলাউড়া',3230),(1163,'38','285','Langla','লাংলা',3232),(1164,'38','285','Prithimpasha','প্রিথীম্পাশা',3233),(1165,'38','285','Tillagaon','টিল্লাগাও',3231),(1166,'38','286','Afrozganj','আফ্রজগঞ্জ',3203),(1167,'38','286','Barakapan','বারাকাপান',3201),(1168,'38','286','Monumukh','মনুমুখ',3202),(1169,'38','286','Moulvibazar Sadar','মৌলভীবাজার সদর',3200),(1170,'38','287','Rajnagar','রাজনগর',3240),(1171,'38','288','Kalighat','কালীঘাট',3212),(1172,'38','288','Khejurichhara','খেজুরিছরা',3213),(1173,'38','288','Narain Chora','নারাইন ছরা',3211),(1174,'38','288','Satgaon','সাতগাঁও',3214),(1175,'38','288','Srimangal','শ্রীমঙ্গল',3210),(1176,'61','449','Bishamsapur','বিসমসাপুর',3010),(1177,'61','450','Chhatak','ছাতক',3080),(1178,'61','450','Chhatak Cement Facto','ছাতক সিমেন্ট ফ্যাক্টো',3081),(1179,'61','450','Chhatak Paper Mills','ছাতক পেপার মিলস',3082),(1180,'61','450','Chourangi Bazar','চৌ্রাঙ্গি বাজার',3893),(1181,'61','450','Gabindaganj','গোবিন্দোগঞ্জ',3083),(1182,'61','450','Gabindaganj Natun Ba','গোবিন্দোগঞ্জ নতুন বাজার',3084),(1183,'61','450','Islamabad','ইসলামাবাদ',3088),(1184,'61','450','jahidpur','জাহিদপুর',3087),(1185,'61','450','Khurma','খুরমা',3085),(1186,'61','450','Moinpur','ময়েনপুর',3086),(1187,'61','451','Dhirai Chandpur','ধিরা চাঁদপুর',3040),(1188,'61','451','Jagdal','জাগদল',3041),(1189,'61','452','Duara bazar','দুয়ারা বাজার',3070),(1190,'61','453','Ghungiar','ঘুঙ্গিয়ার',3050),(1191,'61','454','Atuajan','আতুয়াজান',3062),(1192,'61','454','Hasan Fatemapur','হাসান ফাতেমাপুর',3063),(1193,'61','454','Jagnnathpur','জগন্নাথপুর',3060),(1194,'61','454','Rasulganj','রাসুলগঞ্জ',3064),(1195,'61','454','Shiramsi','শ্রীরামচি',3065),(1196,'61','454','Syedpur','সৈয়দপুর',3061),(1197,'61','455','Sachna','সাচ্চা',3020),(1198,'61','456','Pagla','পাগলা',3001),(1199,'61','456','Patharia','পাথারিয়া',3002),(1200,'61','456','Sunamganj Sadar','সুনামগঞ্জ সদর',3000),(1201,'61','457','Tahirpur','তাহিরপুর',3030),(1202,'62','458','Balaganj','বালাগঞ্জ',3120),(1203,'62','458','Begumpur','বেগম্পুর',3125),(1204,'62','458','Brahman Shashon','ব্রহ্ম শাসন',3122),(1205,'62','458','Gaharpur','গাহারপুর',3128),(1206,'62','458','Goala Bazar','গোয়ালা বাজার',3124),(1207,'62','458','Karua','কারুয়া',3121),(1208,'62','458','Kathal Khair','কাঠাল খায়ের',3127),(1209,'62','458','Natun Bazar','নতুন বাজার',3129),(1210,'62','458','Omarpur','ওমরপুর',3126),(1211,'62','458','Tajpur','ব্যবধান',3123),(1212,'62','459','Bianibazar','বিয়ানীবাজার',3170),(1213,'62','459','Churkai ','চুরখাই',3175),(1214,'62','459','jaldup','জলদুপ',3171),(1215,'62','459','Kurar bazar','কুরার বাজার',3173),(1216,'62','459','Mathiura','মাথিউরা',3172),(1217,'62','459','Salia bazar','সালিয়া বাজার',3174),(1218,'62','460','Bishwanath','বিশ্বনাথ',3130),(1219,'62','460','Dashghar','দাশঘর',3131),(1220,'62','460','Deokalas','দেউকালাস',3133),(1221,'62','460','Doulathpur','দৌলতপুর',3132),(1222,'62','460','Singer kanch','সিঙ্গার কাঞ্চ',3134),(1223,'62','461','Fenchuganj','ফেঞ্চুগঞ্জ',3116),(1224,'62','461','Fenchuganj SareKarkh','ফেঞ্চুগঞ্জ সারকারখানা',3117),(1225,'62','462','Chiknagul','ছিকনাগুল',3152),(1226,'62','462','Goainhat','গয়েনহাট',3150),(1227,'62','462','Jaflong','জাফলং',3151),(1228,'62','463','banigram','বানিগ্রাম',3164),(1229,'62','463','Chandanpur','আনন্দের',3165),(1230,'62','463','Dakkhin Bhadashore','দক্ষিণ ভদেসসর',3162),(1231,'62','463','Dhaka Dakkhin','ঢাকা দক্ষিণ',3161),(1232,'62','463','Gopalgannj','গোপালগঞ্জ ',3160),(1233,'62','463','Ranaping','রানাপিং',3163),(1234,'62','464','Jainthapur','জয়েন্থাপুর',3156),(1235,'62','465','Ichhamati','ইছামতি',3191),(1236,'62','465','Jakiganj','লামা',3190),(1237,'62','466','Chatulbazar','ছাতুল্বাজার',3181),(1238,'62','466','Gachbari','গাছবাড়ী',3183),(1239,'62','466','Kanaighat','কানাইঘাট',3180),(1240,'62','466','Manikganj','মানিকগঞ্জ',3182),(1241,'62','467','Kompanyganj','কম্পানীগঞ্জ',3140),(1242,'62','468','Birahimpur','বিরহিমপুর',3106),(1243,'62','468','Jalalabad','জালালাবাদ',3107),(1244,'62','468','Jalalabad Cantoment','জালালাবাদ ক্যান্ট',3104),(1245,'62','468','Kadamtali','কদমতলী',3111),(1246,'62','468','Kamalbazer','কামালবাজার',3112),(1247,'62','468','Khadimnagar','খাদিমনগর',3103),(1248,'62','468','Lalbazar','লালবাজার',3113),(1249,'62','468','Mogla','মগ্লা',3108),(1250,'62','468','Ranga Hajiganj','রাঙ্গা হাজীগঞ্জ',3109),(1251,'62','468','Shahajalal Science &','শাহজালাল বিজ্ঞান ও',3114),(1252,'62','468','Silam','সিলাম',3105),(1253,'62','468','Sylhe Sadar','সিলেট সদর',3100),(1254,'62','468','Sylhet Biman Bondar','সিলেট বিমান বন্দর',3102),(1255,'62','468','Sylhet Cadet Col','সিলেট ক্যাডেট কর্নেল',3101),(1256,'14','120','Bangla Hili','বাংলা হিলি',5270),(1257,'14','121','Biral','থকশবপুর',5210),(1258,'14','122','Birampur','বিরামপুর',5266),(1259,'14','123','Birganj','বীরগঞ্জ',5220),(1260,'14','124','Chrirbandar','চিরিরবন্দর',5240),(1261,'14','124','Ranirbandar','রানিরবন্দর',5241),(1262,'14','125','Dinajpur Rajbari','দিনাজপুর রাজবাড়ী',5201),(1263,'14','125','Dinajpur Sadar','দিনাজপুর সদর',5200),(1264,'14','126','Khansama','খানসামার',5230),(1265,'14','126','Pakarhat','পাকারহাট',5231),(1266,'14','127','Maharajganj','মহারাজগঞ্জ',5226),(1267,'14','128','Daudpur','দাউদপুর',5281),(1268,'14','128','Gopalpur','গোপালপুর',5282),(1269,'14','128','Nababganj','নবাবগঞ্জ',5280),(1270,'14','129','Ghoraghat','ঘোড়াঘাট',5291),(1271,'14','129','Osmanpur','ওসমান পুর',5290),(1272,'14','130','Parbatipur','পার্বতীপুর',5250),(1273,'14','131','Phulbari','ফুলবাড়ী',5260),(1274,'14','132','Setabganj','সেতাবগঞ্জ',5216),(1275,'17','147','Bonarpara','বোনারপাড়া',5750),(1276,'17','147','saghata','সাঘাটার',5751),(1277,'17','148','Gaibandha Sadar','গাইবান্ধা সদর',5700),(1278,'17','149','Gobindhaganj','গোবিন্দগঞ্জ',5740),(1279,'17','149','Mahimaganj','মাহিমগঞ্জ',5741),(1280,'17','150','Palashbari','পলাশবাড়ী',5730),(1281,'17','151','Bharatkhali','ভারতখালি',5761),(1282,'17','151','Phulchhari','ফুলছরি',5760),(1283,'17','152','Naldanga','নলডাঙ্গা',5711),(1284,'17','152','Saadullapur','শাদুল্লাপুর',5710),(1285,'17','153','Bamandanga','বামান্দঙ্গা',5721),(1286,'17','153','Sundarganj','সুন্দরগঞ্জ',5720),(1287,'30','243','Bhurungamari','ভুরুঙ্গামারী',5670),(1288,'30','244','Chilmari','চিলমারী',5630),(1289,'30','244','Jorgachh','জরগাছ',5631),(1290,'30','245','Kurigram Sadar','কুড়িগ্রাম সদর',5600),(1291,'30','245','Pandul','পান্ডুল',5601),(1292,'30','245','Phulbari','ফুলবাড়ী',5680),(1293,'30','246','Nageshwar','নাগেশ্বর',5660),(1294,'30','247','Nazimkhan','নাজিমখান',5611),(1295,'30','247','Rajarhat','রাজারহাট',5610),(1296,'30','248','Rajibpur','রাজীবপুর',5650),(1297,'30','249','Roumari','রৌমারী',5640),(1298,'30','250','Bazarhat','বাজাহাট',5621),(1299,'30','250','Ulipur','উলিপুর',5620),(1300,'33','261','Aditmari','আদিতমারী',5510),(1301,'33','262','Hatibandha','হাতিবান্ধা',5530),(1302,'33','263','Kulaghat SO','কুলাঘাট এস ও',5502),(1303,'33','263','Lalmonirhat Sadar','লালমনিরহাট সদর',5500),(1304,'33','263','Moghalhat','মোঘলহাট',5501),(1305,'33','264','Baura','বাউরা',5541),(1306,'33','264','Burimari','বুড়িমারী',5542),(1307,'33','264','Patgram','পাটগ্রাম',5540),(1308,'33','265','Tushbhandar','তুশবান্দর',5520),(1309,'47','353','Dimla','ডিমলা',5350),(1310,'47','353','Ghaga Kharibari','ঘাগা খরিবাড়ি',5351),(1311,'47','354','Chilahati','চাউলাহাটি',5341),(1312,'47','354','Domar','ডোমার',5340),(1313,'47','355','Jaldhaka','জলঢাকা',5330),(1314,'47','356','Kishoriganj','কিশোরগঞ্জ',5320),(1315,'47','357','Nilphamari Sadar','নীলফামারী সদর',5300),(1316,'47','357','Nilphamari Sugar Mil','নীলফামারী চিনির মিল',5301),(1317,'47','358','Syedpur','সৈয়দপুর',5310),(1318,'47','358','Syedpur Upashahar','সৈয়দপুর উপশহর',5311),(1319,'50','374','Boda','বদা',5010),(1320,'50','375','Chotto Dab','ছট্ট ডাবের',5040),(1321,'50','375','Mirjapur','মির্জাপুর',5041),(1322,'50','376','Dabiganj','দেবিগঞ্জ',5020),(1323,'50','377','Panchagar Sadar','পঞ্চগড় সদর',5000),(1324,'50','378','Tetulia','তেঁতুলিয়া',5030),(1325,'56','415','Badarganj','ইসলামপুর',5430),(1326,'56','415','Shyampur','শ্যামপুর',5431),(1327,'56','416','Gangachara','গঙ্গাচড়া',5410),(1328,'56','417','Haragachh','হারাগাছ',5441),(1329,'56','417','Kaunia','কাউনিয়া',5440),(1330,'56','418','Mithapukur','মিঠাপুকুর',5460),(1331,'56','419','Pirgachha','পীরগাছা',5450),(1332,'56','420','Alamnagar','আলম্নগর',5402),(1333,'56','420','Mahiganj','মাহিগঞ্জ',5403),(1334,'56','420','Rangpur Cadet Colleg','রংপুর ক্যাডেট কলেজ',5404),(1335,'56','420','Rangpur Carmiecal Col','রংপুর কারমাইকেল কর্নেল',5405),(1336,'56','420','Rangpur Sadar','রংপুর সদর',5400),(1337,'56','420','Rangpur Upa-Shahar','রংপুর ইউপিএ-শহর',5401),(1338,'56','421','Taraganj','তারাগঞ্জ',5420),(1339,'64','481','Baliadangi','বালিয়াডাঙ্গী',5140),(1340,'64','481','Lahiri','লাহিড়ী',5141),(1341,'64','482','Jibanpur','জীবনপুর',5130),(1342,'64','483','Pirganj','পীরগঞ্জ',5110),(1343,'64','483','Pirganj','পীরগঞ্জ',5470),(1344,'64','484','Nekmarad','নেকমরদ',5121),(1345,'64','484','Rani Sankail','রানী সাঙ্কাইল',5120),(1346,'64','485','Ruhia','রুহিয়া',5103),(1347,'64','485','Shibganj','শিবগঞ্জ',5102),(1348,'64','485','Thakurgaon Road','ঠাকুরগাঁও রোড',5101),(1349,'64','485','Thakurgaon Sadar','ঠাকুরগাঁও সদর',5100),(1350,'44','330',NULL,'কাঁঠালিয়া',NULL),(1351,'44','330',NULL,'কাঁঠালিয়া',NULL),(1352,'44','330',NULL,'কাঁঠালিয়া',NULL),(1353,'44','330',NULL,'কাঁঠালিয়া',NULL),(1354,'44','330',NULL,'কাঁঠালিয়া',NULL),(1355,'44','330',NULL,'কাঁঠালিয়া',NULL),(1356,'44','330',NULL,'কাঁঠালিয়া',NULL),(1357,'44','330',NULL,'কাঁঠালিয়া',NULL),(1358,'44','330',NULL,'কাঁঠালিয়া',NULL),(1359,'44','330',NULL,'কাঁঠালিয়া',NULL),(1360,'44','330',NULL,'কাঁঠালিয়া',NULL),(1361,'44','330',NULL,'কাঁঠালিয়া',NULL),(1362,'44','330',NULL,'কাঁঠালিয়া',NULL),(1363,'44','330',NULL,'কাঁঠালিয়া',NULL),(1364,'44','330',NULL,'কাঁঠালিয়া',NULL),(1365,'18','515',NULL,'রায়েদ',NULL),(1366,'22','185',NULL,'চকবেলতৈল',NULL),(1367,'7','52',NULL,'উয়ারুক',NULL),(1368,'30','243',NULL,'জয়মনিরহাট',NULL),(1369,'17','152',NULL,'ঢোলভাঙ্গা',NULL),(1370,'38','283',NULL,'দাশের বাজার',NULL),(1371,'38','285',NULL,'তেলিবিল',NULL),(1372,'25','206',NULL,'ভাইটুর বাজার',NULL),(1373,'45','516',NULL,'ধাপারি',NULL),(1374,'63','471',NULL,'আরমোস্টা',NULL),(1375,'3','20',NULL,'চৌধুরীরহাট',NULL),(1376,'63','471',NULL,'আরমোষ্টা',NULL),(1377,'9','63',NULL,'সমিতির হাট',NULL),(1378,'23','517',NULL,'বাঘাপাড়া',NULL),(1379,'21','176',NULL,'কলাতলা',NULL),(1380,'10','518',NULL,'কলাবাড়ি কাদাড়ী',NULL),(1381,'54','395',NULL,'পানসীপাড়া',NULL),(1382,'40','295',NULL,'বাটাজোর',NULL),(1383,'11','79',NULL,'নানুয়ার বাজার',NULL),(1384,'11','79',NULL,'নানুয়ার বাজার',NULL),(1385,'36','275',NULL,'তেরশ্রী',NULL),(1386,'35','271',NULL,'হাজরাপুর',NULL),(1387,'29','239',NULL,'দামপাড়া',NULL),(1388,'35','271',NULL,'সাচিলাপুর',NULL),(1389,'32','259',NULL,'দাসপাড়া',NULL),(1390,'35','271',NULL,'বগিয়া',NULL),(1391,'22','186',NULL,'আম্বাড়ীয়া',NULL),(1392,'22','186',NULL,'আমবাড়ীয়া',NULL),(1393,'35','271',NULL,'সত্যপুর',NULL),(1394,'38','285',NULL,'ফুলতলা বাজার',NULL),(1395,'54','520',NULL,'রাজশাহী কোর্ট',NULL),(1396,'43','321',NULL,'এস পাঁচগাঁও',NULL),(1397,'38','283',NULL,'সুজাউল মাদ্রাস',NULL),(1398,'62','463',NULL,'নিমাদল',NULL),(1399,'47','355',NULL,'বালাগ্রাম',NULL),(1400,'62','459',NULL,'শ্রীধরা',NULL),(1401,'48','364',NULL,'কেশারপাড়',NULL),(1402,'23','521',NULL,'সাজিয়ালী',NULL),(1403,'6','40',NULL,'দরিয়াদৌলত',NULL),(1404,'44','522',NULL,'পঞ্চবটি',NULL),(1405,'11','80',NULL,'পূর্ব চান্দিনা',NULL),(1406,'19','161',NULL,'মধ্যবনগ্রাম',NULL),(1407,'38','285',NULL,'রংগিরকুল',NULL),(1408,'62','459',NULL,'তেরাদল বাজার',NULL),(1409,'11','87',NULL,'হুচছামিয়া',NULL),(1410,'29','234',NULL,'জয়কা',NULL),(1411,'22','523',NULL,'জিন্নাহবাজার',NULL),(1412,'35','273',NULL,'রাধানগর',NULL),(1413,'40','304',NULL,'চকনাপাড়া',NULL),(1414,'40','301',NULL,'দুল্লা',NULL),(1415,'22','184',NULL,'গাইবান্দা',NULL),(1416,'45','524',NULL,'বড়াইগ্রাম',NULL),(1417,'40','297',NULL,'নিগুয়ারী',NULL),(1418,'13','96',NULL,'ফরিদাবাদ',NULL),(1419,'40','525',NULL,'ময়মনসিংহ',NULL),(1420,'17','148',NULL,'রহমতপুর',NULL),(1421,'22','523',NULL,'চন্দ্রাবাজ',NULL),(1422,'40','302',NULL,'কাচারী বাজার',NULL),(1423,'46','342',NULL,'চন্দ্রপুর হুজরাবাড়ী',NULL),(1424,'46','350',NULL,'শালদীঘা',NULL),(1425,'22','188',NULL,'তারাকান্দি',NULL),(1426,'17','526',NULL,'বারকোনা',NULL),(1427,'29','235',NULL,'মধ্যপাড়া',NULL),(1428,'35','527',NULL,'হাজীপুর',NULL),(1429,'62','528',NULL,'সিলেট্‌',NULL),(1430,'19','162',NULL,'ধলগ্রাম',NULL),(1431,'6','41',NULL,'নলগড়িয়া',NULL),(1432,'6','41',NULL,'সিংগার বিল',NULL),(1433,'42','317',NULL,'অমৃতনগর',NULL),(1434,'11','86',NULL,'ইকবাল নগর',NULL),(1435,'6','530',NULL,'আশুগঞ্জ',NULL),(1436,'22','185',NULL,'শ্রীপুর কৃমারিয়া',NULL),(1437,'3','20',NULL,'মশাং',NULL),(1438,'35','273',NULL,'কাজলী বাজার',NULL),(1439,'20','169',NULL,'রামশ্রী',NULL),(1440,'44','332',NULL,'রহিমাবাদ',NULL),(1441,'46','350',NULL,'তেথুলিয়া',NULL),(1442,'22','523',NULL,'সূর্যনগর',NULL),(1443,'62','528',NULL,'সোনাতুলা',NULL),(1444,'40','295',NULL,'বাটাবাজার',NULL),(1445,'40','295',NULL,'কাচিনা',NULL),(1446,'38','287',NULL,'টেংরা বাজার',NULL),(1447,'22','188',NULL,'পোগলদিয়া',NULL),(1448,'61','452',NULL,'লক্ষীপুর্',NULL),(1449,'6','41',NULL,'মুকন্দুপুর',NULL),(1450,'18','154',NULL,'কে,বি,বাজার',NULL),(1451,'22','523',NULL,'মোরার পাড়া',NULL),(1452,'39','291',NULL,'চর ডুমুরিয়া',NULL),(1453,'49','373',NULL,'শান্তিপুর',NULL),(1454,'40','531',NULL,'চারুয়া পাড়া',NULL),(1455,'38','285',NULL,'মণুু',NULL),(1456,'29','238',NULL,'ঢাকী',NULL),(1457,'6','532',NULL,'নুরপুর মাদ্রাসা',NULL),(1458,'6','41',NULL,'পাগাচং',NULL),(1459,'40','295',NULL,'মল্লিকবাড়ি',NULL),(1460,'22','523',NULL,'নুতনবাজার',NULL),(1461,'29','235',NULL,'মাইজহাটী',NULL),(1462,'20','169',NULL,'মুছিকান্দী',NULL),(1463,'63','479',NULL,'নলুয়া',NULL),(1464,'32','258',NULL,'কাকিলাতলী',NULL),(1465,'40','525',NULL,'কাছারীবাজার',NULL),(1466,'62','528',NULL,'কদমতলি',NULL),(1467,'16','144',NULL,'ফাজিলপুর',NULL),(1468,'9','70',NULL,'বক্তার হাট',NULL),(1469,'9','60',NULL,'সন্ধীপ',NULL),(1470,'48','364',NULL,'কুতুবের হাট',NULL),(1471,'11','533',NULL,'দেবীদ্বার',NULL),(1472,'20','170',NULL,'মশাজান',NULL),(1473,'20','534',NULL,'মুড়িয়াডক',NULL),(1474,'22','535',NULL,'আমবাড়িয়া',NULL),(1475,'62','460',NULL,'ইসলামাবাদ',NULL),(1476,'58','432',NULL,'মুজাফফরপুর',NULL),(1477,'59','440',NULL,'মলামারী',NULL),(1478,'22','185',NULL,'সৈয়দপুর',NULL),(1479,'46','348',NULL,'ফতেপুর',NULL),(1480,'40','301',NULL,'বেগুনবাড়ী',NULL),(1481,'22','523',NULL,'রামরামপুর',NULL),(1482,'46','352',NULL,'হিরণপুর',NULL),(1483,'7','536',NULL,'মুলপাড়া',NULL),(1484,'7','536',NULL,'কালিরবাজার',NULL),(1485,'7','536',NULL,'সিংহের গাঁও',NULL),(1486,'40','525',NULL,'বিদ্যাগঞ্জ',NULL),(1487,'22','523',NULL,'জয়গঞ্জবাজার',NULL),(1488,'40','531',NULL,'ধোবাউড়া',NULL),(1489,'32','258',NULL,'জক্সিনহাট',NULL),(1490,'32','258',NULL,'জকসিনহাট',NULL),(1491,'22','185',NULL,'বকসীগঞ্জ',NULL),(1492,'22','537',NULL,'বকসীগঞ্জ',NULL),(1493,'40','538',NULL,'কলসিন্দুর বাজার',NULL),(1494,'11','81',NULL,'সরকটা',NULL),(1495,'13','97',NULL,'খিলক্ষেত',NULL),(1496,'34','269',NULL,'কবিরাজ পুর',NULL),(1497,'3','16',NULL,'অনগুরপুর',NULL),(1498,'10','539',NULL,'খায়েরহুদা',NULL),(1499,'45','541',NULL,'বৃ-পাথুরিয়া',NULL),(1500,'62','459',NULL,'পূর্ব শাহবাজপুর',NULL),(1501,'16','142',NULL,'আলেম বাজার',NULL),(1502,'62','459',NULL,'আচিরগঞ্জ বাজার',NULL),(1503,'35','273',NULL,'নাকোল',NULL),(1504,'18','159',NULL,'গোসিঙ্গাঁ',NULL),(1505,'63','473',NULL,'ফলদা',NULL),(1506,'20','169',NULL,'গাজীপুর',NULL),(1507,'11','542',NULL,'আমড়াতলী',NULL),(1508,'46','345',NULL,'নাজিরপুর',NULL),(1509,'62','543',NULL,'মুন্সিপাড়া',NULL),(1510,'22','184',NULL,'চিনাডুলি',NULL),(1511,'40','304',NULL,'বাট্রা',NULL),(1512,'43','544',NULL,'নবীগঞ্জ',NULL),(1513,'59','440',NULL,'মাটিকাটা',NULL),(1514,'13','119',NULL,'নিশাতনগর',NULL),(1515,'32','258',NULL,'নুরুল্লাপুর',NULL),(1516,'20','545',NULL,'বড়বাহুলা',NULL),(1517,'21','180',NULL,'সোমেদ্দার খালী',NULL),(1518,'13','106',NULL,'ঝিগাতলা',NULL),(1519,'11','546',NULL,'ডোমবাড়িয়া',NULL),(1520,'18','515',NULL,'খামের',NULL),(1521,'7','536',NULL,'হরিপুর',NULL),(1522,'35','271',NULL,'শ্রীপুর',NULL),(1523,'11','533',NULL,'ঘুনাইঘর',NULL),(1524,'6','43',NULL,'বিটঘর',NULL),(1525,'9','70',NULL,'ওছমানিয়া',NULL),(1526,'60','444',NULL,'চরগিরীশ',NULL),(1527,'16','142',NULL,'কাশিপুর',NULL),(1528,'29','239',NULL,'হিলাচিয়া',NULL),(1529,'60','444',NULL,'নিশ্চিন্তপুর',NULL),(1530,'22','523',NULL,'পানাতিয়া পাড়া',NULL),(1531,'10','519',NULL,'দর্শনা',NULL),(1532,'29','235',NULL,'মানিক খালী',NULL),(1533,'22','547',NULL,'গুনের বাড়ী',NULL),(1534,'7','52',NULL,'চিতোষি বাজার',NULL),(1535,'40','295',NULL,'ডাকাতিয়া',NULL),(1536,'46','348',NULL,'বাজতলা',NULL),(1537,'40','296',NULL,'দেবগ্রাম',NULL),(1538,'63','474',NULL,'চরসিংগুলি',NULL),(1539,'29','241',NULL,'চর কাওনা',NULL),(1540,'19','164',NULL,'ভাটরা কেজড়া',NULL),(1541,'38','283',NULL,'নয়াবাজার',NULL),(1542,'62','459',NULL,'পূর্ব মুড়িয়া',NULL),(1543,'61','456',NULL,'মজ্ঞলকাটা বাজার',NULL),(1544,'11','549',NULL,'কোটবাড়ী',NULL),(1545,'13','108',NULL,'রায়বাজার',NULL),(1546,'46','342',NULL,'বারহাট্টা',NULL),(1547,'60','445',NULL,'শক্তিপুর',NULL),(1548,'47','358',NULL,'লক্ষনপুর',NULL),(1549,'45','516',NULL,'লাল পুর',NULL),(1550,'29','242',NULL,'গুশদিয়া',NULL),(1551,'30','247',NULL,'করকের হাট',NULL),(1552,'46','352',NULL,'গোবিন্দপুর',NULL),(1553,'59','438',NULL,'কাকর কান্দি',NULL),(1554,'40','300',NULL,'মহেশপুর',NULL),(1555,'35','273',NULL,'সাচিলাপুর',NULL),(1556,'11','542',NULL,'সবাপাত',NULL),(1557,'22','183',NULL,'কাউনিয়ার চর',NULL),(1558,'29','242',NULL,'তালজাংগা',NULL),(1559,'17','150',NULL,'ঢোলভাঙ্গা',NULL),(1560,'40','531',NULL,'ঘোষগাঁও',NULL),(1561,'46','341',NULL,'অভয়পাশা',NULL),(1562,'62','459',NULL,'সালেশ্বর',NULL),(1563,'40','304',NULL,'রামনাথপুর',NULL),(1564,'40','303',NULL,'কামালপুর',NULL),(1565,'11','88',NULL,'দেওরা',NULL),(1566,'64','485',NULL,'কচুবাড়ী',NULL),(1567,'40','301',NULL,'খামার বাজার',NULL),(1568,'40','304',NULL,'বউলা',NULL),(1569,'40','298',NULL,'কাঁঠালী',NULL),(1570,'40','295',NULL,'আংগার পাড়া',NULL),(1571,'46','351',NULL,'দেওপাড়া',NULL),(1572,'22','523',NULL,'ধানুয়া কামালপুর',NULL),(1573,'53','392',NULL,'নারোয়া বাজার',NULL),(1574,'29','241',NULL,'মাইজহাটী',NULL),(1575,'22','547',NULL,'পাটাদথ',NULL),(1576,'40','525',NULL,'নারায়নখোলা',NULL),(1577,'20','170',NULL,'শরিফাবাদ',NULL),(1578,'63','480',NULL,'আনুহলা',NULL),(1579,'6','42',NULL,'খাড়েরা',NULL),(1580,'22','188',NULL,'পোগলদিখা',NULL),(1581,'45','550',NULL,'বাশঁ বাড়িয়া',NULL),(1582,'22','523',NULL,'বাট্টাজোড়',NULL),(1583,'40','295',NULL,'ভরাডোবা',NULL),(1584,'29','551',NULL,'গোজাদিয়া',NULL),(1585,'7','51',NULL,'ষাটনল',NULL),(1586,'11','80',NULL,'মহিচাইল',NULL),(1587,'29','552',NULL,'কাজলা',NULL),(1588,'40','295',NULL,'তামাইত বাজার',NULL),(1589,'44','330',NULL,'নজরপুর',NULL),(1590,'29','236',NULL,'আগানগর',NULL),(1591,'29','236',NULL,'আগানগর',NULL),(1592,'22','185',NULL,'শৈলের কান্দা',NULL),(1593,'45','516',NULL,'ওয়ালিয়া',NULL),(1594,'22','185',NULL,'কামালখান হাট',NULL),(1595,'11','546',NULL,'উত্তর গাজিপুর',NULL),(1596,'22','183',NULL,'কাঠারবিল',NULL),(1597,'11','81',NULL,'যুক্তিখোলা',NULL),(1598,'22','183',NULL,'তারাটিয়া',NULL),(1599,'51','553',NULL,'সুবিদ খালী',NULL),(1600,'64','485',NULL,'সালন্দর',NULL),(1601,'22','188',NULL,'পিংনা শহীদ নগর',NULL),(1602,'62','463',NULL,'আমনিয়া বাজার',NULL),(1603,'57','427',NULL,'শাখরা কোমরপুর',NULL),(1604,'6','42',NULL,'শালদান্দী',NULL),(1605,'48','554',NULL,'চিলাহাট',NULL),(1606,'15','555',NULL,'আলগী',NULL),(1607,'3','556',NULL,'কাকরদা',NULL),(1608,'46','345',NULL,'নাদিরপুর',NULL),(1609,'22','523',NULL,'বকসীগঞ্জ',NULL),(1610,'62','463',NULL,'পূর্বভাগ ভাদেশ্বর',NULL),(1611,'16','142',NULL,'পীর সুলতান',NULL),(1612,'49','366',NULL,'রাজনারায়নপুর',NULL),(1613,'40','304',NULL,'চর গোয়াডাংগা',NULL),(1614,'18','515',NULL,'ইকুরিয়া',NULL),(1615,'38','283',NULL,'পূর্বশাহাবাজপুর',NULL),(1616,'51','557',NULL,'বাউফল',NULL),(1617,'22','188',NULL,'চরগিরিণ',NULL),(1618,'23','558',NULL,'শার্শা',NULL),(1619,'40','297',NULL,'জয়ধরখালী',NULL),(1620,'57','422',NULL,'মৌজা গদাইপুর',NULL),(1621,'22','188',NULL,'গাড়াডোবা',NULL),(1622,'31','559',NULL,'গরুড়া',NULL),(1623,'11','533',NULL,'বল্লভপুর',NULL),(1624,'7','536',NULL,'দায়চারা',NULL),(1625,'59','437',NULL,'দুধেরচর',NULL),(1626,'30','249',NULL,'যাদুরচর',NULL),(1627,'20','169',NULL,'গোছাপাড়া',NULL),(1628,'29','241',NULL,'কলাদিয়া',NULL),(1629,'22','537',NULL,'শাহাবাজপুর',NULL),(1630,'34','267',NULL,'শেহলা পট্টি',NULL),(1631,'9','561',NULL,'মৌলভভ হাট',NULL),(1632,'9','561',NULL,'মৌলভভ হাট',NULL),(1633,'9','561',NULL,'মৌলভী হাট',NULL),(1634,'9','561',NULL,'মৌলভী হাট',NULL),(1635,'9','561',NULL,'মৌলভী হাট',NULL),(1636,'9','561',NULL,'মৌলভী হাট',NULL),(1637,'11','542',NULL,'বরুড়াবাজার',NULL),(1638,'40','304',NULL,'বাট্টাবাজার',NULL),(1639,'11','78',NULL,'সালদানদী',NULL),(1640,'22','547',NULL,'বালিজুড়ী বাজার',NULL),(1641,'6','41',NULL,'মজলিশপুর',NULL),(1642,'29','241',NULL,'গবাকান্দি',NULL),(1643,'62','463',NULL,'বাঘামাত্রামা',NULL),(1644,'3','562',NULL,'গৌর নদী',NULL),(1645,'31','559',NULL,'আল্লার দরগা',NULL),(1646,'62','463',NULL,'ম্যপুর মাদ্রাসা',NULL),(1647,'38','287',NULL,'ইন্দ্রেশর',NULL),(1648,'62','528',NULL,'চকেরবাজার',NULL),(1649,'62','563',NULL,'আছিরগঞ্জ',NULL),(1650,'30','245',NULL,'কাঁঠালবাড়ী',NULL),(1651,'62','563',NULL,'পূর্বভাগ ভাদেশ্বর',NULL),(1652,'46','345',NULL,'বরদল',NULL),(1653,'32','564',NULL,'হাজীবাড়ী',NULL),(1654,'36','277',NULL,'দেলধা',NULL),(1655,'46','348',NULL,'কাইটহিল',NULL),(1656,'53','393',NULL,'হাবাসপুর',NULL),(1657,'46','345',NULL,'বালুচড়া',NULL),(1658,'59','440',NULL,'ভেলুয়া বাজার',NULL),(1659,'40','297',NULL,'লামকাইন',NULL),(1660,'22','523',NULL,'সাতানীপাড়া',NULL),(1661,'43','565',NULL,'পাইক পাড়া',NULL),(1662,'7','46',NULL,'সাহেব বাজার',NULL),(1663,'22','547',NULL,'মিলনবাজার',NULL),(1664,'38','283',NULL,'দাশের হাট',NULL),(1665,'16','142',NULL,'পূর্ব শিলুয়া',NULL),(1666,'22','184',NULL,'কুলকান্দি',NULL),(1667,'63','477',NULL,'ওরর‍্যাশ',NULL),(1668,'62','459',NULL,'দুরাগবাজার',NULL),(1669,'38','287',NULL,'কার্নিগ্রাম',NULL),(1670,'3','18',NULL,'সোনা বদ্দির বন্দর',NULL),(1671,'30','247',NULL,'রতিগ্রাম',NULL),(1672,'40','298',NULL,'গোবিন্দপুর',NULL),(1673,'31','559',NULL,'রিফাইতপুর',NULL),(1674,'19','161',NULL,'বলাকইর',NULL),(1675,'44','332',NULL,'কোহিনুর জুট মিল',NULL),(1676,'7','51',NULL,'বোয়ালিয়া',NULL),(1677,'45','516',NULL,'বিলমাড়ীয়া',NULL),(1678,'11','88',NULL,'যাত্রাপুর',NULL),(1679,'31','559',NULL,'চর প্রাগপুর',NULL),(1680,'52','386',NULL,'তেলিখালী',NULL),(1681,'11','78',NULL,'নাগাইশ',NULL),(1682,'32','566',NULL,'আলেকজান্ডার',NULL),(1683,'41','310',NULL,'শান্তাহার',NULL),(1684,'60','444',NULL,'মেছাড়া',NULL),(1685,'46','341',NULL,'দেওগাঁও',NULL),(1686,'45','339',NULL,'কলম',NULL),(1687,'44','331',NULL,'উত্তর',NULL),(1688,'44','331',NULL,'উত্তর চন্দন',NULL),(1689,'39','290',NULL,'জসিলদিয়া',NULL),(1690,'44','331',NULL,'জিনারদী',NULL),(1691,'19','161',NULL,'সুকতাইল',NULL),(1692,'31','559',NULL,'চিলমারী',NULL),(1693,'30','243',NULL,'শিলখুড়ী',NULL),(1694,'42','317',NULL,'পাহার ডাঙ্গা',NULL),(1695,'19','567',NULL,'মোহাটা বাজার',NULL),(1696,'7','46',NULL,'নতুনবাজার',NULL),(1697,'39','294',NULL,'শিলিমপুর',NULL),(1698,'39','291',NULL,'কেওয়ার',NULL),(1699,'59','439',NULL,'রামপুর বাজার',NULL),(1700,'56','419',NULL,'কান্দিরহাট',NULL),(1701,'46','352',NULL,'যাত্রাবাড়ী',NULL),(1702,'47','354',NULL,'চিলাহাটি',NULL),(1703,'33','262',NULL,'ডাউয়াবাড়ী',NULL),(1704,'7','51',NULL,'নিশ্চিন্তপুর',NULL),(1705,'61','568',NULL,'ভীমখালা',NULL),(1706,'62','464',NULL,'জৈন্তাপুর',NULL),(1707,'22','535',NULL,'মেলান্দহ',NULL),(1708,'7','51',NULL,'রায়ের চর',NULL),(1709,'40','295',NULL,'কাচিনা বাজার',NULL),(1710,'21','174',NULL,'কে, আলী দরগাহ',NULL),(1711,'46','345',NULL,'বড়দল',NULL),(1712,'3','569',NULL,'চাখার',NULL),(1713,'62','463',NULL,'চন্দরপুর',NULL),(1714,'62','459',NULL,'পাতন',NULL),(1715,'29','235',NULL,'লোহাজুরী',NULL),(1716,'61','456',NULL,'দোয়ারাবাজার',NULL),(1717,'44','332',NULL,'সায়দাবাদ',NULL),(1718,'56','570',NULL,'বুড়ির হাট ফার্ম',NULL),(1719,'22','184',NULL,'বেলগাছা',NULL),(1720,'29','234',NULL,'গোজাদিয়া',NULL),(1721,'18','160',NULL,'বরমীবাজার',NULL),(1722,'46','342',NULL,'দশধার',NULL),(1723,'11','87',NULL,'মাহিনী বাজার',NULL),(1724,'38','287',NULL,'পতনউষার',NULL),(1725,'62','563',NULL,'রনকেলী',NULL),(1726,'7','51',NULL,'একলাশপুর',NULL),(1727,'62','459',NULL,'গোবিন্দশ্রী',NULL),(1728,'62','460',NULL,'আশুগঞ্জ',NULL),(1729,'52','571',NULL,'তুষখালী',NULL),(1730,'62','460',NULL,'আশুগঞ্জ্',NULL),(1731,'62','460',NULL,'মীরগঞ্জবাজার',NULL),(1732,'49','373',NULL,'বনকোলা',NULL),(1733,'15','136',NULL,'চরভদ্রাসন',NULL),(1734,'33','572',NULL,'করিমপুর',NULL),(1735,'62','459',NULL,'দেউলগ্রাম',NULL),(1736,'15','573',NULL,'চরভদ্রাসন',NULL),(1737,'64','485',NULL,'আলন্দর চৌধুরীর হাট',NULL),(1738,'42','574',NULL,'কাশীনগর',NULL),(1739,'22','183',NULL,'মিরধাপাড়া',NULL),(1740,'22','523',NULL,'মিরধা পাড়া',NULL),(1741,'35','271',NULL,'হাজীপূর',NULL),(1742,'7','536',NULL,'পূর্বগাজীপুর',NULL),(1743,'33','263',NULL,'ফকিরের তকেয়া',NULL),(1744,'3','575',NULL,'ওসমান মঞ্জিল',NULL),(1745,'9','70',NULL,'বাউরিয় নাজিরহাট',NULL),(1746,'40','304',NULL,'ঢাকুয়া বাজার',NULL),(1747,'7','576',NULL,'পশ্চিম মাগদী',NULL),(1748,'6','43',NULL,'পাকহাজীপুর',NULL),(1749,'9','66',NULL,'হাদিফকিরহাট',NULL),(1750,'60','448',NULL,'বন্যাকান্দি',NULL),(1751,'6','577',NULL,'ব্রাহ্মণবাড়িয়া সদর',NULL),(1752,'13','96',NULL,'গেন্ডারিয়া',NULL),(1753,'33','263',NULL,'সাপ্টীবাড়ী',NULL),(1754,'19','161',NULL,'মানীকহার',NULL),(1755,'63','480',NULL,'শাহানশাহগঞ্জ',NULL),(1756,'30','250',NULL,'ভবনগর',NULL),(1757,'7','50',NULL,'বাইছাড়া',NULL),(1758,'10','539',NULL,'দৌলৎগঞ্জ',NULL),(1759,'22','537',NULL,'শ্রীরামপুর',NULL),(1760,'10','539',NULL,'জীবননগর',NULL),(1761,'30','247',NULL,'সিন্দুরমতি রানীর বাজার',NULL),(1762,'19','164',NULL,'লোহাচুড়া',NULL),(1763,'10','539',NULL,'ধোপাখালী',NULL),(1764,'60','444',NULL,'তারাকান্দি',NULL),(1765,'40','297',NULL,'দত্তের বাজার',NULL),(1766,'19','162',NULL,'রাজপাট',NULL),(1767,'13','98',NULL,'নান্নার',NULL),(1768,'62','463',NULL,'বাঘামাদ্রাসা',NULL),(1769,'31','254',NULL,'ইমানপুর',NULL),(1770,'13','113',NULL,'শান্তিনগর',NULL),(1771,'39','578',NULL,'ভবেরচর',NULL),(1772,'7','51',NULL,'একলাছপুর',NULL),(1773,'18','579',NULL,'নিশাত নগর',NULL),(1774,'33','263',NULL,'মহেন্দনগর',NULL),(1775,'15','140',NULL,'চান্দ্রাবাজার',NULL),(1776,'11','81',NULL,'মিয়াবাজার',NULL),(1777,'6','43',NULL,'বাঘাউড়া',NULL),(1778,'42','574',NULL,'লোহাগড়া',NULL),(1779,'13','119',NULL,'দক্ষিনখান',NULL),(1780,'21','180',NULL,'ফকিরহাট',NULL),(1781,'13','119',NULL,'উত্তরখান',NULL),(1782,'21','180',NULL,'ফকিরবাজার',NULL),(1783,'21','180',NULL,'ফকিরবাড়ী',NULL),(1784,'58','433',NULL,'খরিশার',NULL),(1785,'23','558',NULL,'শালকোনা',NULL),(1786,'19','162',NULL,'পদ্মভিলা',NULL),(1787,'52','571',NULL,'মঠবাড়িয়া',NULL),(1788,'44','328',NULL,'দুলালকান্দিবাজার',NULL),(1789,'61','568',NULL,'সেলিমগঞ্জ বাজার',NULL),(1790,'59','580',NULL,'জোলগাঁও',NULL),(1791,'63','477',NULL,'কামারপাড়া',NULL),(1792,'6','40',NULL,'ফরদাবাদ',NULL),(1793,'13','106',NULL,'নিউমার্কেট',NULL),(1794,'7','581',NULL,'একলাশপুর',NULL),(1795,'4','21',NULL,'রামরামপুর',NULL),(1796,'40','538',NULL,'রনসিংহপুর',NULL),(1797,'40','305',NULL,'ধানীখোলা',NULL),(1798,'30','243',NULL,'বাংলা সোনাহাট',NULL),(1799,'40','531',NULL,'মুন্সীরহাট',NULL),(1800,'33','261',NULL,'সাপীবাড়ী',NULL),(1801,'23','521',NULL,'সদর',NULL),(1802,'5','30',NULL,'জোড় শিমুল',NULL),(1803,'6','43',NULL,'সাতমোরা',NULL),(1804,'5','32',NULL,'নড়ুয়ামালা',NULL),(1805,'19','161',NULL,'কাঠবাজার',NULL),(1806,'35','271',NULL,'রাউতড়া',NULL),(1807,'15','139',NULL,'কাহিচাইল',NULL),(1808,'63','470',NULL,'নিকরাইল',NULL),(1809,'22','535',NULL,'হাজরাবাড়ী',NULL),(1810,'36','275',NULL,'বাংগালা',NULL),(1811,'47','353',NULL,'দ্বারাজগঞ্জ',NULL),(1812,'7','50',NULL,'সাহেদাপুর',NULL),(1813,'11','582',NULL,'হাজীগঞ্জ',NULL),(1814,'63','472',NULL,'চেষ্টা',NULL),(1815,'62','461',NULL,'রেংগা হাজীগঞ্জবাজার',NULL),(1816,'59','440',NULL,'কাকিলাকুড়া বাজার',NULL),(1817,'56','416',NULL,'আলম বিদিতর',NULL),(1818,'40','304',NULL,'পয়ারী',NULL),(1819,'19','161',NULL,'বৌলতলী',NULL),(1820,'13','116',NULL,'ফরিদাবাদ',NULL),(1821,'18','159',NULL,'জয়দেবপুর',NULL),(1822,'30','246',NULL,'শ্রীষপুর মাদারগঞ্জ',NULL),(1823,'11','549',NULL,'লক্ষীপুর',NULL),(1824,'23','585',NULL,'ধলগ্রাম',NULL),(1825,'29','237',NULL,'লক্ষীপুর',NULL),(1826,'11','549',NULL,'বানাশুয়া',NULL),(1827,'62','528',NULL,'দেউলগ্রাম',NULL),(1828,'24','586',NULL,'সিদ্ধকাঠি',NULL),(1829,'58','431',NULL,'কোদালপুর',NULL),(1830,'58','429',NULL,'চরভাগা',NULL),(1831,'6','40',NULL,'সলিমগঞ্জ',NULL),(1832,'34','269',NULL,'আমগ্রাম',NULL),(1833,'11','533',NULL,'সুবিল',NULL),(1834,'40','300',NULL,'কুমারুলী',NULL),(1835,'62','468',NULL,'টুকুরবাজার',NULL),(1836,'42','574',NULL,'কোটাকোল',NULL),(1837,'40','531',NULL,'গোয়াতলা',NULL),(1838,'5','32',NULL,'মড়িয়া',NULL),(1839,'3','20',NULL,'দাসেরহাট',NULL),(1840,'60','444',NULL,'পোগলদিঘা',NULL),(1841,'56','570',NULL,'শবেজপুর',NULL),(1842,'7','48',NULL,'হাটিলা টঙ্গীরপাড়',NULL),(1843,'23','521',NULL,'হাশিমপুর',NULL),(1844,'52','391',NULL,'কৌরীখাড়া',NULL),(1845,'19','162',NULL,'জে. ঘোনাপাড়া',NULL),(1846,'31','255',NULL,'হালসাবাজার',NULL),(1847,'37','281',NULL,'হাড়াভাঙ্গা',NULL),(1848,'48','361',NULL,'ছোবানপুরবাজার',NULL),(1849,'43','588',NULL,'সহজমপুর',NULL),(1850,'11','533',NULL,'ধামতী',NULL),(1851,'46','352',NULL,'জারিয়া',NULL),(1852,'6','42',NULL,'পানিয়ারূপ',NULL),(1853,'11','87',NULL,'দক্ষিন রাজাপাড়া',NULL),(1854,'11','88',NULL,'কামেল্লা',NULL),(1855,'19','161',NULL,'ভোজেরগাতী',NULL),(1856,'40','531',NULL,'চওড়াপাড়া বাজার',NULL),(1857,'6','577',NULL,'সুলতানপুর',NULL),(1858,'11','88',NULL,'পাকবলীঘর',NULL),(1859,'18','515',NULL,'হাছানপুর',NULL),(1860,'11','546',NULL,'চান্দঁগাঁও',NULL),(1861,'6','577',NULL,'আশুগঞ্জ',NULL),(1862,'48','360',NULL,'নয়াহাট',NULL),(1863,'56','418',NULL,'সুকুরেরহাট',NULL),(1864,'11','533',NULL,'মাসিকারা',NULL),(1865,'11','87',NULL,'বেলটা',NULL),(1866,'7','48',NULL,'নাসিরকোট',NULL),(1867,'40','304',NULL,'বকশীমুল',NULL),(1868,'11','85',NULL,'মানিকেরচর',NULL),(1869,'6','532',NULL,'চাতলপাড়',NULL),(1870,'6','42',NULL,'বাদের',NULL),(1871,'4','23',NULL,'চরশশীভুষন',NULL),(1872,'6','532',NULL,'চাতলাপার বাজার',NULL),(1873,'64','589',NULL,'আমগাঁও',NULL),(1874,'29','552',NULL,'তাড়াইল',NULL),(1875,'31','559',NULL,'ফিলিপনগর',NULL),(1876,'40','304',NULL,'কুচুরাগাঁও',NULL),(1877,'31','559',NULL,'কিলিপনগর',NULL),(1878,'51','553',NULL,'সন্দ্রাকালিকাপুর',NULL),(1879,'63','473',NULL,'ভেংগুলা',NULL),(1880,'3','15',NULL,'হোগলা',NULL),(1881,'47','357',NULL,'গরোয়ানী',NULL),(1882,'36','274',NULL,'চরকাটারী',NULL),(1883,'34','269',NULL,'হোসেনপুর',NULL),(1884,'34','268',NULL,'কালাপুর অগলী',NULL),(1885,'29','231',NULL,'আগানগর',NULL),(1886,'32','566',NULL,'চরসালকন লধুয়া বাজার',NULL),(1887,'58','433',NULL,'মুলফৎগঞ্জ',NULL),(1888,'18','154',NULL,'কামারজুরীগাছা',NULL),(1889,'31','254',NULL,'করিমপুর',NULL),(1890,'63','472',NULL,'ঝনঝনিয়া',NULL),(1891,'30','590',NULL,'ফুলবাড়ী',NULL),(1892,'6','40',NULL,'ছুবুল্লাকান্দি',NULL),(1893,'19','162',NULL,'ডোমার কান্দি',NULL),(1894,'7','536',NULL,'নয়াহাট',NULL),(1895,'40','304',NULL,'তারাকান্দাবাজার',NULL),(1896,'40','304',NULL,'বালিয়া বাজার',NULL),(1897,'22','547',NULL,'মেষ্টা',NULL),(1898,'56','418',NULL,'দেউলপাড়া',NULL),(1899,'31','559',NULL,'বাড়া গাংদিয়া',NULL),(1900,'40','525',NULL,'সুতিয়াখালী',NULL),(1901,'56','570',NULL,'বুড়িরহাট',NULL),(1902,'44','332',NULL,'শূশূবদ্দি বাজার',NULL),(1903,'56','416',NULL,'কোলকোন্দ',NULL),(1904,'18','579',NULL,'গাছা',NULL),(1905,'10','73',NULL,'মুন্সিগঞ্জ',NULL),(1906,'40','299',NULL,'কালাপাগল',NULL),(1907,'11','546',NULL,'মনোহরগঞ্জ',NULL),(1908,'23','192',NULL,'শামটা',NULL),(1909,'13','96',NULL,'দনিয়া',NULL),(1910,'18','515',NULL,'রাওনাইট',NULL),(1911,'11','542',NULL,'আড্ডা বাজার',NULL),(1912,'9','66',NULL,'আবুর হাট',NULL),(1913,'32','259',NULL,'দরগাশরীফ',NULL),(1914,'63','473',NULL,'ইস্পিনজারপুর',NULL),(1915,'44','329',NULL,'চালাকচর',NULL),(1916,'50','591',NULL,'হাড়ীভাঙ্গা',NULL),(1917,'38','287',NULL,'মশারিয়া',NULL),(1918,'62','466',NULL,'মমতাজগঞ্জ',NULL),(1919,'5','32',NULL,'সোনাতলা',NULL),(1920,'40','304',NULL,'কামারিয়া বাজার',NULL),(1921,'62','466',NULL,'লখাইরগ্রাম',NULL),(1922,'40','304',NULL,'খিচা',NULL),(1923,'11','549',NULL,'শরৎনগর',NULL),(1924,'62','592',NULL,'সালুটিকর',NULL),(1925,'62','592',NULL,'তামাবিল',NULL),(1926,'11','542',NULL,'বাতাইছরি',NULL),(1927,'62','466',NULL,'আটগ্রাম',NULL),(1928,'62','463',NULL,'মীরগঞ্জবাজার',NULL),(1929,'60','593',NULL,'চৌহালী ডিগ্রী কলেজ',NULL),(1930,'7','48',NULL,'রাজারগাঁও',NULL),(1931,'62','463',NULL,'লক্ষীপাশা',NULL),(1932,'23','192',NULL,'কায়েমকোলা বাজার',NULL),(1933,'34','268',NULL,'পেয়ারপুর',NULL),(1934,'62','592',NULL,'জাফলং চা বাগান',NULL),(1935,'62','592',NULL,'জাপলং চা বাগান',NULL),(1936,'9','62',NULL,'ফতুপুর',NULL),(1937,'11','594',NULL,'খিরনশাল বাজার',NULL),(1938,'11','542',NULL,'ছোটতুলাগাঁও',NULL),(1939,'48','360',NULL,'বজরা',NULL),(1940,'6','577',NULL,'পঘচং',NULL),(1941,'40','304',NULL,'বাহাদুরপুর',NULL),(1942,'7','536',NULL,'ঘনিয়া',NULL),(1943,'40','300',NULL,'সোহাগীবাজার',NULL),(1944,'40','297',NULL,'বারইহাটি',NULL),(1945,'47','353',NULL,'বাবুর হাট',NULL),(1946,'40','301',NULL,'ঘোগা',NULL),(1947,'29','232',NULL,'চরপুমদী',NULL),(1948,'16','595',NULL,'ফুলগাজী',NULL),(1949,'16','595',NULL,'ফুল গাজী',NULL),(1950,'29','241',NULL,'লক্ষিয়া',NULL),(1951,'46','351',NULL,'বারহাট্টা',NULL),(1952,'29','241',NULL,'মঠখোলা',NULL),(1953,'52','390',NULL,'বাসবাড়ীয়া',NULL),(1954,'48','361',NULL,'পরকোর্ট',NULL),(1955,'51','383',NULL,'ছোট বিগাই',NULL),(1956,'17','153',NULL,'ছাইতনতলা',NULL),(1957,'12','596',NULL,'পেকুয়া',NULL),(1958,'23','192',NULL,'জে, কাটি',NULL),(1959,'56','570',NULL,'আলমনগর',NULL),(1960,'27','597',NULL,'গুইমারা',NULL),(1961,'52','389',NULL,'সাচিয়া',NULL),(1962,'35','271',NULL,'আলকদিয়া বাজার',NULL),(1963,'60','442',NULL,'তামাই',NULL),(1964,'22','184',NULL,'সিরাজাবাদ',NULL),(1965,'40','304',NULL,'বাট্টা বাটপারা',NULL),(1966,'45','516',NULL,'গৌরীপুর',NULL),(1967,'20','169',NULL,'সাটিয়াজুরী',NULL),(1968,'62','466',NULL,'চতুলবাজার',NULL),(1969,'59','440',NULL,'সিংগাবরুনা',NULL),(1970,'7','536',NULL,'গল্লাক বাজার',NULL),(1971,'62','459',NULL,'শাহবাজপুর',NULL),(1972,'46','345',NULL,'লেংগুরা বাজার',NULL),(1973,'11','88',NULL,'সাহগদা',NULL),(1974,'62','466',NULL,'রহিমিয়া মাদ্রাসা',NULL),(1975,'62','592',NULL,'জাফলং',NULL),(1976,'22','535',NULL,'ডবকী বাজার',NULL),(1977,'18','154',NULL,'পুবাইল',NULL),(1978,'20','169',NULL,'মিরাশী',NULL),(1979,'7','50',NULL,'আটক্ষের',NULL),(1980,'40','525',NULL,'অম্বিকাগজ বাজার',NULL),(1981,'5','35',NULL,'হাটশোরপুর',NULL),(1982,'38','286',NULL,'ত্রৈলোক্য বিজয়',NULL),(1983,'22','547',NULL,'গোনারীতলা',NULL),(1984,'6','42',NULL,'মুলগ্রাম',NULL),(1985,'11','546',NULL,'ভোরাজগৎপুর',NULL),(1986,'7','49',NULL,'আলগীবাজার',NULL),(1987,'46','352',NULL,'পোড়াকান্দুলিয়া',NULL),(1988,'11','594',NULL,'চৌদ্দগ্রাম',NULL),(1989,'38','285',NULL,'নয়াবাজার',NULL),(1990,'46','348',NULL,'বালালী',NULL),(1991,'63','472',NULL,'কে, গৌরাঙ্গী',NULL),(1992,'30','250',NULL,'পান্ডল',NULL),(1993,'7','46',NULL,'মইশদী',NULL),(1994,'22','188',NULL,'পঞ্চশী',NULL),(1995,'16','142',NULL,'করৈয়াবাজার',NULL),(1996,'13','103',NULL,'আঠির বাজার',NULL),(1997,'50','377',NULL,'হাড়ীভাষা',NULL),(1998,'32','564',NULL,'কোরোয়া হাজীবাড়ি',NULL),(1999,'19','567',NULL,'বাশবাড়ীয়া',NULL),(2000,'44','333',NULL,'নেীকাঘাটা',NULL),(2001,'46','350',NULL,'করাচাপুর',NULL),(2002,'62','563',NULL,'বধবারী বাজার',NULL),(2003,'56','419',NULL,'মাদ্রাসা সৈয়দপুর',NULL),(2004,'62','466',NULL,'জুরাইঘাট',NULL),(2005,'62','563',NULL,'মেহেরপুর',NULL),(2006,'22','185',NULL,'মিয়াপাড়া',NULL),(2007,'19','162',NULL,'শানিলাবন্ত্র',NULL),(2008,'58','429',NULL,'ঘরিশার বাজার',NULL),(2009,'9','58',NULL,'ঝিউরী',NULL),(2010,'27','598',NULL,'রামগড়',NULL),(2011,'46','345',NULL,'লেংগুরা',NULL),(2012,'7','51',NULL,'কয়ালী বাজার',NULL),(2013,'32','258',NULL,'চরশাহী',NULL),(2014,'6','42',NULL,'বাড়াই',NULL),(2015,'46','345',NULL,'বরুয়াকোনা',NULL),(2016,'38','283',NULL,'কাঠালতলী',NULL),(2017,'62','563',NULL,'হেতিমগঞ্জ',NULL),(2018,'40','304',NULL,'রহিমগঞ্জ বাজার',NULL),(2019,'7','46',NULL,'দামোদরদি',NULL),(2020,'22','523',NULL,'আলীরপাড়',NULL),(2021,'11','83',NULL,'শিবনগর',NULL),(2022,'62','563',NULL,'মীরগঞ্জ বাজার',NULL),(2023,'11','542',NULL,'দেওড়া',NULL),(2024,'62','563',NULL,'নিমাদল',NULL),(2025,'62','563',NULL,'লক্ষীপাশা',NULL),(2026,'62','563',NULL,'বাঘা মাদ্রাসা',NULL),(2027,'20','167',NULL,'মীরপুর বাজার',NULL),(2028,'21','176',NULL,'বারশিয়া',NULL),(2029,'16','142',NULL,'দক্ষিন সত্তর',NULL),(2030,'22','184',NULL,'গোয়ালেরচর',NULL),(2031,'10','74',NULL,'নীলমণিগঞ্জ',NULL),(2032,'35','273',NULL,'হাজবাতলা',NULL),(2033,'11','546',NULL,'বাগমারা',NULL),(2034,'10','518',NULL,'দর্শনা',NULL),(2035,'52','571',NULL,'ওলিমাখালী',NULL),(2036,'38','285',NULL,'নরতন',NULL),(2037,'61','599',NULL,'ফারুকনগর',NULL),(2038,'46','341',NULL,'পাহারপুর',NULL),(2039,'22','188',NULL,'জগন্নাথগঞ্জঘাট',NULL),(2040,'56','416',NULL,'গজঘণ্টা',NULL),(2041,'22','188',NULL,'চরছাতারিয়া',NULL),(2042,'19','567',NULL,'গোহালা',NULL),(2043,'56','570',NULL,'নগরমীরগঞ্জ',NULL),(2044,'22','188',NULL,'চাপারকোনা',NULL),(2045,'23','521',NULL,'হালসা',NULL),(2046,'10','73',NULL,'আহলহাস লক্ষিপুর',NULL),(2047,'59','440',NULL,'ডেনায়া বাজার',NULL),(2048,'40','299',NULL,'বাদে বাহির শিমুল',NULL),(2049,'56','419',NULL,'চৌধুরানী',NULL),(2050,'52','391',NULL,'পুর্ব জলাবাড়ী',NULL),(2051,'10','74',NULL,'বদরগঞ্জ বাজার',NULL),(2052,'40','298',NULL,'শ্যামগঞ্জ',NULL),(2053,'22','183',NULL,'খড়মা',NULL),(2054,'11','83',NULL,'জগৎপুর',NULL),(2055,'6','40',NULL,'মীরপুর',NULL),(2056,'40','301',NULL,'হায়দারপুর',NULL),(2057,'22','523',NULL,'ধারার চর',NULL),(2058,'40','304',NULL,'আগ্বিয়া বাজার',NULL),(2059,'6','530',NULL,'তালশহর',NULL),(2060,'29','236',NULL,'যশোদল',NULL),(2061,'16','144',NULL,'ধর্মপুর',NULL),(2062,'46','341',NULL,'সুখারী',NULL),(2063,'35','271',NULL,'বেরইল',NULL),(2064,'25','206',NULL,'চড়িয়ালবিল বাজার',NULL),(2065,'10','519',NULL,'কুড়ালগাছি',NULL),(2066,'63','470',NULL,'মালতীপাড়া',NULL),(2067,'63','476',NULL,'হাদিয়া',NULL),(2068,'35','271',NULL,'হাটআমতৈল',NULL),(2069,'10','518',NULL,'কাপাসডাঙ্গা',NULL),(2070,'10','518',NULL,'চন্দ্রবাস',NULL),(2071,'10','73',NULL,'বাশবাড়ীয়া',NULL),(2072,'35','272',NULL,'মন্ডলগাতী',NULL),(2073,'22','183',NULL,'জিলবাংলা',NULL),(2074,'40','299',NULL,'ধোরাইলবাজার',NULL),(2075,'29','236',NULL,'বাক্ষ্মনকচুরী',NULL),(2076,'13','107',NULL,'কাজি পাড়া',NULL),(2077,'63','479',NULL,'বেতুয়া',NULL),(2078,'7','51',NULL,'নন্দলালপুর',NULL),(2079,'40','304',NULL,'চারিয়া বাজার',NULL),(2080,'53','394',NULL,'পাবুরিয়া',NULL),(2081,'29','232',NULL,'শাহেদল',NULL),(2082,'34','268',NULL,'খ্যতিয়াল',NULL),(2083,'46','351',NULL,'রায়দুস রৌহা',NULL),(2084,'24','601',NULL,'কাচারীবাজার',NULL),(2085,'46','345',NULL,'আছিম',NULL),(2086,'22','547',NULL,'মহিষ বাথান',NULL),(2087,'22','183',NULL,'আলীরপাড়া',NULL),(2088,'40','304',NULL,'বগার পাড়া',NULL),(2089,'22','535',NULL,'ভাবকীবাজার',NULL),(2090,'62','602',NULL,'সদরাবাদ',NULL),(2091,'46','341',NULL,'চারিগাতীয়া',NULL),(2092,'30','247',NULL,'সিঙ্গারডাবরিহাট',NULL),(2093,'29','235',NULL,'বনগ্রাম',NULL),(2094,'56','416',NULL,'মাহিপুর',NULL),(2095,'29','241',NULL,'তারাকান্দী',NULL),(2096,'44','333',NULL,'নোয়াদিয়া',NULL),(2097,'40','299',NULL,'গেষিগাঁও বাজার',NULL),(2098,'17','151',NULL,'ফজলুর পুর',NULL),(2099,'62','459',NULL,'মাসিউরা বাজার',NULL),(2100,'5','38',NULL,'হাটকরমজা',NULL),(2101,'62','563',NULL,'মুল্লার চক',NULL),(2102,'46','348',NULL,'কদমশ্রী',NULL),(2103,'60','603',NULL,'বৈদ্যজামতৈল',NULL),(2104,'62','563',NULL,'রানাপিং',NULL),(2105,'30','246',NULL,'মাদারগঞ্জ',NULL),(2106,'62','462',NULL,'হাদারপার বাজার',NULL),(2107,'3','16',NULL,'বাকাই',NULL),(2108,'16','595',NULL,'নতুন মুন্সিরহাট',NULL),(2109,'21','176',NULL,'রহমতপুর',NULL),(2110,'57','424',NULL,'চন্দনপুর',NULL),(2111,'3','604',NULL,'বরিশাল',NULL),(2112,'46','605',NULL,'বালুচরা',NULL),(2113,'15','133',NULL,'পানাইল',NULL),(2114,'46','352',NULL,'গোয়াতলা',NULL),(2115,'15','133',NULL,'কামার গ্রাম',NULL),(2116,'7','48',NULL,'লোদপাড়া',NULL),(2117,'46','348',NULL,'কেশজানী',NULL),(2118,'16','143',NULL,'প্রতাপপুর',NULL),(2119,'11','86',NULL,'নোয়াগাও',NULL),(2120,'29','235',NULL,'বেতাল',NULL),(2121,'40','304',NULL,'মাঝিয়ালী',NULL),(2122,'44','329',NULL,'চরকাশিমনগর',NULL),(2123,'22','184',NULL,'গংগাপাাড়া',NULL),(2124,'22','184',NULL,'গংগাপাড়া',NULL),(2125,'16','146',NULL,'স্বরাজপুর',NULL),(2126,'59','439',NULL,'চরশেরপুর',NULL),(2127,'61','599',NULL,'গলহা',NULL),(2128,'46','351',NULL,'রূপগঞ্জ বাজার',NULL),(2129,'40','304',NULL,'রূপসী',NULL),(2130,'62','543',NULL,'ব্রাম্মনগ্রাম',NULL),(2131,'63','472',NULL,'কদমতলী',NULL),(2132,'29','241',NULL,'হোসেন্দী',NULL),(2133,'7','46',NULL,'বড়দিয়া',NULL),(2134,'30','606',NULL,'রাযাইতাড়ী',NULL),(2135,'48','364',NULL,'কাজিরখালী',NULL),(2136,'46','607',NULL,'ধনাকুশ',NULL),(2137,'58','433',NULL,'আনন্দবাজার',NULL),(2138,'40','525',NULL,'পিয়ারপুর',NULL),(2139,'55','608',NULL,'রাঙ্গামাটি',NULL),(2140,'46','346',NULL,'সারাপাড়া',NULL),(2141,'18','154',NULL,'চুয়ারিয়া খোলা',NULL),(2142,'40','295',NULL,'জামিরা পাড়া',NULL),(2143,'18','154',NULL,'কালিগঞ্জ',NULL),(2144,'39','609',NULL,'চামরদানী',NULL),(2145,'40','525',NULL,'দাপুনিয়া',NULL),(2146,'59','440',NULL,'বকচর',NULL),(2147,'23','558',NULL,'যাদবপুর',NULL),(2148,'33','610',NULL,'লালমনির হাট',NULL),(2149,'62','563',NULL,'দেওলগ্রাম',NULL),(2150,'19','164',NULL,'উজানী',NULL),(2151,'3','13',NULL,'দেহের গাতি',NULL),(2152,'28','611',NULL,'শিরোমনী',NULL),(2153,'11','78',NULL,'কান্দুঘর',NULL),(2154,'20','560',NULL,'গাজীপুর',NULL),(2155,'43','326',NULL,'গোবিন্দপুর',NULL),(2156,'30','590',NULL,'বড়লাউ',NULL),(2157,'42','317',NULL,'বাঐসোনা',NULL),(2158,'6','577',NULL,'আটলা',NULL),(2159,'31','254',NULL,'ভেড়ামারা',NULL),(2160,'19','162',NULL,'গোয়ালগ্রাম মাদ্রাসা',NULL),(2161,'16','146',NULL,'কুটিরহাট',NULL),(2162,'40','296',NULL,'বাবুগঞ্জ',NULL),(2163,'38','286',NULL,'জগৎসী',NULL),(2164,'20','172',NULL,'গোবিন্দপুর',NULL),(2165,'31','559',NULL,'বড় গাংদিয়া',NULL),(2166,'45','550',NULL,'জামনগরবাজার',NULL),(2167,'33','263',NULL,'পাটগ্রাম',NULL),(2168,'40','301',NULL,'তারাটিপুর্বপাড়া',NULL),(2169,'3','556',NULL,'হানুয়া',NULL),(2170,'61','599',NULL,'মধ্যনগর',NULL),(2171,'31','254',NULL,'পোড়াদহ',NULL),(2172,'9','63',NULL,'নূর আলী মিয়ার হাট',NULL),(2173,'31','253',NULL,'কুশলী বাসা',NULL),(2174,'7','536',NULL,'নুরনগর',NULL),(2175,'18','154',NULL,'নীলনগর',NULL),(2176,'10','612',NULL,'শংকর চন্দ্র',NULL),(2177,'25','202',NULL,'কুটিপুড়াহাটি',NULL),(2178,'40','303',NULL,'মুসুল্লী',NULL),(2179,'63','477',NULL,'খলপাড়া',NULL),(2180,'9','66',NULL,'বাড়তাকিয়া',NULL),(2181,'38','285',NULL,'শিমুলিয়ানগর',NULL),(2182,'22','185',NULL,'হার্জিপুর',NULL),(2183,'38','285',NULL,'শিলুয়া বাজার',NULL),(2184,'11','88',NULL,'পান্ডগর',NULL),(2185,'63','613',NULL,'শলিল আরড়া',NULL),(2186,'62','459',NULL,'বর্নি',NULL),(2187,'33','572',NULL,'ভেতিমারী',NULL),(2188,'33','572',NULL,'ভেটিমারী',NULL),(2189,'46','346',NULL,'আমতলা',NULL),(2190,'63','613',NULL,'সালিল আড়রা',NULL),(2191,'6','43',NULL,'ব্রাম্মনহাতা',NULL),(2192,'35','272',NULL,'রাজবনগ্রাম',NULL),(2193,'20','560',NULL,'সাটিয়া জুরি',NULL),(2194,'59','439',NULL,'চান্দের নগর',NULL),(2195,'40','531',NULL,'কলসিন্দুর বাজার',NULL),(2196,'40','525',NULL,'রাঘবপুর',NULL),(2197,'40','525',NULL,'শম্ভগঞ্জ',NULL),(2198,'30','247',NULL,'কুনিয়া',NULL),(2199,'22','188',NULL,'পোগলদিঘা',NULL),(2200,'33','262',NULL,'নওদাবাগ',NULL),(2201,'30','247',NULL,'কানুয়া',NULL),(2202,'13','117',NULL,'শেরে বাংলানগর',NULL),(2203,'61','456',NULL,'মেওড়াকলা',NULL),(2204,'6','42',NULL,'বিষ্ণুটরী',NULL),(2205,'23','521',NULL,'চুড়ায়ন কাটি',NULL),(2206,'17','526',NULL,'ভারত গালা',NULL),(2207,'57','614',NULL,'সেতিলা',NULL),(2208,'35','271',NULL,'ফুলবাড়ী',NULL),(2209,'46','350',NULL,'সেলুপুর',NULL),(2210,'11','83',NULL,'গাজীয়াকান্দী',NULL),(2211,'30','247',NULL,'খড়িয়ালডাংগা',NULL),(2212,'40','303',NULL,'জামতলাবাজার',NULL),(2213,'7','48',NULL,'কাসেমাবাদ',NULL),(2214,'40','296',NULL,'এনায়েতপুর',NULL),(2215,'40','303',NULL,'কিসমত বনগ্রাম',NULL),(2216,'63','473',NULL,'নগদা শিমলা',NULL),(2217,'31','253',NULL,'মধুপুর',NULL),(2218,'19','567',NULL,'আগদিয়া',NULL),(2219,'6','577',NULL,'মাছি হাতা',NULL),(2220,'19','615',NULL,'চন্দ্রদিঘলিয়া',NULL),(2221,'44','332',NULL,'সওদাগর',NULL),(2222,'11','78',NULL,'মাধবপুর',NULL),(2223,'46','352',NULL,'সরিচতলা',NULL),(2224,'22','188',NULL,'গোয়ালবাতান',NULL),(2225,'40','299',NULL,'কুমুরিয়া',NULL),(2226,'33','617',NULL,'আলন্দ বাজার',NULL),(2227,'19','567',NULL,'ভাবড়াপুর',NULL),(2228,'48','363',NULL,'আব্দুল্যাপুর',NULL),(2229,'22','184',NULL,'মোশারফগঞ্জ',NULL),(2230,'9','68',NULL,'ধামাইরহাট',NULL),(2231,'31','618',NULL,'হালসা',NULL),(2232,'31','559',NULL,'গোয়ালগ্রাম',NULL),(2233,'11','619',NULL,'কালীর বাজার',NULL),(2234,'22','535',NULL,'মাহমুদপুর',NULL),(2235,'15','555',NULL,'ভাংগা',NULL),(2236,'34','267',NULL,'বীর মোহন',NULL),(2237,'10','73',NULL,'জামজামি',NULL),(2238,'34','268',NULL,'সিরখাড়া',NULL),(2239,'40','531',NULL,'পোড়াকান্দুলিয়া',NULL),(2240,'22','620',NULL,'হাজিপুর',NULL),(2241,'15','621',NULL,'ডুমাইন',NULL),(2242,'41','622',NULL,'ভাঙ্গাজাঙ্গাল',NULL),(2243,'16','595',NULL,'০৫৮১১',NULL),(2244,'16','595',NULL,'পূর্ববশিকপুর',NULL),(2245,'17','153',NULL,'তারাপুর',NULL),(2246,'46','351',NULL,'কুমারপাড়া',NULL),(2247,'40','304',NULL,'নববালিয়াজুড়ী',NULL),(2248,'43','326',NULL,'আতলাপুর বাজার',NULL),(2249,'14','623',NULL,'উপশহর',NULL),(2250,'11','83',NULL,'ইসলামাবাদ',NULL),(2251,'30','590',NULL,'নিউবড়ভিটা',NULL),(2252,'34','624',NULL,'শিবচর',NULL),(2253,'40','304',NULL,'ভাঙ্গাকান্দি',NULL),(2254,'52','625',NULL,'স্বরুপকাঠি',NULL),(2255,'12','596',NULL,'হারবাং',NULL),(2256,'50','626',NULL,'হাু',NULL),(2257,'6','530',NULL,'বাহাদুরপুর',NULL),(2258,'6','530',NULL,'বাঁ',NULL),(2259,'3','569',NULL,'ভান্ডায়াট',NULL),(2260,'50','626',NULL,'হাড়িভাষা',NULL),(2261,'50','626',NULL,'ধাক্কামারা',NULL),(2262,'3','569',NULL,'সংগীতকাঠি',NULL),(2263,'3','20',NULL,'সাকরাল',NULL),(2264,'30','244',NULL,'রমনা',NULL),(2265,'11','533',NULL,'গান্দ্রা',NULL),(2266,'25','206',NULL,'কাতলাগাড়ী',NULL),(2267,'15','621',NULL,'নলিয়া',NULL),(2268,'53','393',NULL,'যশাই',NULL),(2269,'11','88',NULL,'হাহাপুর',NULL),(2270,'13','627',NULL,'নবাবপুর',NULL),(2271,'11','88',NULL,'গাঙ্গাটিয়া',NULL),(2272,'49','373',NULL,'গবিন্দপুর',NULL),(2273,'61','568',NULL,'জামালগঞ্জ',NULL),(2274,'15','140',NULL,'সৌলডুবি',NULL),(2275,'3','18',NULL,'সাফিপুর',NULL),(2276,'32','259',NULL,'আথাকরা বাজার',NULL),(2277,'15','139',NULL,'দুলালী',NULL),(2278,'33','262',NULL,'বড়খাতা',NULL),(2279,'43','587',NULL,'বড় নগর',NULL),(2280,'34','624',NULL,'ভেল্লাতলা',NULL),(2281,'62','628',NULL,'ছাতক',NULL),(2282,'11','81',NULL,'কাশিনগর',NULL),(2283,'13','119',NULL,'হারবাইদ',NULL),(2284,'17','153',NULL,'শেতগঞ্জ',NULL),(2285,'29','552',NULL,'দামিহা',NULL),(2286,'23','521',NULL,'চান্দুটিয়া',NULL),(2287,'63','471',NULL,'করটিয়া',NULL),(2288,'20','560',NULL,'চুনারুঘাট',NULL),(2289,'15','629',NULL,'শিবরামপুর',NULL),(2290,'58','433',NULL,'চন্ডিপুর',NULL),(2291,'44','332',NULL,'দড়িহাইরমারা',NULL),(2292,'15','134',NULL,'মালিগ্রাম',NULL),(2293,'29','235',NULL,'পারদিয়াকুল',NULL),(2294,'15','139',NULL,'সালমাবাজার',NULL),(2295,'46','340',NULL,'কাকৈর গড়',NULL),(2296,'13','630',NULL,'গুলশান',NULL),(2297,'29','235',NULL,'চাতল',NULL),(2298,'44','332',NULL,'বেলাব',NULL),(2299,'63','470',NULL,'ফলদা',NULL),(2300,'44','328',NULL,'চরকাশিমপুর',NULL),(2301,'42','320',NULL,'মধ্যপল্লী',NULL),(2302,'40','296',NULL,'নিউগী কুশমাইল',NULL),(2303,'29','233',NULL,'জয়মিজি',NULL),(2304,'15','133',NULL,'কুচিয়াগ্রাম',NULL),(2305,'40','296',NULL,'বেইল জান',NULL),(2306,'44','332',NULL,'রামনগর',NULL),(2307,'22','188',NULL,'মাজালিয়া',NULL),(2308,'11','546',NULL,'বড়তুপা',NULL),(2309,'59','437',NULL,'বানেশ্বদী',NULL),(2310,'40','525',NULL,'মশিউর নগর',NULL),(2311,'46','350',NULL,'গাগলাছুর',NULL),(2312,'6','577',NULL,'গোকনঘাট',NULL),(2313,'40','304',NULL,'নাশুল্লাবাজার',NULL),(2314,'7','51',NULL,'গজরা বাজার',NULL),(2315,'40','297',NULL,'চারিপাড়া',NULL),(2316,'29','233',NULL,'বাদলা',NULL),(2317,'34','269',NULL,'খালিয়া',NULL),(2318,'25','204',NULL,'ঘুগরি পান্তাপাড়া',NULL),(2319,'11','542',NULL,'গালিমপুর',NULL),(2320,'31','254',NULL,'হাম্লা',NULL),(2321,'22','188',NULL,'ভাটারা',NULL),(2322,'31','254',NULL,'হামলা',NULL),(2323,'18','515',NULL,'বারিসার',NULL),(2324,'30','250',NULL,'বজরাহাট',NULL),(2325,'59','436',NULL,'তন্ডর',NULL),(2326,'40','297',NULL,'কাওরাইদ',NULL),(2327,'37','281',NULL,'কাজিপুর',NULL),(2328,'40','297',NULL,'সাদুয়া বাজার',NULL),(2329,'11','88',NULL,'পিরকাশিমপুর',NULL),(2330,'47','357',NULL,'নগর দারোয়ানী',NULL),(2331,'63','631',NULL,'করটিয়া',NULL),(2332,'60','446',NULL,'কাজীপুর',NULL),(2333,'31','559',NULL,'খাসমথ রামপুর',NULL),(2334,'21','632',NULL,'শৈলদাহ',NULL),(2335,'22','185',NULL,'মেষ্টা',NULL),(2336,'47','356',NULL,'আলমনিদিতর',NULL),(2337,'11','533',NULL,'বালিবাড়ী',NULL),(2338,'40','297',NULL,'হোসেনশাহী',NULL),(2339,'23','521',NULL,'কোতয়ালী',NULL),(2340,'7','46',NULL,'ছেঙ্গারচর বাজার',NULL),(2341,'13','114',NULL,'খিলগাঁও',NULL),(2342,'32','259',NULL,'মিয়াজবাড়ী',NULL),(2343,'7','50',NULL,'বগুনাথপুর',NULL),(2344,'52','571',NULL,'হলতা',NULL),(2345,'38','633',NULL,'শাহব',NULL),(2346,'38','283',NULL,'শাহবাজ পুর',NULL),(2347,'42','574',NULL,'মরিচপাশা',NULL),(2348,'4','24',NULL,'দিদারুল্লাহ',NULL),(2349,'59','438',NULL,'ফকির পাড়া',NULL),(2350,'46','351',NULL,'নাড়িয়া পাড়া',NULL),(2351,'44','330',NULL,'আলোকবালী',NULL),(2352,'48','360',NULL,'ওয়াসেকপুর',NULL),(2353,'37','282',NULL,'বিলকোলা',NULL),(2354,'30','634',NULL,'যাত্রাপুর',NULL),(2355,'11','81',NULL,'চকলক্ষীপুর',NULL),(2356,'7','46',NULL,'দেবপুর',NULL),(2357,'3','604',NULL,'পতাং',NULL),(2358,'46','346',NULL,'ঘড়াডোবা',NULL),(2359,'18','635',NULL,'নীলনগর',NULL),(2360,'7','581',NULL,'ন',NULL),(2361,'7','581',NULL,'নাওরী বাজার',NULL),(2362,'63','631',NULL,'জসিহাটি',NULL),(2363,'8','636',NULL,'গোমস্তাপুর',NULL),(2364,'29','233',NULL,'রায়টুটি',NULL),(2365,'31','253',NULL,'দুর্বচারা',NULL),(2366,'29','241',NULL,'কোদালিয়া',NULL),(2367,'7','47',NULL,'পাইকপাড়া',NULL),(2368,'38','285',NULL,'ছুরী',NULL),(2369,'32','564',NULL,'গাছিরহাট',NULL),(2370,'29','239',NULL,'সিংপুর বাজার',NULL),(2371,'32','564',NULL,'উত্তর কেরোয়া',NULL),(2372,'44','332',NULL,'বীর চরমধুয়া',NULL),(2373,'59','438',NULL,'পেড়াগাঁও',NULL),(2374,'59','438',NULL,'পোড়াগাঁও',NULL),(2375,'46','638',NULL,'আনন্দপুর',NULL),(2376,'40','303',NULL,'কালেংগাবাজার',NULL),(2377,'9','66',NULL,'মিঠানালা',NULL),(2378,'16','144',NULL,'কে, এম, হাট',NULL),(2379,'56','570',NULL,'রংপুর',NULL),(2380,'55','414',NULL,'কোতয়ালী',NULL),(2381,'18','154',NULL,'ভাওয়াল মির্জাপুর',NULL),(2382,'56','639',NULL,'শ্যামপুর',NULL),(2383,'20','560',NULL,'গোছাপাড়া',NULL),(2384,'19','567',NULL,'খান্দারপাড়',NULL),(2385,'56','570',NULL,'শ্যামপুর',NULL),(2386,'38','285',NULL,'সাগর নাল',NULL),(2387,'3','556',NULL,'পাদ্রী শিবপুর',NULL),(2388,'11','549',NULL,'চাপাপুর',NULL),(2389,'40','297',NULL,'বাশিয়া বাজার',NULL),(2390,'49','373',NULL,'কাদোয়া',NULL),(2391,'7','581',NULL,'মোল্লাকাান্দি',NULL),(2392,'13','99',NULL,'নিউমার্কেট',NULL),(2393,'11','81',NULL,'বরদৈন',NULL),(2394,'9','59',NULL,'কধুরখালী',NULL),(2395,'40','304',NULL,'তালদিঘি',NULL),(2396,'46','350',NULL,'ফরমুজ আলী',NULL),(2397,'50','376',NULL,'শালদাংগাঁ',NULL),(2398,'40','300',NULL,'কাছিমপুর',NULL),(2399,'46','350',NULL,'খালুয়া',NULL),(2400,'48','360',NULL,'রায়েরহাট',NULL),(2401,'25','206',NULL,'বসন্তপুর',NULL),(2402,'46','345',NULL,'পানার পারহরা',NULL),(2403,'52','571',NULL,'মিঠাখালি',NULL),(2404,'55','640',NULL,'রামগড়',NULL),(2405,'62','543',NULL,'বিরশ্রী',NULL),(2406,'6','45',NULL,'পশ্চিমপাড়',NULL),(2407,'62','543',NULL,'শাহবাগ',NULL),(2408,'62','543',NULL,'শরিফগঞ্জ',NULL),(2409,'52','390',NULL,'সিকদার মল্লিক',NULL),(2410,'7','46',NULL,'আইনগিরি বাজার',NULL),(2411,'7','50',NULL,'আইনগিরি বাজার',NULL),(2412,'56','419',NULL,'জাহাঙ্গীরাবাদ',NULL),(2413,'48','361',NULL,'তালতলা বাজার',NULL),(2414,'10','539',NULL,'হামাদাহ',NULL),(2415,'62','543',NULL,'সোনাসার',NULL),(2416,'53','393',NULL,'কসবামাজাইল',NULL),(2417,'33','572',NULL,'দলগ্রাম',NULL),(2418,'7','536',NULL,'ধানুয়া',NULL),(2419,'13','627',NULL,'ঢাকা সদর',NULL),(2420,'15','135',NULL,'শেখর',NULL),(2421,'36','274',NULL,'বড়হাট কোড়া',NULL),(2422,'5','30',NULL,'এলাংগী',NULL),(2423,'5','35',NULL,'মথুরাপাড়া',NULL),(2424,'11','79',NULL,'জিয়াপুর',NULL),(2425,'9','641',NULL,'হোছেন আহার পাড়া',NULL),(2426,'58','642',NULL,'লক্ষ্মীপুর',NULL),(2427,'51','643',NULL,'তেগাছিয়া',NULL),(2428,'31','559',NULL,'মৌবাড়িয়া',NULL),(2429,'48','360',NULL,'হাসানাবহাট',NULL),(2430,'11','542',NULL,'পয়ালগঞ্জ',NULL),(2431,'3','17',NULL,'ভাষানচর',NULL),(2432,'11','542',NULL,'পোয়ালগাছা',NULL),(2433,'7','581',NULL,'গজরাবাজার',NULL),(2434,'6','42',NULL,'শিমরাইল',NULL),(2435,'62','543',NULL,'আটগ্রাম',NULL),(2436,'7','46',NULL,'মহামায়া বাজার',NULL),(2437,'7','51',NULL,'বাগানবাড়ী',NULL),(2438,'13','115',NULL,'তাল্বাগ',NULL),(2439,'6','43',NULL,'বাংগরা',NULL),(2440,'13','115',NULL,'তালবাগ',NULL),(2441,'11','83',NULL,'মাছিমপুর',NULL),(2442,'40','298',NULL,'বোকাইনগর',NULL),(2443,'11','542',NULL,'নলুয়াচাঁদপুর',NULL),(2444,'31','253',NULL,'সান্দিয়াড়া',NULL),(2445,'40','299',NULL,'ছাতুগাঁও',NULL),(2446,'40','299',NULL,'ছাতুগাও',NULL),(2447,'23','191',NULL,'হাসিমপুর',NULL),(2448,'47','353',NULL,'গয়াখড়িবাড়ী',NULL),(2449,'56','417',NULL,'টেপামধুপুর',NULL),(2450,'46','340',NULL,'সুসঙ্গ',NULL),(2451,'63','480',NULL,'সাকোর কোল',NULL),(2452,'29','239',NULL,'ইলোচিয়া',NULL),(2453,'19','161',NULL,'মেরী গোপীনাহপুর',NULL),(2454,'11','546',NULL,'ছোট শরীফপুর',NULL),(2455,'11','546',NULL,'পোমগাঁও বাজার',NULL),(2456,'23','192',NULL,'গাজীর দরগা',NULL),(2457,'39','290',NULL,'কলমা',NULL),(2458,'46','352',NULL,'নারায়নপুর',NULL),(2459,'34','269',NULL,'সংকরদী',NULL),(2460,'6','42',NULL,'গঙ্গাসাগর',NULL),(2461,'46','346',NULL,'বাখবেড়',NULL),(2462,'30','590',NULL,'গঙ্গারহাট',NULL),(2463,'13','98',NULL,'টোপেরবাড়ী',NULL),(2464,'60','446',NULL,'মেছড়া',NULL),(2465,'35','644',NULL,'পুলুস',NULL),(2466,'31','254',NULL,'জগতি',NULL),(2467,'7','51',NULL,'এনায়েত নগর',NULL),(2468,'10','73',NULL,'নীলমনিগঞ্জ',NULL),(2469,'62','543',NULL,'ঈদগাহবাজার',NULL),(2470,'30','250',NULL,'দৈখাওয়ারচর',NULL),(2471,'62','543',NULL,'জকিগঞ্জ',NULL),(2472,'34','267',NULL,'লক্ষীপুর',NULL),(2473,'15','140',NULL,'চৌধুরীরহাট',NULL),(2474,'46','350',NULL,'জৈনপুর',NULL),(2475,'44','332',NULL,'মিজ্জারচর',NULL),(2476,'62','543',NULL,'রতনগঞ্জ',NULL),(2477,'18','515',NULL,'তিনশুনিয়া বাজার',NULL),(2478,'38','283',NULL,'জলডোবা',NULL),(2479,'20','560',NULL,'মিশারী',NULL),(2480,'48','360',NULL,'বাবুপুর',NULL),(2481,'64','589',NULL,'জীবনপুর',NULL),(2482,'5','29',NULL,'মাঝিড়া',NULL),(2483,'11','79',NULL,'চান্দনা',NULL),(2484,'12','94',NULL,'নীলাবাজার',NULL),(2485,'50','378',NULL,'দেবনগর',NULL),(2486,'24','586',NULL,'জাগুয়াহাট',NULL),(2487,'60','645',NULL,'নলকা',NULL),(2488,'38','283',NULL,'চান্দগ্রাম বাজার',NULL),(2489,'11','83',NULL,'জাহাপুর',NULL),(2490,'51','383',NULL,'সেরাখালী',NULL),(2491,'58','647',NULL,'পূর্ব ডামুজা',NULL),(2492,'3','604',NULL,'রায়পাশা',NULL),(2493,'18','156',NULL,'ঘোড়াশাল',NULL),(2494,'56','570',NULL,'মাহিগঞ্জ',NULL),(2495,'11','549',NULL,'বামুইল',NULL),(2496,'7','46',NULL,'আলগী পাঁচগাঁও',NULL),(2497,'22','183',NULL,'বাহাদুরাবাদ',NULL),(2498,'11','80',NULL,'সাহারপাড়',NULL),(2499,'56','648',NULL,'বজরাহাট',NULL),(2500,'62','466',NULL,'লেভাছড়া',NULL),(2501,'3','556',NULL,'কাফিলা',NULL),(2502,'34','268',NULL,'দত্তকেন্দুয়া',NULL),(2503,'22','188',NULL,'বারইপটল',NULL),(2504,'7','52',NULL,'রাগৈ',NULL),(2505,'22','547',NULL,'মাদারগঞ্জ',NULL),(2506,'57','614',NULL,'ভাড়াশিমলা',NULL),(2507,'46','346',NULL,'চিরাংবাজার',NULL),(2508,'44','329',NULL,'চৌরাস্তা মৌলভীবাজার',NULL),(2509,'11','83',NULL,'বাতাকান্দি',NULL),(2510,'42','574',NULL,'ঝাউডাংগা',NULL),(2511,'21','177',NULL,'সুভদিয়া',NULL),(2512,'7','536',NULL,'রূপসা',NULL),(2513,'11','85',NULL,'পাখালিয়াকান্দি',NULL),(2514,'62','543',NULL,'গাংজল',NULL),(2515,'22','183',NULL,'ফারাজী পাড়া',NULL),(2516,'11','542',NULL,'শিলমুড়ী',NULL),(2517,'9','70',NULL,'সওদাগরের হাট',NULL),(2518,'3','18',NULL,'নন্দির বাজার',NULL),(2519,'3','17',NULL,'খেজুরিয়া',NULL),(2520,'23','190',NULL,'সলুয়াবাজার',NULL),(2521,'9','70',NULL,'দৌজানগর',NULL),(2522,'61','450',NULL,'জাউয়া বাজার',NULL),(2523,'3','18',NULL,'পাতারচর',NULL),(2524,'46','352',NULL,'হোগলা',NULL),(2525,'9','70',NULL,'গাদুয়া',NULL),(2526,'11','79',NULL,'বালিখাড়া',NULL),(2527,'48','360',NULL,'জোনাদপুর',NULL),(2528,'8','649',NULL,'বামুনগাঁও',NULL),(2529,'8','649',NULL,'শিবগঞ্জ',NULL),(2530,'8','649',NULL,'মনাকশা',NULL),(2531,'8','649',NULL,'কানসাট',NULL),(2532,'8','649',NULL,'সত্রাজিতপুর',NULL),(2533,'63','477',NULL,'মেরুয়াগুনা',NULL),(2534,'11','85',NULL,'ঘনিয়ারচর',NULL),(2535,'28','650',NULL,'কয়েশ্বরীপুর',NULL),(2536,'46','352',NULL,'ঘাগড়া',NULL),(2537,'28','650',NULL,'মহেশ্বরীপুর',NULL),(2538,'46','351',NULL,'লক্ষীগঞ্জ',NULL),(2539,'6','40',NULL,'ছলিমগঞ্জ',NULL),(2540,'3','16',NULL,'টরকি',NULL),(2541,'47','358',NULL,'সোনাখুলী',NULL),(2542,'11','83',NULL,'হাসানপুর কলেজ',NULL),(2543,'9','70',NULL,'পোলশ্ব্যার বাজার',NULL),(2544,'44','330',NULL,'পঞ্চবটী',NULL),(2545,'40','304',NULL,'গোয়াডাঙ্গা',NULL),(2546,'9','70',NULL,'হারিশপুর',NULL),(2547,'7','52',NULL,'খিলাবাজার্',NULL),(2548,'20','560',NULL,'মুছিকান্দী',NULL),(2549,'10','651',NULL,'চুড়ামন কাটি',NULL),(2550,'43','326',NULL,'পাশিবাজার',NULL),(2551,'6','39',NULL,'ছতুরাশরীফ',NULL),(2552,'42','317',NULL,'জোগানিয়া',NULL),(2553,'9','70',NULL,'পন্তিতের হাট',NULL),(2554,'60','603',NULL,'রামদৌলতপুর',NULL),(2555,'41','308',NULL,'মংগলবাড়ীহাট',NULL),(2556,'31','559',NULL,'খায়েরহুদা',NULL),(2557,'45','338',NULL,'পাটুল',NULL),(2558,'29','552',NULL,'জাওয়ার',NULL),(2559,'9','70',NULL,'গাছুয়া',NULL),(2560,'10','73',NULL,'বড় গাংনী',NULL),(2561,'48','364',NULL,'মতিমিয়ার হাট',NULL),(2562,'29','241',NULL,'জাঙ্গালীয়া',NULL),(2563,'45','652',NULL,'গুরুদাশপুর',NULL),(2564,'22','183',NULL,'সান্দবাড়ী',NULL),(2565,'40','304',NULL,'বিবকা',NULL),(2566,'46','352',NULL,'মেখশিমুল',NULL),(2567,'46','653',NULL,'তেলসিন্দুর',NULL),(2568,'46','347',NULL,'কোয়ালী',NULL),(2569,'40','298',NULL,'ডৌখলা',NULL),(2570,'46','348',NULL,'বগটাইল',NULL),(2571,'40','298',NULL,'ডৌহাখলা',NULL),(2572,'22','188',NULL,'বাটকামারী',NULL),(2573,'58','433',NULL,'দিনারা',NULL),(2574,'60','445',NULL,'বাঘাবাড়ী',NULL),(2575,'60','445',NULL,'বাঘাবাড়ীঘাট',NULL),(2576,'45','338',NULL,'পাইকোড় দোল',NULL),(2577,'13','486',NULL,'দোহার',NULL),(2578,'34','624',NULL,'পল্লী কুমের পাড়া',NULL),(2579,'11','88',NULL,'গাঁঙ্গের কোট',NULL),(2580,'63','470',NULL,'বলরামপুর',NULL),(2581,'40','304',NULL,'গোয়ালকান্দি',NULL),(2582,'11','546',NULL,'ইকবালনগর',NULL),(2583,'2','9',NULL,'গৌরীচন্না',NULL),(2584,'17','148',NULL,'গিদায়ী',NULL),(2585,'11','79',NULL,'নিসসার',NULL),(2586,'37','281',NULL,'মুটমোড়া ইউ, পি',NULL),(2587,'34','268',NULL,'ঘটমাঝী',NULL),(2588,'9','70',NULL,'আযানউল্যা',NULL),(2589,'56','570',NULL,'কেরানীর হাট',NULL),(2590,'22','184',NULL,'ঢেংগারগড়',NULL),(2591,'34','267',NULL,'খাসের হাট',NULL),(2592,'29','236',NULL,'গাদিরগঞ্জ',NULL),(2593,'29','236',NULL,'গাদিরচর',NULL),(2594,'16','144',NULL,'পরহাদনগর',NULL),(2595,'43','321',NULL,'নোয়াগাঁও',NULL),(2596,'34','654',NULL,'রামভদ্রপুর',NULL),(2597,'52','391',NULL,'মৈশানী',NULL),(2598,'47','357',NULL,'রামকলা',NULL),(2599,'15','621',NULL,'বেগচামী',NULL),(2600,'44','332',NULL,'হাইরমারা',NULL),(2601,'6','42',NULL,'কাইতলা',NULL),(2602,'29','231',NULL,'বাঁশগাড়ী',NULL),(2603,'38','287',NULL,'মোকাম বাজার',NULL),(2604,'40','538',NULL,'চারুয়াপাড়া',NULL),(2605,'29','230',NULL,'দিলালপুর',NULL),(2606,'40','302',NULL,'রহমতপুর বাজার',NULL),(2607,'7','536',NULL,'কড়ৈতলীবাজার',NULL),(2608,'11','594',NULL,'কাদেরবাজার',NULL),(2609,'13','108',NULL,'শেরেবাংলা নগর',NULL),(2610,'7','581',NULL,'পুরনকশিমপুর',NULL),(2611,'10','74',NULL,'আকন্দ বাড়িয়া',NULL),(2612,'31','255',NULL,'বহলবাড়ীয়া',NULL),(2613,'15','621',NULL,'মেঘচাসী',NULL),(2614,'10','74',NULL,'তালতলা',NULL),(2615,'46','351',NULL,'বাকলপুর',NULL),(2616,'10','73',NULL,'আসমানখালী',NULL),(2617,'23','521',NULL,'বারীনগর',NULL),(2618,'35','273',NULL,'খামারপাড়া বাজার',NULL),(2619,'5','30',NULL,'বিলচাপড়ী',NULL),(2620,'21','179',NULL,'মচিয়াদহ',NULL),(2621,'22','185',NULL,'গোড়ারকান্দা',NULL),(2622,'62','563',NULL,'চন্দনপুর',NULL),(2623,'21','179',NULL,'কাঞ্চনপুর',NULL),(2624,'7','581',NULL,'আনন্দবাজার',NULL),(2625,'46','653',NULL,'বিরিশিরি',NULL),(2626,'40','301',NULL,'মোগলটোলা',NULL),(2627,'19','162',NULL,'তিলছড়া',NULL),(2628,'63','473',NULL,'সোনামুই বাজার',NULL),(2629,'35','272',NULL,'দীঘা',NULL),(2630,'37','282',NULL,'আনন্দবাস',NULL),(2631,'5','38',NULL,'ভেলুরপাড়া',NULL),(2632,'3','13',NULL,'আগরপুর',NULL),(2633,'40','297',NULL,'টাঙ্গাব বাজার',NULL),(2634,'62','528',NULL,'খালর মুখবাজার',NULL),(2635,'62','528',NULL,'লালাবাজার',NULL),(2636,'38','286',NULL,'কনকপুর',NULL),(2637,'46','653',NULL,'রানীখং',NULL),(2638,'46','653',NULL,'দূর্গাপুর',NULL),(2639,'61','655',NULL,'দিরাই',NULL),(2640,'7','50',NULL,'পালাখান',NULL),(2641,'31','656',NULL,'এক্তারপুর হাট',NULL),(2642,'23','191',NULL,'হঈল বাধাল',NULL),(2643,'63','474',NULL,'মাল্লা',NULL),(2644,'62','592',NULL,'মাতুর তলী বাজার',NULL),(2645,'3','20',NULL,'গরীয়া',NULL),(2646,'22','535',NULL,'দুরমুট',NULL),(2647,'6','43',NULL,'কনিকাড়া',NULL),(2648,'19','162',NULL,'হাতিয়াড়া',NULL),(2649,'40','300',NULL,'মরিচার চর',NULL),(2650,'19','165',NULL,'ঝনঝনিয়া',NULL),(2651,'35','273',NULL,'মালাইনগর',NULL),(2652,'42','574',NULL,'ইতিনা',NULL),(2653,'34','624',NULL,'জমিয়াতুল মাদ্রাসা',NULL),(2654,'29','232',NULL,'গাঙ্গাঁটিয়া',NULL),(2655,'46','653',NULL,'কৃষ্ণপুর',NULL),(2656,'34','624',NULL,'মুজাফরপুর',NULL),(2657,'7','581',NULL,'ইন্দুরিয়া',NULL),(2658,'3','556',NULL,'দারিয়ান',NULL),(2659,'46','653',NULL,'জাগিরপাড়া',NULL),(2660,'43','326',NULL,'ভোলাব',NULL),(2661,'24','586',NULL,'তিমিরিকাঠি',NULL),(2662,'58','657',NULL,'লুৎসিং',NULL),(2663,'59','437',NULL,'নারায়নখোলা',NULL),(2664,'13','119',NULL,'আজমপুর',NULL),(2665,'10','74',NULL,'ডিঙ্গেদাহ',NULL),(2666,'48','360',NULL,'এখলাশপুর',NULL),(2667,'7','46',NULL,'মুন্সিরহাট',NULL),(2668,'17','526',NULL,'জুমার বাড়ী',NULL),(2669,'56','658',NULL,'নাওডাঙ্গা',NULL),(2670,'17','151',NULL,'বাদিয়াখালী',NULL),(2671,'36','280',NULL,'ইরগ',NULL),(2672,'11','594',NULL,'চিয়রা',NULL),(2673,'5','32',NULL,'হাটফুলবাড়ী',NULL),(2674,'17','153',NULL,'ফুলগাছা',NULL),(2675,'40','538',NULL,'মৌ-মাদ্রাসা',NULL),(2676,'11','81',NULL,'শ্রীপুরবাড়ী',NULL),(2677,'25','206',NULL,'ফুলহরী',NULL),(2678,'25','659',NULL,'মগরখালী',NULL),(2679,'3','556',NULL,'কাজলাকাঠী',NULL),(2680,'30','250',NULL,'জম্মার হাট',NULL),(2681,'56','570',NULL,'কাচারী বাজার',NULL),(2682,'3','569',NULL,'বাইশারী',NULL),(2683,'46','348',NULL,'জাহাঙ্গীরপুর',NULL),(2684,'63','476',NULL,'ডি কেন্দুয়া',NULL),(2685,'18','156',NULL,'আদিজাঙ্গালিয়া',NULL),(2686,'6','40',NULL,'ছয়ফুল্লাকান্দি',NULL),(2687,'49','371',NULL,'চরাশুতোষপুর',NULL),(2688,'30','246',NULL,'কচাকাটা',NULL),(2689,'11','533',NULL,'গঙ্গামন্ডল',NULL),(2690,'7','48',NULL,'বলিয়া',NULL),(2691,'11','80',NULL,'বড়ইয়া কৃষ্ণপুর',NULL),(2692,'11','546',NULL,'বাংগড্ডা',NULL),(2693,'11','82',NULL,'আনন্দপুর',NULL),(2694,'22','523',NULL,'সরকার বাড়ী',NULL),(2695,'24','586',NULL,'চৌদ্দবুড়ীয়া',NULL),(2696,'11','79',NULL,'গিলতলা',NULL),(2697,'58','429',NULL,'রায়ভদ্রপুর',NULL),(2698,'40','525',NULL,'শম্ভল গঞ্জ বাজার',NULL),(2699,'52','391',NULL,'সোহাগদল',NULL),(2700,'62','563',NULL,'গোলাপগঞ্জ',NULL),(2701,'29','232',NULL,'বাকচান্দাবাজার',NULL),(2702,'19','164',NULL,'ফুলের পাড়া',NULL),(2703,'11','78',NULL,'চান্দলা',NULL),(2704,'60','593',NULL,'স্থন',NULL),(2705,'11','83',NULL,'গোবিন্দপুর',NULL),(2706,'44','329',NULL,'সুকান্দী',NULL),(2707,'19','164',NULL,'কানুড়িয়া',NULL),(2708,'11','80',NULL,'বদরপুর বাজার',NULL),(2709,'50','660',NULL,'নটেশ্বরী',NULL),(2710,'58','433',NULL,'পঞ্চপল্লী',NULL),(2711,'46','350',NULL,'সমার্জ',NULL),(2712,'10','518',NULL,'মদনা',NULL),(2713,'6','43',NULL,'শিবপুর',NULL),(2714,'37','281',NULL,'ধানখোলা',NULL),(2715,'11','549',NULL,'আহাম্মদনগর',NULL),(2716,'18','515',NULL,'টোক নয়ন বাজার',NULL),(2717,'38','283',NULL,'বনী',NULL),(2718,'44','330',NULL,'ডিপুটিবাড়ী',NULL),(2719,'10','74',NULL,'বেগমপুর',NULL),(2720,'62','459',NULL,'গাতন',NULL),(2721,'11','533',NULL,'মরিরা',NULL),(2722,'11','542',NULL,'ভাউকসার বাজার',NULL),(2723,'11','78',NULL,'দুলালাপাড়া',NULL),(2724,'11','78',NULL,'দুলালপুর',NULL),(2725,'16','142',NULL,'পাঠানগর',NULL),(2726,'32','259',NULL,'সাপলিপাড়া',NULL),(2727,'11','88',NULL,'সিদ্ধিরগঞ্জ',NULL),(2728,'62','459',NULL,'ফাকুরা',NULL),(2729,'62','459',NULL,'কাকুরা',NULL),(2730,'48','361',NULL,'শ্রীপুর',NULL),(2731,'16','142',NULL,'নিজপানুয়া',NULL),(2732,'62','459',NULL,'আলী নগর',NULL),(2733,'29','241',NULL,'বুরুন্দিয়া',NULL),(2734,'43','321',NULL,'ফটিসাবাজার',NULL),(2735,'43','321',NULL,'ফাউসা বাজার',NULL),(2736,'32','564',NULL,'রাখালিয়াবাজার',NULL),(2737,'17','149',NULL,'নাকাইহাট',NULL),(2738,'43','326',NULL,'বিরাব',NULL),(2739,'3','661',NULL,'বাহদুরপুর',NULL),(2740,'46','352',NULL,'ভবের বাজার',NULL),(2741,'17','148',NULL,'মোল্লার চর',NULL),(2742,'11','80',NULL,'বাবনী মোল্লা',NULL),(2743,'38','285',NULL,'ছিলুয়া',NULL),(2744,'64','484',NULL,'বনগাঁও',NULL),(2745,'58','433',NULL,'লোনসী',NULL),(2746,'62','459',NULL,'বাহাদুরপুর',NULL),(2747,'11','83',NULL,'চরগোয়ালী',NULL),(2748,'11','79',NULL,'ফকির চর',NULL),(2749,'62','459',NULL,'নিদনপুর',NULL),(2750,'11','79',NULL,'ফকির বাজার',NULL),(2751,'62','460',NULL,'বাইশঘর',NULL),(2752,'49','372',NULL,'নড়িয়াগদাই',NULL),(2753,'29','241',NULL,'পূর্ব নারান্দি',NULL),(2754,'15','133',NULL,'গোপালপুর',NULL),(2755,'37','281',NULL,'কমরদী',NULL),(2756,'22','183',NULL,'ধারারচর',NULL),(2757,'10','74',NULL,'খাড়াগোদা',NULL),(2758,'29','237',NULL,'নলবাইদ',NULL),(2759,'40','297',NULL,'সতরবাড়ী',NULL),(2760,'63','480',NULL,'কাকুয়া',NULL),(2761,'40','304',NULL,'ছনধরা বাজার',NULL),(2762,'48','360',NULL,'আবিরপাড়া',NULL),(2763,'11','85',NULL,'মনিপুর',NULL),(2764,'62','459',NULL,'বৈরাগী বাজার',NULL),(2765,'14','623',NULL,'মুরাদপুর',NULL),(2766,'34','624',NULL,'বরহামগঞ্জ',NULL),(2767,'44','329',NULL,'খিদিরপুর',NULL),(2768,'40','295',NULL,'বনকুয়া',NULL),(2769,'39','294',NULL,'আড়িয়ল বাজার',NULL),(2770,'37','282',NULL,'কেদারগঞ্জ',NULL),(2771,'40','301',NULL,'বনবাংলা',NULL),(2772,'11','87',NULL,'আলীগঞ্জবাজার',NULL),(2773,'40','297',NULL,'পাগলাবাজার',NULL),(2774,'11','546',NULL,'দাদঘর',NULL),(2775,'33','261',NULL,'ভেলাবাড়ী',NULL),(2776,'11','88',NULL,'জাহাপুর',NULL),(2777,'23','521',NULL,'খোজারহাট',NULL),(2778,'3','13',NULL,'বায়লাখালী',NULL),(2779,'21','174',NULL,'কান্দাপাড়া',NULL),(2780,'22','184',NULL,'আলমগঞ্জ',NULL),(2781,'23','190',NULL,'জগদীশপুর',NULL),(2782,'59','436',NULL,'কাকরকান্দি',NULL),(2783,'40','525',NULL,'চুরখাইবাজার',NULL),(2784,'7','51',NULL,'ছেংগারচর',NULL),(2785,'44','331',NULL,'ভাংগা বাজার',NULL),(2786,'22','547',NULL,'মুসলেমাবাদ',NULL),(2787,'22','523',NULL,'আইরমারী',NULL),(2788,'46','345',NULL,'চৈতা',NULL),(2789,'19','161',NULL,'কাটারীহাট',NULL),(2790,'46','341',NULL,'শুনই বড় বাড়ী',NULL),(2791,'6','577',NULL,'বিষ্ণুপুর',NULL),(2792,'46','347',NULL,'কদমশ্রী',NULL),(2793,'59','580',NULL,'ভটপুর',NULL),(2794,'56','658',NULL,'ফুলবাড়ী',NULL),(2795,'12','596',NULL,'চিরিগা',NULL),(2796,'7','48',NULL,'সৈয়দপুর বাজার',NULL),(2797,'29','235',NULL,'জালালপুর',NULL),(2798,'3','604',NULL,'হিজ',NULL),(2799,'3','604',NULL,'হিজলাতলা',NULL),(2800,'56','416',NULL,'হারাগাছা',NULL),(2801,'31','253',NULL,'দক্ষিন মনোহরপুর',NULL),(2802,'17','148',NULL,'বাদিয়াখালী',NULL),(2803,'46','352',NULL,'পাবই',NULL),(2804,'40','304',NULL,'কাশিগঞ্জ বাজার',NULL),(2805,'30','247',NULL,'টেগরাহাট',NULL),(2806,'31','253',NULL,'নতুন উপশহর',NULL),(2807,'30','247',NULL,'টৌগরাইহাট',NULL),(2808,'46','351',NULL,'বিশিউরা',NULL),(2809,'63','473',NULL,'ধুবলিয়া',NULL),(2810,'46','352',NULL,'আলমপুর',NULL),(2811,'7','52',NULL,'সূচীপাড়া',NULL),(2812,'56','418',NULL,'শালটি গোপালপুর',NULL),(2813,'20','172',NULL,'বাগামুরা',NULL),(2814,'54','395',NULL,'বাউসা',NULL),(2815,'24','197',NULL,'রামচন্দ্রপুর',NULL),(2816,'9','62',NULL,'বুজপুর',NULL),(2817,'21','662',NULL,'মিঠাখালী',NULL),(2818,'47','356',NULL,'সিংগেরগাড়ী',NULL),(2819,'23','192',NULL,'পাল্লা',NULL),(2820,'46','352',NULL,'পাইলাটি',NULL),(2821,'10','73',NULL,'খাসকররা',NULL),(2822,'37','282',NULL,'পিরোজপুর',NULL),(2823,'32','259',NULL,'পানিয়ালা',NULL),(2824,'7','48',NULL,'রাগৈই',NULL),(2825,'38','283',NULL,'পূর্ব দৌলতপুর',NULL),(2826,'56','570',NULL,'পালিচড়াহাট',NULL),(2827,'6','42',NULL,'গাঠিয়ারা বাজার',NULL),(2828,'62','528',NULL,'খাদিমনগর',NULL),(2829,'14','623',NULL,'মুজাহিদপুর',NULL),(2830,'57','427',NULL,'দেবনগর',NULL),(2831,'9','66',NULL,'সাইরখালী',NULL),(2832,'16','663',NULL,'শালধর বাজার',NULL),(2833,'48','361',NULL,'ছয়আলী টবগা',NULL),(2834,'46','352',NULL,'পুর্ব ভায়া খালিশহর',NULL),(2835,'18','515',NULL,'কামারগাঁও',NULL),(2836,'3','604',NULL,'লাখুটিয়া',NULL),(2837,'52','390',NULL,'দুরগাপুর',NULL),(2838,'63','473',NULL,'বেলুয়া বাজার',NULL),(2839,'9','68',NULL,'মরিয়ামনগর',NULL),(2840,'11','87',NULL,'সাতবাড়ীয়া',NULL),(2841,'18','635',NULL,'জয়দেব পুর',NULL),(2842,'11','88',NULL,'দীঘিরপাড়',NULL),(2843,'61','456',NULL,'আমবাড়ী',NULL),(2844,'38','285',NULL,'হাজীপুর',NULL),(2845,'11','546',NULL,'যুক্তিখোলাবাজার',NULL),(2846,'7','48',NULL,'শ্রীপুর বাজার',NULL),(2847,'7','48',NULL,'বাকিলা',NULL),(2848,'11','85',NULL,'মাথাভাঙ্গা',NULL),(2849,'46','345',NULL,'বাকেরপুর',NULL),(2850,'21','181',NULL,'ডেনাতলা',NULL),(2851,'25','204',NULL,'জি পান্থাপাড়া',NULL),(2852,'20','170',NULL,'বড় বাছলা',NULL),(2853,'42','574',NULL,'আড়ীয়ারা',NULL),(2854,'62','466',NULL,'প্রসাদপূর্ব',NULL),(2855,'20','170',NULL,'লঙ্কুরপুর',NULL),(2856,'3','20',NULL,'মুন্সীরতালুক',NULL),(2857,'14','128',NULL,'ভাদুরিয়া',NULL),(2858,'7','49',NULL,'চরভৈরব',NULL),(2859,'20','167',NULL,'সাটিয়াজরী',NULL),(2860,'56','416',NULL,'বড়বিল',NULL),(2861,'37','281',NULL,'ভোলাডাঙ্গা',NULL),(2862,'20','172',NULL,'আন্দউড়া',NULL),(2863,'20','170',NULL,'লস্করপুর',NULL),(2864,'33','264',NULL,'জগতবেড়',NULL),(2865,'45','516',NULL,'আব্দুলপুর',NULL),(2866,'56','416',NULL,'দক্ষিন পানাপুকুর',NULL),(2867,'15','139',NULL,'মাঝারদিয়া',NULL),(2868,'56','419',NULL,'গুজিপুর',NULL),(2869,'60','444',NULL,'গোগলদিঘা',NULL),(2870,'63','470',NULL,'ধুবলিয়া',NULL),(2871,'56','419',NULL,'পাওটানা হাট',NULL),(2872,'3','556',NULL,'চরামুদ্দি',NULL),(2873,'14','623',NULL,'রাজবাটী',NULL),(2874,'25','204',NULL,'দত্তনগর',NULL),(2875,'22','547',NULL,'নিকলী',NULL),(2876,'22','547',NULL,'আদার ভিটা',NULL),(2877,'43','326',NULL,'মাছুমাবাদ',NULL),(2878,'60','442',NULL,'ডাংগাবাড়ী',NULL),(2879,'18','159',NULL,'বলদীঘাট',NULL),(2880,'9','70',NULL,'সন্তষপুর',NULL),(2881,'39','290',NULL,'ভরাকপুর',NULL),(2882,'46','345',NULL,'হাট গোবিন্দপুর',NULL),(2883,'15','139',NULL,'পুরাপাড়া',NULL),(2884,'46','345',NULL,'ত্রৈতা',NULL),(2885,'17','153',NULL,'মতিনপুর',NULL),(2886,'48','364',NULL,'কাবিলপুর',NULL),(2887,'29','236',NULL,'রনচন্ডী',NULL),(2888,'60','446',NULL,'গান্দাইল',NULL),(2889,'38','286',NULL,'দুর্লভপুর',NULL),(2890,'46','352',NULL,'দেউটুকু',NULL),(2891,'40','302',NULL,'নওমহল',NULL),(2892,'61','452',NULL,'অছিরনগর',NULL),(2893,'22','185',NULL,'ছোনটিয়াবাজার',NULL),(2894,'39','290',NULL,'কমারভোগ',NULL),(2895,'20','166',NULL,'আজমীরনগর',NULL),(2896,'13','113',NULL,'বড়বাড়ী',NULL),(2897,'22','535',NULL,'ঝাত্তগড়া',NULL),(2898,'40','297',NULL,'মশাখালী',NULL),(2899,'21','174',NULL,'কে আলী দরগা',NULL),(2900,'46','350',NULL,'পালগাঁও',NULL),(2901,'3','556',NULL,'শেচনগর',NULL),(2902,'7','51',NULL,'বরদিয়া',NULL),(2903,'20','170',NULL,'লালচান্দ সুরাবই',NULL),(2904,'22','185',NULL,'শরীফপুর',NULL),(2905,'11','81',NULL,'তারাশাইল',NULL),(2906,'48','361',NULL,'আহম্মদনগর',NULL),(2907,'63','473',NULL,'অর্জনা',NULL),(2908,'20','173',NULL,'সৈয়দপুর',NULL),(2909,'36','275',NULL,'বৈকন্ঠপুর',NULL),(2910,'20','560',NULL,'ফকিরাবাদ',NULL),(2911,'43','326',NULL,'পুটিনা',NULL),(2912,'19','162',NULL,'কসুন্দিয়া',NULL),(2913,'20','166',NULL,'পাহাড়পুর',NULL),(2914,'11','594',NULL,'গুনবতী',NULL),(2915,'44','333',NULL,'চৈতন্যা',NULL),(2916,'25','204',NULL,'হাট যাদব পুর',NULL),(2917,'19','162',NULL,'ঘোনাপাড়া',NULL),(2918,'44','333',NULL,'বেলাব',NULL),(2919,'25','664',NULL,'কোলাবাজার',NULL),(2920,'25','201',NULL,'জোড়াদাহবাজার',NULL),(2921,'62','628',NULL,'দেয়ালীবাজার',NULL),(2922,'34','624',NULL,'বাজীতপুর',NULL),(2923,'6','43',NULL,'ধনাড়ী',NULL),(2924,'16','595',NULL,'কালিকাপুর',NULL),(2925,'44','330',NULL,'চরদিঘলদী',NULL),(2926,'11','83',NULL,'উত্তর নারান্দিয়া',NULL),(2927,'11','594',NULL,'পাতড্ডা',NULL),(2928,'55','640',NULL,'বেলছড়ি',NULL),(2929,'16','142',NULL,'মধুগ্রাম',NULL),(2930,'9','62',NULL,'রাঙ্গাপানি',NULL),(2931,'20','168',NULL,'পাহারপুর',NULL),(2932,'39','290',NULL,'মশালদিয়া',NULL),(2933,'11','87',NULL,'নোন্দাইল',NULL),(2934,'6','43',NULL,'ইব্রাহিমপুর',NULL),(2935,'46','352',NULL,'আগিয়াবাজার',NULL),(2936,'62','459',NULL,'জলডুবা',NULL),(2937,'40','301',NULL,'বিদ্যাগঞ্জ',NULL),(2938,'61','568',NULL,'সাচনা',NULL),(2939,'6','40',NULL,'মরিচাকান্দি',NULL),(2940,'7','536',NULL,'চান্দরা বাজার',NULL),(2941,'38','283',NULL,'গল্লা সাংগন',NULL),(2942,'22','547',NULL,'চরগোলাবাড়ী',NULL),(2943,'29','235',NULL,'বোয়ালিয়া',NULL),(2944,'38','665',NULL,'শাবাজপুর',NULL),(2945,'13','116',NULL,'ফরাশগঞ্জ',NULL),(2946,'60','445',NULL,'খুকনি',NULL),(2947,'3','556',NULL,'কৃষ্ণকাঠি',NULL),(2948,'33','262',NULL,'দৈখাওয়া',NULL),(2949,'54','666',NULL,'বিনদপুর বাজার',NULL),(2950,'5','29',NULL,'শেকের কোলা',NULL),(2951,'16','146',NULL,'সদাগরহাট',NULL),(2952,'46','653',NULL,'জারিয়া ঝানজাইল',NULL),(2953,'46','350',NULL,'খুরশীমুল',NULL),(2954,'6','42',NULL,'বিনাউটি',NULL),(2955,'48','361',NULL,'পাচগাঁও',NULL),(2956,'44','333',NULL,'দাক্তরগাঁও মধ্যপাড়া',NULL),(2957,'7','52',NULL,'আয়নতলী',NULL),(2958,'58','429',NULL,'কনেকসর',NULL),(2959,'29','240',NULL,'আদমপুর',NULL),(2960,'44','332',NULL,'সদরকান্দি',NULL),(2961,'19','162',NULL,'মাজরা',NULL),(2962,'7','50',NULL,'আশরাফুল',NULL),(2963,'43','321',NULL,'কাউসাবাজার',NULL),(2964,'6','43',NULL,'গোপালগঞ্জ',NULL),(2965,'7','51',NULL,'পুরান কাশিমপুর',NULL),(2966,'62','543',NULL,'শেরুলবাগ',NULL),(2967,'11','546',NULL,'সৈয়াব ভাংগা',NULL),(2968,'11','78',NULL,'মহালক্ষিপাড়া',NULL),(2969,'18','159',NULL,'টেংরা',NULL),(2970,'62','543',NULL,'ইছামতি',NULL),(2971,'17','148',NULL,'কুপতলা',NULL),(2972,'39','293',NULL,'রুসদী',NULL),(2973,'63','480',NULL,'চৌ বাড়ীয়া',NULL),(2974,'46','351',NULL,'টুলীগাতী',NULL),(2975,'34','624',NULL,'ছলেনামা বাহিদপুর',NULL),(2976,'10','73',NULL,'গোকুলখালী',NULL),(2977,'6','40',NULL,'সোনারামপুর',NULL),(2978,'62','468',NULL,'সুনতুলা শিবেরবাজার',NULL),(2979,'32','258',NULL,'জাহেরাবাদ',NULL),(2980,'48','364',NULL,'অষ্টুদ্রোন',NULL),(2981,'10','518',NULL,'কুড়োলগাছি',NULL),(2982,'11','546',NULL,'গাজীমুড়া',NULL),(2983,'10','74',NULL,'সরোজগঞ্জবাজার',NULL),(2984,'29','552',NULL,'সেকান্দার নগর',NULL),(2985,'11','533',NULL,'চান্দিনা',NULL),(2986,'19','161',NULL,'গোবরা',NULL),(2987,'13','119',NULL,'খিলক্ষেত',NULL),(2988,'58','429',NULL,'বালার বাজার',NULL),(2989,'13','109',NULL,'শান্তিনগর',NULL),(2990,'11','79',NULL,'সাহেবাবাদ',NULL),(2991,'43','587',NULL,'পেরার বাজার',NULL),(2992,'7','536',NULL,'রামপুরবাজার',NULL),(2993,'19','164',NULL,'চাওরা',NULL),(2994,'34','267',NULL,'শাশিকর',NULL),(2995,'3','569',NULL,'বানাড়ী পাড়া',NULL),(2996,'15','135',NULL,'শিরগ্রাম',NULL),(2997,'21','180',NULL,'কচুবুনিয়া',NULL),(2998,'19','164',NULL,'গোহালা',NULL),(2999,'62','543',NULL,'ফিলাখন্দী',NULL),(3000,'20','560',NULL,'রাজার বাজার',NULL),(3001,'62','543',NULL,'পিল্লাকান্দি',NULL),(3002,'18','156',NULL,'নরুন বাজার',NULL),(3003,'62','543',NULL,'খালিগঞ্জ',NULL),(3004,'62','543',NULL,'জামধর',NULL),(3005,'43','588',NULL,'জামপুর',NULL),(3006,'22','667',NULL,'বাকাইতলা বাজার',NULL),(3007,'32','564',NULL,'উলফৎনগর',NULL),(3008,'22','547',NULL,'গোলেরবাড়ী',NULL),(3009,'22','185',NULL,'বেলটিয়া',NULL),(3010,'13','99',NULL,'রায়ের বাজার',NULL),(3011,'11','85',NULL,'কাশীপুর',NULL),(3012,'4','24',NULL,'রাধাবল্লভ',NULL),(3013,'63','473',NULL,'হাদিয়া বাজার',NULL),(3014,'29','239',NULL,'জারইতলা',NULL),(3015,'15','135',NULL,'ময়না',NULL),(3016,'29','552',NULL,'তালজাংগা',NULL),(3017,'56','418',NULL,'বালুয়া নাসিমপুর',NULL),(3018,'7','536',NULL,'বালীযুরা',NULL),(3019,'62','543',NULL,'কালিগঞ্জ',NULL),(3020,'44','332',NULL,'নারায়ানপুর',NULL),(3021,'49','373',NULL,'সাতবাড়ীয়া',NULL),(3022,'44','329',NULL,'বড়চাপা',NULL),(3023,'29','237',NULL,'উসমানপুর',NULL),(3024,'19','668',NULL,'ননীক্ষার',NULL),(3025,'32','259',NULL,'সাউদের খিল',NULL),(3026,'9','66',NULL,'মোবারক ঘোনা',NULL),(3027,'62','543',NULL,'মুন্সীগঞ্জ',NULL),(3028,'17','151',NULL,'সাঘাটা',NULL),(3029,'53','394',NULL,'হমদমপুর',NULL),(3030,'48','364',NULL,'সেবারহাট',NULL),(3031,'25','202',NULL,'নলডাঙ্গা',NULL),(3032,'47','356',NULL,'সোনাকুড়ি',NULL),(3033,'47','356',NULL,'রনচন্ডা',NULL),(3034,'29','234',NULL,'নীলগঞ্জ',NULL),(3035,'53','393',NULL,'বাহাদুরপুর',NULL),(3036,'22','183',NULL,'মোরার পাড়া',NULL),(3037,'39','293',NULL,'কোকা',NULL),(3038,'9','62',NULL,'ছিকনছড়া',NULL),(3039,'50','378',NULL,'তিরনইহাট',NULL),(3040,'64','485',NULL,'হাজীপাড়া',NULL),(3041,'52','389',NULL,'মাটিভাংগা',NULL),(3042,'10','74',NULL,'তিতুদহ',NULL),(3043,'40','305',NULL,'দরিল্যা',NULL),(3044,'40','305',NULL,'কাঠালবাজার',NULL),(3045,'11','87',NULL,'মনতলী বাজার',NULL),(3046,'34','268',NULL,'চর নাচনা',NULL),(3047,'6','577',NULL,'মুকন্দপুর',NULL),(3048,'7','581',NULL,'ছেংগারচর বাজার',NULL),(3049,'3','562',NULL,'নাঠে',NULL),(3050,'32','564',NULL,'কাযোলতলী',NULL),(3051,'45','338',NULL,'মির্জাপুর দিঘী',NULL),(3052,'53','393',NULL,'জুনা',NULL),(3053,'29','235',NULL,'মনুয়া',NULL),(3054,'53','669',NULL,'গোয়ালন্দ',NULL),(3055,'53','393',NULL,'হাটমোদাপুর',NULL),(3056,'53','394',NULL,'জৌকুড়া',NULL),(3057,'44','329',NULL,'ভাবলা',NULL),(3058,'59','580',NULL,'ঠানশাইল বাজার',NULL),(3059,'52','391',NULL,'আলকিরহাট',NULL),(3060,'46','653',NULL,'ফুলপুর মাদ্রাসা',NULL),(3061,'11','79',NULL,'ছয়গ্রাম বাজার',NULL),(3062,'62','458',NULL,'ফেঞ্চুগঞ্জ',NULL),(3063,'40','305',NULL,'ফাতেমানগর',NULL),(3064,'30','250',NULL,'কাশিরখামার',NULL),(3065,'56','670',NULL,'গুড়জিপাড়া',NULL),(3066,'30','250',NULL,'এবকপুর',NULL),(3067,'54','397',NULL,'হাচঝিকরা',NULL),(3068,'44','331',NULL,'খাস হাওলা',NULL),(3069,'52','571',NULL,'পাঠাকাঠা',NULL),(3070,'46','653',NULL,'নাজিরপুর',NULL),(3071,'43','587',NULL,'মহজমপুর',NULL),(3072,'29','230',NULL,'হালিমপুর',NULL),(3073,'18','515',NULL,'উলুসারা',NULL),(3074,'59','580',NULL,'কুচনী পাড়া',NULL),(3075,'18','159',NULL,'ভবানীপুর',NULL),(3076,'59','580',NULL,'পাইকুড়া',NULL),(3077,'13','117',NULL,'মহাখালী',NULL),(3078,'48','360',NULL,'দেওটা',NULL),(3079,'59','580',NULL,'আহম্মেদ নগর',NULL),(3080,'7','52',NULL,'পাকবিজয় পুর',NULL),(3081,'46','345',NULL,'বড়খাপান',NULL),(3082,'59','580',NULL,'কন্দুলী',NULL),(3083,'59','440',NULL,'কুড়ি কাহনীয়া',NULL),(3084,'11','87',NULL,'ময়ুরা',NULL),(3085,'46','351',NULL,'ফকিরের বাজার',NULL),(3086,'40','304',NULL,'বাদ্রাকান্দা',NULL),(3087,'39','293',NULL,'দক্ষিন পাইকশা',NULL),(3088,'13','106',NULL,'পিলখানা',NULL),(3089,'46','351',NULL,'মদনপুর',NULL),(3090,'62','563',NULL,'ঢাকা দক্ষিন',NULL),(3091,'22','535',NULL,'চরশকুলা',NULL),(3092,'30','246',NULL,'বেপারীর হাট',NULL),(3093,'40','300',NULL,'আঠারবাড়ী',NULL),(3094,'30','590',NULL,'বাবাইটারী',NULL),(3095,'40','525',NULL,'বেগুনবাড়ী',NULL),(3096,'40','525',NULL,'অষ্টধর',NULL),(3097,'13','115',NULL,'মির্জানগর',NULL),(3098,'11','671',NULL,'কসবা',NULL),(3099,'40','298',NULL,'গিধা ঊষা',NULL),(3100,'50','626',NULL,'সাতমেড়া',NULL),(3101,'40','525',NULL,'খামারের বাজার',NULL),(3102,'28','224',NULL,'খুলনা সদর',NULL),(3103,'29','230',NULL,'ইলচিরা',NULL),(3104,'63','474',NULL,'সল্লা',NULL),(3105,'22','185',NULL,'কাষ্টাসিংগা',NULL),(3106,'40','298',NULL,'শেখের হাট',NULL),(3107,'11','88',NULL,'বাইরা',NULL),(3108,'51','553',NULL,'দেউলী',NULL),(3109,'18','515',NULL,'সনমালিয়া',NULL),(3110,'29','231',NULL,'কালিকা প্রসাদ',NULL),(3111,'40','301',NULL,'জয়দা',NULL),(3112,'22','535',NULL,'চরপালিশা',NULL),(3113,'50','626',NULL,'পঞ্চগর',NULL),(3114,'59','440',NULL,'কেরুয়া',NULL),(3115,'9','672',NULL,'বোয়ালমারী',NULL),(3116,'59','440',NULL,'করুয়া',NULL),(3117,'23','521',NULL,'নওদাগ্রাম',NULL),(3118,'42','317',NULL,'পিড়লীবাজার',NULL),(3119,'9','70',NULL,'ষোলশহর',NULL),(3120,'6','43',NULL,'কলঘড়া',NULL),(3121,'6','577',NULL,'কন্ডা',NULL),(3122,'6','577',NULL,'কোন্ডা',NULL),(3123,'46','345',NULL,'বিষমপুর',NULL),(3124,'15','137',NULL,'ইশান গোপালপুর',NULL),(3125,'22','185',NULL,'বরুয়ামারী',NULL),(3126,'11','79',NULL,'কালিকাপুর',NULL),(3127,'46','351',NULL,'দেওপুর',NULL),(3128,'46','352',NULL,'খালিশপুর',NULL),(3129,'58','434',NULL,'নাগেরপাড়া',NULL),(3130,'31','656',NULL,'আজইল',NULL),(3131,'11','88',NULL,'শাশুন্ডা',NULL),(3132,'24','200',NULL,'ছোট কৈবতখালী',NULL),(3133,'45','652',NULL,'নওপাড়াহাট',NULL),(3134,'29','235',NULL,'মুমুর দিয়া',NULL),(3135,'5','32',NULL,'বাগবাড়ী',NULL),(3136,'59','440',NULL,'ভারেরা',NULL),(3137,'6','43',NULL,'কাল ঘড়া',NULL),(3138,'24','586',NULL,'আমিরাবাদ',NULL),(3139,'7','48',NULL,'মেন্দ্রা বাজার',NULL),(3140,'44','329',NULL,'নারান্দী',NULL),(3141,'56','418',NULL,'জায়গারীহাট',NULL),(3142,'15','135',NULL,'বন্ডপাশা',NULL),(3143,'11','533',NULL,'রসুলপুর',NULL),(3144,'30','247',NULL,'মিরেরবাড়ী',NULL),(3145,'46','350',NULL,'তেতুলিয়',NULL),(3146,'46','350',NULL,'তেতুলিয়া',NULL),(3147,'52','625',NULL,'সোহাগদল',NULL),(3148,'56','570',NULL,'হরিবদেব পুর',NULL),(3149,'64','485',NULL,'কহড় পাড়া',NULL),(3150,'56','417',NULL,'শ্যামপুর',NULL),(3151,'11','88',NULL,'ধনপতি খোলা',NULL),(3152,'56','570',NULL,'পাগলাপীর',NULL),(3153,'20','560',NULL,'রামশ্রী',NULL),(3154,'5','29',NULL,'ডেমাজানী',NULL),(3155,'52','571',NULL,'মিয়া গলিসাখালী',NULL),(3156,'40','538',NULL,'গোঙ্গাঁও',NULL),(3157,'32','566',NULL,'লুদুয়া ফলকন',NULL),(3158,'44','332',NULL,'চরমধুয়া',NULL),(3159,'62','563',NULL,'ফুল সাইন্দ',NULL),(3160,'29','231',NULL,'সাদেকপুর',NULL),(3161,'6','43',NULL,'কালঘড়া',NULL),(3162,'45','524',NULL,'গড়মাটি',NULL),(3163,'46','351',NULL,'ঠাকুরা কোনা',NULL),(3164,'22','184',NULL,'চরগোবিন্দ বাজার',NULL),(3165,'46','345',NULL,'আনন্দপুর',NULL),(3166,'46','673',NULL,'গংগাছড়া',NULL),(3167,'6','530',NULL,'আড়াইসিধা',NULL),(3168,'9','66',NULL,'বালিয়াদী',NULL),(3169,'9','69',NULL,'মধ্যকদলপুর',NULL),(3170,'11','83',NULL,'পাঁচ গাছিয়া',NULL),(3171,'11','81',NULL,'মেষতলা বাজার',NULL),(3172,'47','355',NULL,'মিরগঞ্জ',NULL),(3173,'40','674',NULL,'মদন পুর',NULL),(3174,'11','88',NULL,'দারোরা',NULL),(3175,'5','29',NULL,'গোকুল',NULL),(3176,'59','436',NULL,'বাঘবেড়',NULL),(3177,'2','675',NULL,'বুকাবুনিয়া',NULL),(3178,'59','436',NULL,'খাইলারা',NULL),(3179,'62','466',NULL,'সুরইমাট',NULL),(3180,'59','439',NULL,'চরজঙ্গলদী',NULL),(3181,'16','144',NULL,'সওদাগর বাজার',NULL),(3182,'45','516',NULL,'গোপালপুর',NULL),(3183,'20','169',NULL,'শাকির মোহাম্মদ',NULL),(3184,'46','352',NULL,'কাজলা',NULL),(3185,'22','547',NULL,'পালিশা',NULL),(3186,'19','162',NULL,'চরভাট পাড়া',NULL),(3187,'34','269',NULL,'বদরপাশা',NULL),(3188,'7','46',NULL,'মনোহরখাদী',NULL),(3189,'22','535',NULL,'চরগোবিন্দী',NULL),(3190,'32','564',NULL,'চরবংশা',NULL),(3191,'59','439',NULL,'চৈতনখিলা',NULL),(3192,'11','83',NULL,'কড়িকান্দি',NULL),(3193,'40','538',NULL,'পোড়া কান্দুলিয়া',NULL),(3194,'24','586',NULL,'ফাইটপাকিয়া',NULL),(3195,'40','305',NULL,'হদ্দের ভিটা',NULL),(3196,'13','583',NULL,'পল্লবী',NULL),(3197,'40','305',NULL,'হরিরামপুর',NULL),(3198,'13','676',NULL,'পল্লবী ক্যান্ট',NULL),(3199,'40','305',NULL,'আহাম্মদ বাড়ী',NULL),(3200,'40','296',NULL,'আলীম নগর',NULL),(3201,'6','40',NULL,'গঙ্গুলনগর',NULL),(3202,'22','547',NULL,'নয়া পাড়া',NULL),(3203,'62','563',NULL,'বারগেট',NULL),(3204,'38','285',NULL,'কৌলা চৌঃ বাজার',NULL),(3205,'13','115',NULL,'গাবতলী বাস টার্মিনাল',NULL),(3206,'59','580',NULL,'হাতিকান্দা',NULL),(3207,'18','159',NULL,'মাওনা',NULL),(3208,'29','236',NULL,'চৌদ্দশত',NULL),(3209,'11','85',NULL,'চন্দনপুর',NULL),(3210,'63','470',NULL,'অর্জুনা',NULL),(3211,'63','476',NULL,'ভাইঘাট বাজার',NULL),(3212,'40','305',NULL,'বইলর',NULL),(3213,'3','575',NULL,'গোবিন্দপুর',NULL),(3214,'7','50',NULL,'আটোমোর',NULL),(3215,'15','677',NULL,'পদমদি',NULL),(3216,'19','161',NULL,'বজরগাতি',NULL),(3217,'59','439',NULL,'দিকপাড়া',NULL),(3218,'56','570',NULL,'ক্যাডেট কলেজ',NULL),(3219,'40','305',NULL,'বড়শ',NULL),(3220,'23','192',NULL,'পেশপালিয়া',NULL),(3221,'60','645',NULL,'নওদাশালুয়া',NULL),(3222,'9','561',NULL,'মাকপুরা',NULL),(3223,'23','190',NULL,'মাড়ুয়া',NULL),(3224,'56','570',NULL,'খাটখাটিয়া',NULL),(3225,'11','594',NULL,'পাতড্ডাবাজার',NULL),(3226,'19','164',NULL,'বাঁশবাড়ীয়া',NULL),(3227,'31','255',NULL,'বারইপাড়া',NULL),(3228,'17','526',NULL,'বোনারপাড়া',NULL),(3229,'47','357',NULL,'বাবরিঘর',NULL),(3230,'11','546',NULL,'চানগাঁও',NULL),(3231,'37','281',NULL,'মহাম্মদপুর',NULL),(3232,'56','639',NULL,'শেখের হাট',NULL),(3233,'54','397',NULL,'শ্যামপুর',NULL),(3234,'48','363',NULL,'নিরাঞ্জনপুর',NULL),(3235,'53','394',NULL,'খানগঞ্জ',NULL),(3236,'7','48',NULL,'রঘুনাথপুর',NULL),(3237,'22','185',NULL,'ঝাউগড়া',NULL),(3238,'40','305',NULL,'কাজির শিমলা',NULL),(3239,'11','81',NULL,'সাঙ্গিশ্বর',NULL),(3240,'5','32',NULL,'পেড়ীহাট',NULL),(3241,'30','244',NULL,'বেলের ভিটা',NULL),(3242,'53','392',NULL,'বহরপুর',NULL),(3243,'53','392',NULL,'বহরপুর',NULL),(3244,'53','392',NULL,'বহরপুর',NULL),(3245,'40','297',NULL,'পাচুয়া',NULL),(3246,'56','658',NULL,'ভুরুংগামারী',NULL),(3247,'56','678',NULL,'ফুলকুমার',NULL),(3248,'40','304',NULL,'জানজানা পাড়া',NULL),(3249,'30','250',NULL,'নারিকেলবাড়ী',NULL),(3250,'17','150',NULL,'রওশনবাগ',NULL),(3251,'30','250',NULL,'সাতদরগাহ',NULL),(3252,'11','546',NULL,'আটিটি',NULL),(3253,'46','351',NULL,'কুমড়ী',NULL),(3254,'11','87',NULL,'বাঙ্গড়া',NULL),(3255,'4','21',NULL,'রামদাসপুর',NULL),(3256,'57','679',NULL,'শুখদেবপুর',NULL),(3257,'30','245',NULL,'যাত্রাপুর',NULL),(3258,'7','581',NULL,'নাউরী বাজার',NULL),(3259,'22','535',NULL,'টনকীবাজার',NULL),(3260,'51','557',NULL,'মমিনপুর',NULL),(3261,'33','263',NULL,'ঘড়িয়াল ভাংগা',NULL),(3262,'6','577',NULL,'মিরাশানী',NULL),(3263,'40','298',NULL,'ভুইয়ার বাজার',NULL),(3264,'46','346',NULL,'মাছিয়াইল',NULL),(3265,'33','262',NULL,'দক্ষিন গড্ডিমারী',NULL),(3266,'11','671',NULL,'সিমরাইল',NULL),(3267,'40','303',NULL,'হেমগঞ্জ বাজার',NULL),(3268,'56','419',NULL,'গম্বুলপুর',NULL),(3269,'40','298',NULL,'তারুন্দীয়া',NULL),(3270,'13','106',NULL,'চকবাজার',NULL),(3271,'6','40',NULL,'দরিয়া দৌলত',NULL),(3272,'43','326',NULL,'পশি বাজার',NULL),(3273,'5','34',NULL,'গুলীয়া কৃষ্ণপুর',NULL),(3274,'60','442',NULL,'ভাঙ্গাবাড়ী',NULL),(3275,'40','297',NULL,'হালিমাবাদ',NULL),(3276,'38','285',NULL,'হিংগাজিয়া',NULL),(3277,'5','34',NULL,'কুন্দার হাট',NULL),(3278,'48','363',NULL,'আব্দুুল্লামিয়ার হাট',NULL),(3279,'48','363',NULL,'আব্দুুল্লামিয়ার হাট',NULL),(3280,'7','52',NULL,'বলশীদ',NULL),(3281,'63','478',NULL,'ঘাষ শাহজানী',NULL),(3282,'44','333',NULL,'গড়বাড়ী',NULL),(3283,'7','46',NULL,'মকর মালী',NULL),(3284,'7','52',NULL,'মেহার',NULL),(3285,'13','680',NULL,'ভাওয়াল ব্রাম্মনগাঁও',NULL),(3286,'37','281',NULL,'বেতবাড়ীয়া',NULL),(3287,'49','681',NULL,'ডেমরা বাজার',NULL),(3288,'24','197',NULL,'কির্তী পাশা',NULL),(3289,'61','599',NULL,'ধরমপাশা',NULL),(3290,'36','274',NULL,'চরবাখুটিয়া',NULL),(3291,'16','143',NULL,'সমাসপুর',NULL),(3292,'24','601',NULL,'দারখী',NULL),(3293,'33','262',NULL,'ভেলাগুড়ি',NULL),(3294,'22','185',NULL,'কেন্দুয়া কালিবাড়ী',NULL),(3295,'59','440',NULL,'গড় জরিপা',NULL),(3296,'7','51',NULL,'দশানী বাজার',NULL),(3297,'53','392',NULL,'সোনাপুর',NULL),(3298,'54','682',NULL,'মনাকাসা',NULL),(3299,'40','300',NULL,'বেখৈর হাটী',NULL),(3300,'48','364',NULL,'কে, ডি, হাট',NULL),(3301,'48','683',NULL,'সোনাপুর',NULL),(3302,'56','684',NULL,'নিউ সাহেব পুর',NULL),(3303,'48','363',NULL,'মাইজদী কোর্ট',NULL),(3304,'22','188',NULL,'বাউসী বাংগালী',NULL),(3305,'48','683',NULL,'বান্দের হাট',NULL),(3306,'56','648',NULL,'রতিগ্রাম',NULL),(3307,'22','188',NULL,'বান্দেরহাট',NULL),(3308,'22','523',NULL,'পলাশতলা',NULL),(3309,'47','356',NULL,'বনচন্ডী',NULL),(3310,'46','340',NULL,'বিরিশিরি',NULL),(3311,'56','570',NULL,'চন্দন পাট',NULL),(3312,'50','374',NULL,'ময়দান দিঘি',NULL),(3313,'46','340',NULL,'কালিকা পুর',NULL),(3314,'33','263',NULL,'পাঙ্গা (বড় বাড়ী)',NULL),(3315,'22','185',NULL,'শাহবাজপুর',NULL),(3316,'33','572',NULL,'মাতাদী',NULL),(3317,'46','340',NULL,'রানীখ',NULL),(3318,'56','570',NULL,'সাহেব গঞ্জ',NULL),(3319,'46','346',NULL,'সাপদিকোনা',NULL),(3320,'33','264',NULL,'ধবলসতী',NULL),(3321,'39','578',NULL,'বাউশিয়া',NULL),(3322,'17','151',NULL,'ভবানী গঞ্জ',NULL),(3323,'46','350',NULL,'সুরশিমুল',NULL),(3324,'15','133',NULL,'কাযারগ্রাম',NULL),(3325,'50','374',NULL,'তেপুকুরিয়া',NULL),(3326,'6','43',NULL,'বড়িকান্দী',NULL),(3327,'43','326',NULL,'রুপসী',NULL),(3328,'57','686',NULL,'নকিপুর',NULL),(3329,'57','679',NULL,'আটুলিয়া বাজার',NULL),(3330,'56','687',NULL,'আলমবিদিতর',NULL),(3331,'6','45',NULL,'শাহবাজপুর',NULL),(3332,'44','328',NULL,'আসলাব',NULL),(3333,'8','636',NULL,'রহনপুর',NULL),(3334,'48','360',NULL,'গোপালগঞ্জ',NULL),(3335,'48','688',NULL,'দত্তপাড়া',NULL),(3336,'8','54',NULL,'বাসুদেব পুর',NULL),(3337,'11','88',NULL,'বোয়াচালা',NULL),(3338,'40','301',NULL,'পদুরবাড়ী',NULL),(3339,'38','286',NULL,'কদমহাটা',NULL),(3340,'39','291',NULL,'মহেশপুর',NULL),(3341,'36','274',NULL,'তেরশ্রী',NULL),(3342,'32','564',NULL,'ভুক্রাবাড়ী',NULL),(3343,'45','652',NULL,'হাট গুরুদাশপুর',NULL),(3344,'39','578',NULL,'ঠেংগারচর',NULL),(3345,'43','326',NULL,'কালীগঞ্জ',NULL),(3346,'19','161',NULL,'সুলতানশাহী',NULL),(3347,'60','446',NULL,'বালুকা',NULL),(3348,'63','613',NULL,'খাস শাহাজানী',NULL),(3349,'40','304',NULL,'বাদরকান্দা',NULL),(3350,'30','246',NULL,'পয়ডা ডাংগা',NULL),(3351,'11','88',NULL,'কুরবানপুর',NULL),(3352,'53','392',NULL,'লক্ষনদিয়া',NULL),(3353,'17','526',NULL,'ভরতখালী',NULL),(3354,'58','432',NULL,'রুপবাবুর হাট',NULL),(3355,'43','326',NULL,'সান্তানপাড়া',NULL),(3356,'46','348',NULL,'তিয়শ্রী',NULL),(3357,'7','46',NULL,'কামরাঙ্গাবাজার',NULL),(3358,'46','342',NULL,'মোহনগঞ্জ',NULL),(3359,'25','206',NULL,'দূধসর',NULL),(3360,'59','436',NULL,'বাঘাইতলা',NULL),(3361,'59','437',NULL,'চন্দ্রকোনা',NULL),(3362,'59','439',NULL,'রৌহা',NULL),(3363,'58','429',NULL,'সখিপুর',NULL),(3364,'22','535',NULL,'কাহেতপাড়া',NULL),(3365,'56','570',NULL,'উত্তম হাট',NULL),(3366,'22','185',NULL,'ডৌহাতলা',NULL),(3367,'43','326',NULL,'ডাংগাবাজার',NULL),(3368,'7','536',NULL,'পাইকপাড়া',NULL),(3369,'46','352',NULL,'বিলজুরা',NULL),(3370,'6','43',NULL,'গোপালপুর',NULL),(3371,'32','564',NULL,'রায়পুর',NULL),(3372,'29','230',NULL,'হিলছিয়া',NULL),(3373,'59','439',NULL,'মধ্য বয়রাবাজার',NULL),(3374,'46','352',NULL,'পাটরা বাজার',NULL),(3375,'3','20',NULL,'দহর পাড়া',NULL),(3376,'46','350',NULL,'ত্রিমোহিনী বাজার',NULL),(3377,'19','161',NULL,'হরিদাশপুর',NULL),(3378,'54','689',NULL,'রাজশাহী জি.পি.ও',NULL),(3379,'9','70',NULL,'আকবর হাট',NULL),(3380,'46','351',NULL,'চুছুয়া বাজার',NULL),(3381,'19','161',NULL,'কাঠী',NULL),(3382,'38','288',NULL,'গুনবীর',NULL),(3383,'23','521',NULL,'যশোর',NULL),(3384,'45','652',NULL,'বিলসা',NULL),(3385,'19','164',NULL,'নমীক্ষীর',NULL),(3386,'15','135',NULL,'গোসাইলবাড়ী',NULL),(3387,'40','298',NULL,'শাহগঞ্জ',NULL),(3388,'40','297',NULL,'আঠারদানা',NULL),(3389,'40','301',NULL,'চেচুবাজার',NULL),(3390,'38','286',NULL,'আনা কাগাবলা',NULL),(3391,'29','552',NULL,'ন্যামতপুর',NULL),(3392,'20','560',NULL,'শিরাশী',NULL),(3393,'20','534',NULL,'কালাউক',NULL),(3394,'19','164',NULL,'আইকাদিয়া',NULL),(3395,'62','528',NULL,'হাজিগঞ্জ',NULL),(3396,'3','562',NULL,'ধানডোবা',NULL),(3397,'59','439',NULL,'রায়পুর বাজার',NULL),(3398,'38','283',NULL,'দৌলতপুর',NULL),(3399,'22','188',NULL,'কাবারিয়া বাড়ী',NULL),(3400,'29','233',NULL,'ঢাকী',NULL),(3401,'62','459',NULL,'কোলিয়াবাজার',NULL),(3402,'62','466',NULL,'সারকার বাজার',NULL),(3403,'7','46',NULL,'ফরাক্কাবাদ',NULL),(3404,'18','154',NULL,'গাছা',NULL),(3405,'38','285',NULL,'কাদিপুর',NULL),(3406,'37','281',NULL,'ভাটপাড়া',NULL),(3407,'52','390',NULL,'উদয়কাঠি',NULL),(3408,'53','394',NULL,'ভবদিয়া',NULL),(3409,'23','191',NULL,'নিউটাউন',NULL),(3410,'37','281',NULL,'বামুনদি',NULL),(3411,'3','16',NULL,'আগরপুর',NULL),(3412,'10','518',NULL,'দিনোনাথপুর',NULL),(3413,'31','656',NULL,'চান্দট',NULL),(3414,'11','83',NULL,'মির্জানগর',NULL),(3415,'11','79',NULL,'শংকুচাইল বাজার',NULL),(3416,'11','549',NULL,'কুমিল্লা',NULL),(3417,'22','185',NULL,'শ্র',NULL),(3418,'46','346',NULL,'গন্ডা',NULL),(3419,'22','185',NULL,'শ্রীরামপুর',NULL),(3420,'44','332',NULL,'সদাগরকান্দি',NULL),(3421,'44','332',NULL,'হাসেমপুর',NULL),(3422,'40','297',NULL,'পাঁচবাগ',NULL),(3423,'14','131',NULL,'রাজারামপুর',NULL),(3424,'6','577',NULL,'ভাদুঘর',NULL),(3425,'42','574',NULL,'এন, এস, খোলা',NULL),(3426,'6','42',NULL,'সায়েদাবাদ',NULL),(3427,'9','70',NULL,'মুছাপুর',NULL),(3428,'43','321',NULL,'সুলতান মাহাদী',NULL),(3429,'33','572',NULL,'গোড়ল',NULL),(3430,'51','553',NULL,'ঝাটিবুনিয়া',NULL),(3431,'20','172',NULL,'বুল্লা',NULL),(3432,'3','569',NULL,'আউয়ার',NULL),(3433,'20','534',NULL,'তোখরিয়া',NULL),(3434,'25','664',NULL,'বেথুলিয়া',NULL),(3435,'40','301',NULL,'ঝনকা বাজার',NULL),(3436,'62','592',NULL,'গোয়াইনঘাট',NULL),(3437,'62','460',NULL,'নাইল্লাবাজার',NULL),(3438,'29','230',NULL,'পিরিজপুর',NULL),(3439,'48','360',NULL,'হাসনহাট',NULL),(3440,'62','528',NULL,'জালালপুর',NULL),(3441,'11','80',NULL,'চান্দিনা',NULL),(3442,'30','250',NULL,'কদমতলা',NULL),(3443,'30','590',NULL,'বড়ভিটা',NULL),(3444,'48','690',NULL,'ফতে জংপুর',NULL),(3445,'30','634',NULL,'মোগলবাসা',NULL),(3446,'48','691',NULL,'রামপুর',NULL),(3447,'6','43',NULL,'লাউর ফতেপুর',NULL),(3448,'45','516',NULL,'রাকসা',NULL),(3449,'7','581',NULL,'উত্তর দিঘলদী',NULL),(3450,'13','110',NULL,'চুড়াইন',NULL),(3451,'47','357',NULL,'রামগঞ্জ',NULL),(3452,'25','664',NULL,'নল ভাংগা',NULL),(3453,'39','290',NULL,'গৌরগঞ্জ',NULL),(3454,'21','174',NULL,'কুদলা',NULL),(3455,'37','281',NULL,'করমদী',NULL),(3456,'29','235',NULL,'আচামিতা',NULL),(3457,'11','546',NULL,'পশ্চিমগাঁও',NULL),(3458,'11','79',NULL,'ষাইটশা',NULL),(3459,'11','79',NULL,'ষাইটশালা',NULL),(3460,'9','70',NULL,'মাইটভাংগা',NULL),(3461,'4','23',NULL,'আছলামপুর',NULL),(3462,'23','692',NULL,'দত্তনগর',NULL),(3463,'11','671',NULL,'তন্তর',NULL),(3464,'30','590',NULL,'নেওয়াশী',NULL),(3465,'20','560',NULL,'চানপুর বাগান',NULL),(3466,'10','539',NULL,'হাসাদহ',NULL),(3467,'38','287',NULL,'কামারচাক',NULL),(3468,'38','287',NULL,'বালিসহদা',NULL),(3469,'19','162',NULL,'পদ্মবিলা',NULL),(3470,'60','444',NULL,'ধূলাউরী',NULL),(3471,'62','563',NULL,'দক্ষিন ভাদেশ্বর',NULL),(3472,'13','96',NULL,'ঢাকা-১২০৪',NULL),(3473,'44','331',NULL,'ঘোড়াশাল সার কারখানা',NULL),(3474,'22','183',NULL,'রামরামপুর',NULL),(3475,'63','474',NULL,'এলেঙ্গা',NULL),(3476,'61','456',NULL,'মংগল কান্দা',NULL),(3477,'40','301',NULL,'তারাটি ফকিরগঞ্জ',NULL),(3478,'40','297',NULL,'কান্দি',NULL),(3479,'19','162',NULL,'উড়াকান্দি',NULL),(3480,'46','352',NULL,'সাত্যাটি',NULL),(3481,'46','345',NULL,'গোবিন্দপুর',NULL),(3482,'11','546',NULL,'নাযের পেটুবাজার',NULL),(3483,'50','626',NULL,'হারিভাষা',NULL),(3484,'17','151',NULL,'ফুলছড়ি',NULL),(3485,'6','41',NULL,'আটলা',NULL),(3486,'5','32',NULL,'হাট করমজা',NULL),(3487,'11','594',NULL,'মেষতলাবাজার',NULL),(3488,'11','546',NULL,'আলীশ্বর',NULL),(3489,'63','472',NULL,'শাহী আনেহলা',NULL),(3490,'44','332',NULL,'সওদাগরকান্দি',NULL),(3491,'22','188',NULL,'পঞ্চাশিপুর বাজার',NULL),(3492,'32','259',NULL,'মিয়াজী বাজার',NULL),(3493,'7','581',NULL,'নারায়নপুর বাজার',NULL),(3494,'11','83',NULL,'নারানদিয়া',NULL),(3495,'9','58',NULL,'বরুমছডা',NULL),(3496,'7','536',NULL,'রূপসা বাজার',NULL),(3497,'18','635',NULL,'পুবাইল',NULL),(3498,'22','188',NULL,'গোয়ালবাথান',NULL),(3499,'35','273',NULL,'হাট আমতৈল',NULL),(3500,'30','634',NULL,'নাজিরা',NULL),(3501,'6','41',NULL,'চান্দুরা',NULL),(3502,'22','535',NULL,'বনগাসি',NULL),(3503,'40','296',NULL,'আলীপুর',NULL),(3504,'63','469',NULL,'পালিমা',NULL),(3505,'19','693',NULL,'ভাবড়াশুর',NULL),(3506,'57','679',NULL,'সুকদেবপুর',NULL),(3507,'39','294',NULL,'মূলচর',NULL),(3508,'19','162',NULL,'ভাটিয়া পাড়া',NULL),(3509,'10','539',NULL,'আব্দুল বাড়িয়া',NULL),(3510,'31','255',NULL,'পোড়াদহ',NULL),(3511,'6','41',NULL,'উলচাপাড়া',NULL),(3512,'55','694',NULL,'মাবিশ্যা',NULL),(3513,'59','439',NULL,'ডুবারচর',NULL),(3514,'34','269',NULL,'কদম বাড়ী',NULL),(3515,'44','332',NULL,'মধ্যনগর',NULL),(3516,'44','329',NULL,'গোতাশিয়া',NULL),(3517,'46','346',NULL,'তেতুলিয়াপাড়া',NULL),(3518,'6','39',NULL,'রাধানগর',NULL),(3519,'11','87',NULL,'যুক্তিখোলা',NULL),(3520,'63','474',NULL,'পৌজান',NULL),(3521,'22','183',NULL,'লংকারচর',NULL),(3522,'4','695',NULL,'হাজীর হাট',NULL),(3523,'3','16',NULL,'বিল্ব গ্রাম',NULL),(3524,'11','594',NULL,'সোনাপুর',NULL),(3525,'34','624',NULL,'ছলেনামা বাজিতপুর',NULL),(3526,'32','259',NULL,'ভোলাকোট',NULL),(3527,'59','440',NULL,'ভটপুর বাজার',NULL),(3528,'9','62',NULL,'হিয়াবেশ',NULL),(3529,'62','461',NULL,'মানিকোনা',NULL),(3530,'13','103',NULL,'আটি বাজার',NULL),(3531,'29','239',NULL,'দাসপাড়া',NULL),(3532,'43','326',NULL,'উলুখলা',NULL),(3533,'22','547',NULL,'চরপাকেরদহ',NULL),(3534,'54','696',NULL,'শ্যামপুর',NULL),(3535,'11','80',NULL,'রামমোহন বাজার',NULL),(3536,'48','360',NULL,'ছিদ্দিকীনগর',NULL),(3537,'44','330',NULL,'গাবতলী',NULL),(3538,'11','82',NULL,'দুর্গাপুর',NULL),(3539,'42','317',NULL,'পাটনা',NULL),(3540,'18','156',NULL,'কলাপাটুয়া',NULL),(3541,'60','448',NULL,'কালিয়াকৈর',NULL),(3542,'11','533',NULL,'মহাম্মদপুর',NULL),(3543,'32','259',NULL,'নলচারা',NULL),(3544,'9','70',NULL,'আলীবদীয়ার বাজার',NULL),(3545,'9','697',NULL,'ইসলামাবাদ',NULL),(3546,'38','286',NULL,'পাত্রখলা',NULL),(3547,'7','581',NULL,'পাঠানবাজার',NULL),(3548,'11','533',NULL,'চরবাকর',NULL),(3549,'43','324',NULL,'নারায়নগঞ্জ',NULL),(3550,'5','32',NULL,'দুর্গাহাটা',NULL),(3551,'60','445',NULL,'চারুয়াপাড়া',NULL),(3552,'63','631',NULL,'কাঞ্চনপুর',NULL),(3553,'21','177',NULL,'মুলঘর',NULL),(3554,'51','381',NULL,'রতনদী তালতলা',NULL),(3555,'48','360',NULL,'কেন্দুরবাগ',NULL),(3556,'40','300',NULL,'রোকাইনগর',NULL),(3557,'13','117',NULL,'জিগাতলা',NULL),(3558,'16','595',NULL,'আমজাদ হাট',NULL),(3559,'3','16',NULL,'ধানডোবা',NULL),(3560,'13','114',NULL,'দাশের কান্দি',NULL),(3561,'21','178',NULL,'কে, দে, পাড়া',NULL),(3562,'7','46',NULL,'বাখরপুর',NULL),(3563,'11','546',NULL,'হাজতপুর বাজার',NULL),(3564,'11','546',NULL,'হাজীপুর',NULL),(3565,'26','207',NULL,'রায়কালী',NULL),(3566,'28','698',NULL,'দৌলতপুর',NULL),(3567,'44','332',NULL,'আশারামপুর',NULL),(3568,'31','255',NULL,'ধুবইল',NULL),(3569,'6','43',NULL,'জিনদপুর',NULL),(3570,'50','374',NULL,'বটতলী',NULL),(3571,'26','207',NULL,'পুন্ডূরিয়া',NULL),(3572,'19','161',NULL,'মানিকদাহ',NULL),(3573,'58','647',NULL,'ডামুজা',NULL),(3574,'18','155',NULL,'দেওয়াইপুর বাজার',NULL),(3575,'63','473',NULL,'নবগ্রাম',NULL),(3576,'7','46',NULL,'সফরমালী',NULL),(3577,'53','393',NULL,'মৌরাট',NULL),(3578,'59','440',NULL,'কুরুয়া',NULL),(3579,'52','386',NULL,'তুষখালী',NULL),(3580,'25','202',NULL,'হলিধানী',NULL),(3581,'46','351',NULL,'চুচুয়া',NULL),(3582,'6','43',NULL,'সাদেকপুর',NULL),(3583,'58','433',NULL,'পন্ডিতমার',NULL),(3584,'51','557',NULL,'নওমালা',NULL),(3585,'43','587',NULL,'সনমান্দি',NULL),(3586,'49','370',NULL,'দিয়ার সাদ্বাপুর',NULL),(3587,'33','572',NULL,'মেহেরনগর',NULL),(3588,'43','321',NULL,'হাইজাদি',NULL),(3589,'52','571',NULL,'শাপাবাজার',NULL),(3590,'31','656',NULL,'জানিপুর',NULL),(3591,'13','103',NULL,'কলিদা',NULL),(3592,'21','177',NULL,'বেতাগা',NULL),(3593,'29','232',NULL,'কুড়িমারা',NULL),(3594,'14','123',NULL,'সাতখামার',NULL),(3595,'9','641',NULL,'বন্দর ৪১০০/বি-১৮',NULL),(3596,'60','593',NULL,'খাষ্কাউলিয়া',NULL),(3597,'60','593',NULL,'খাষকাউলিয়া',NULL),(3598,'6','532',NULL,'ধরমন্ডল',NULL),(3599,'44','331',NULL,'খাস হাওয়া',NULL),(3600,'7','536',NULL,'কাউতলা',NULL),(3601,'11','87',NULL,'বেলঘর গোসাইবাজার',NULL),(3602,'11','594',NULL,'চিওড়া',NULL),(3603,'6','699',NULL,'কৃষ্ণনগর',NULL),(3604,'13','100',NULL,'বেরাইদ',NULL),(3605,'43','326',NULL,'পূর্বগ্রাম',NULL),(3606,'34','624',NULL,'মুজাহারপুর',NULL),(3607,'34','268',NULL,'বল্লভদী',NULL),(3608,'44','330',NULL,'বেলাব ডিপুটিবাড়ী',NULL),(3609,'11','533',NULL,'মরিচা',NULL),(3610,'59','440',NULL,'গিলাগাছা',NULL),(3611,'59','440',NULL,'পূর্বজিনিয়া',NULL),(3612,'59','440',NULL,'জয়গঞ্জবাজার',NULL),(3613,'20','172',NULL,'আউলিয়াবাদ',NULL),(3614,'59','439',NULL,'মধ্যবয়রা',NULL),(3615,'59','440',NULL,'লংগরপাড়া',NULL),(3616,'20','173',NULL,'বালাজগন্নাথপুর',NULL),(3617,'20','170',NULL,'ফরিদাবাদ',NULL),(3618,'20','173',NULL,'ইনাতগঞ্জ',NULL),(3619,'20','173',NULL,'গোপালগঞ্জ',NULL),(3620,'38','285',NULL,'কাজনদাড়া',NULL),(3621,'23','521',NULL,'তীরেরহাট',NULL),(3622,'9','70',NULL,'কালাপানিয়া',NULL),(3623,'38','284',NULL,'আদমগঞ্জ',NULL),(3624,'30','250',NULL,'গেন্দাব আলগা',NULL),(3625,'51','557',NULL,'রাজনগর',NULL),(3626,'3','13',NULL,'রাকুদিয়া',NULL),(3627,'46','348',NULL,'রানীহালা',NULL),(3628,'31','254',NULL,'বাউদিয়া মাছপাড়া',NULL),(3629,'21','700',NULL,'মধ্য খোন্তা কাটা',NULL),(3630,'62','466',NULL,'শুরাইঘাট',NULL),(3631,'14','131',NULL,'আটপুকুরহাট',NULL),(3632,'63','469',NULL,'মল্লা',NULL),(3633,'63','470',NULL,'নলিন বাজার',NULL),(3634,'21','632',NULL,'চিংগরী বাজার',NULL),(3635,'22','188',NULL,'ডি-কেন্দুয়া',NULL),(3636,'60','593',NULL,'খুলরিয়া',NULL),(3637,'7','52',NULL,'আদর্শ ইছাপুর',NULL),(3638,'19','693',NULL,'বাঁশবাড়ীয়া',NULL),(3639,'15','139',NULL,'কানফরিদা',NULL),(3640,'30','634',NULL,'টোগরাই হাট',NULL),(3641,'34','624',NULL,'বাহেরা তলা',NULL),(3642,'50','378',NULL,'ভজনপুর',NULL),(3643,'56','639',NULL,'বুড়িরপুকুরহাট',NULL),(3644,'9','70',NULL,'শিবের হাট',NULL),(3645,'63','613',NULL,'খামারধল্লা',NULL),(3646,'47','355',NULL,'গোপাল ঝাড়',NULL),(3647,'25','206',NULL,'মুলত্রিবেদী',NULL),(3648,'30','246',NULL,'গাগলা',NULL),(3649,'33','262',NULL,'নিজগড্ডিমারী',NULL),(3650,'39','290',NULL,'হলদিয়া',NULL),(3651,'2','11',NULL,'মুন্সীর হাট কালীবাড়ী',NULL),(3652,'20','167',NULL,'সেলিমনগর',NULL),(3653,'6','701',NULL,'ঘাটুরা',NULL),(3654,'11','87',NULL,'বাঙ্গাড্ডা বাজার',NULL),(3655,'42','574',NULL,'সিংগিয়া',NULL),(3656,'33','261',NULL,'দূর্গাপুর',NULL),(3657,'44','328',NULL,'নারায়ানপুর',NULL),(3658,'22','547',NULL,'তেঘরিয়া বাজার',NULL),(3659,'22','184',NULL,'পলবান্দা',NULL),(3660,'22','183',NULL,'বাছেতপুর',NULL),(3661,'62','461',NULL,'যোদিষ্টপুর',NULL),(3662,'63','479',NULL,'বাশাইল',NULL),(3663,'29','232',NULL,'পুমদী',NULL),(3664,'60','444',NULL,'নাটুয়ার পাড়া',NULL),(3665,'46','351',NULL,'ইসলামপুর',NULL),(3666,'11','533',NULL,'গোমরা',NULL),(3667,'46','342',NULL,'অথিতপুর',NULL),(3668,'9','70',NULL,'আজিজিয়া',NULL),(3669,'40','531',NULL,'গোয়ালতলা',NULL),(3670,'60','603',NULL,'মুকবেলাই',NULL),(3671,'19','693',NULL,'বাটিকামারী',NULL),(3672,'46','345',NULL,'পনা পারুয়া',NULL),(3673,'48','363',NULL,'মিধার হাট',NULL),(3674,'42','574',NULL,'কুন্দোসী',NULL),(3675,'25','206',NULL,'কাচোরকুল',NULL),(3676,'19','693',NULL,'উজনী',NULL),(3677,'3','18',NULL,'চর লক্ষীপুর',NULL),(3678,'22','184',NULL,'পচাবহলা বাজার',NULL),(3679,'6','40',NULL,'শুন্যরামপুর',NULL),(3680,'38','288',NULL,'জানা উড়াবাজার',NULL),(3681,'10','518',NULL,'বিষ্ণুপুর',NULL),(3682,'22','188',NULL,'পঞ্চাশী বাজার',NULL),(3683,'63','477',NULL,'মৈশামুড়া',NULL),(3684,'6','532',NULL,'নাসির নগর',NULL),(3685,'57','427',NULL,'জগন্নাথপুর',NULL),(3686,'44','329',NULL,'বিন্না বাইদ',NULL),(3687,'11','83',NULL,'বড়কোটা',NULL),(3688,'46','345',NULL,'গাছকাটা',NULL),(3689,'11','549',NULL,'দূর্গাপুর',NULL),(3690,'15','133',NULL,'কাশিয়ানী',NULL),(3691,'3','20',NULL,'ধানশর',NULL),(3692,'56','570',NULL,'নতুন সাহেব বাজার',NULL),(3693,'46','342',NULL,'কদমতলী',NULL),(3694,'30','243',NULL,'ফুলকুমার',NULL),(3695,'22','185',NULL,'ইটাইল বাজার',NULL),(3696,'40','304',NULL,'ডাকুয়া',NULL),(3697,'59','440',NULL,'নঙ্গরপাড়া',NULL),(3698,'13','100',NULL,'খিল বাড়ীরটেক',NULL),(3699,'13','119',NULL,'কাচকুড়া',NULL),(3700,'13','117',NULL,'ঢাকা ক্যান্টনমেন্ট',NULL),(3701,'39','293',NULL,'হামলা',NULL),(3702,'19','161',NULL,'দারুল কোরান',NULL),(3703,'33','262',NULL,'টংভাংগা',NULL),(3704,'44','333',NULL,'কোন্দারপাড়া',NULL),(3705,'9','702',NULL,'সাধন পুর',NULL),(3706,'9','66',NULL,'তেমুহানী',NULL),(3707,'11','594',NULL,'কনকাপৈত',NULL),(3708,'19','693',NULL,'সিন্দিয়াঘাট',NULL),(3709,'46','342',NULL,'রূপঞ্জবাজার',NULL),(3710,'10','73',NULL,'খানজাপুর',NULL),(3711,'63','476',NULL,'ইসপিঞ্জার পুর',NULL),(3712,'50','703',NULL,'চন্দনপুর',NULL),(3713,'50','703',NULL,'চন্দনবাড়ী',NULL),(3714,'31','254',NULL,'সাবুগঞ্জ',NULL),(3715,'22','188',NULL,'হোসনাবাদ',NULL),(3716,'48','691',NULL,'রামনীয়',NULL),(3717,'59','437',NULL,'kajaikaT',NULL),(3718,'59','437',NULL,'কাজাইকাটা',NULL),(3719,'14','704',NULL,'আমতলা কাজিপাড়া',NULL),(3720,'30','246',NULL,'শালমারা',NULL),(3721,'61','456',NULL,'গনিগঞ্জ',NULL),(3722,'19','693',NULL,'আইকাদিয়া',NULL),(3723,'20','705',NULL,'রঢ়িশাল',NULL),(3724,'22','185',NULL,'বেইলটা',NULL),(3725,'62','459',NULL,'চরিয়া বাজার',NULL),(3726,'38','283',NULL,'মুড়াউল',NULL),(3727,'38','283',NULL,'গোয়ালটা বাজার',NULL),(3728,'58','429',NULL,'চরভরিয়া',NULL),(3729,'29','706',NULL,'অষ্টগ্রাম',NULL),(3730,'54','520',NULL,'জিপিও ৬০০০, রাজশাহী',NULL),(3731,'46','351',NULL,'১নং মৌগাতী',NULL),(3732,'61','456',NULL,'পলাশ কান্দি',NULL),(3733,'7','581',NULL,'বেলতলী বাজার',NULL),(3734,'40','525',NULL,'আমলীতলা শিকারী কান্দা',NULL),(3735,'40','305',NULL,'রানীগঞ্জ',NULL),(3736,'8','54',NULL,'নামোশংকরবাটি',NULL),(3737,'40','296',NULL,'কাহালগাও',NULL),(3738,'40','304',NULL,'আম্বিকাগঞ্জবাজার',NULL),(3739,'34','624',NULL,'দত্তপাড়া',NULL),(3740,'9','62',NULL,'ফতেহপুর',NULL),(3741,'46','345',NULL,'বালুছড়া',NULL),(3742,'31','559',NULL,'খাস মথুরামপুর',NULL),(3743,'23','521',NULL,'ভেকুটিয়া',NULL),(3744,'18','635',NULL,'ওলুখোলা',NULL),(3745,'18','156',NULL,'দাবরাদিয়া',NULL),(3746,'23','521',NULL,'দোগাছিয়া',NULL),(3747,'31','253',NULL,'মোহিনীমিল',NULL),(3748,'11','533',NULL,'ফাতেহাবাদ',NULL),(3749,'11','533',NULL,'মোহনপুর',NULL),(3750,'40','305',NULL,'আখরাইল',NULL),(3751,'46','351',NULL,'চল্লিশা',NULL),(3752,'52','391',NULL,'ব্যাশকাঠী',NULL),(3753,'48','683',NULL,'সুজাপুর',NULL),(3754,'48','360',NULL,'নাটেশ্বর',NULL),(3755,'7','581',NULL,'বরদিয়া',NULL),(3756,'6','43',NULL,'ধনাশী',NULL),(3757,'59','440',NULL,'বৈতাজানী',NULL),(3758,'18','156',NULL,'মোমনতুনবাজার',NULL),(3759,'20','172',NULL,'বেজুরা',NULL),(3760,'40','296',NULL,'রানীগঞ্জ',NULL),(3761,'38','286',NULL,'হলাওয়া',NULL),(3762,'9','66',NULL,'মিধাছড়া বাজার',NULL),(3763,'31','254',NULL,'থানাপাড়া',NULL),(3764,'31','253',NULL,'কমলাপুর',NULL),(3765,'3','20',NULL,'কেশবকাঠি',NULL),(3766,'21','707',NULL,'আমড়াগাছিয়া',NULL),(3767,'48','364',NULL,'কেশারপার',NULL),(3768,'60','708',NULL,'বৈদ্যজামতৈল',NULL),(3769,'51','557',NULL,'কারখানা',NULL),(3770,'46','348',NULL,'বগইটাইল',NULL),(3771,'6','43',NULL,'পাক বাঙ্গঁরা',NULL),(3772,'62','628',NULL,'দোয়ালীবাজার',NULL),(3773,'52','390',NULL,'দুর্গাপুর',NULL),(3774,'6','530',NULL,'তারুয়া',NULL),(3775,'58','433',NULL,'তেলী পাড়া',NULL),(3776,'19','162',NULL,'চাপতা',NULL),(3777,'6','42',NULL,'সৈয়দাবাদ',NULL),(3778,'51','383',NULL,'খলিসাখালি',NULL),(3779,'29','241',NULL,'বাহাদিয়া',NULL),(3780,'44','333',NULL,'ছোটাবন্দ',NULL),(3781,'9','62',NULL,'বক্তপুর',NULL),(3782,'54','402',NULL,'শিবপুরহাট',NULL),(3783,'54','548',NULL,'শিবপুরহাট',NULL),(3784,'46','352',NULL,'ধলামুল গাঁও',NULL),(3785,'62','460',NULL,'মৎপুর',NULL),(3786,'22','183',NULL,'সুগারমিল',NULL),(3787,'61','713',NULL,'চামরদানী',NULL),(3788,'60','445',NULL,'চিনাধুকুড়িয়া',NULL),(3789,'40','296',NULL,'আছিম',NULL),(3790,'19','164',NULL,'লোহাইড়',NULL),(3791,'35','273',NULL,'বরিশাট',NULL),(3792,'22','188',NULL,'কাষ্ট সিংগা',NULL),(3793,'18','154',NULL,'বলদীঘাট',NULL),(3794,'17','148',NULL,'হরিরামপুর',NULL),(3795,'46','351',NULL,'মাখান',NULL),(3796,'19','161',NULL,'রাতৈল',NULL),(3797,'44','330',NULL,'বটেশ্বর',NULL),(3798,'3','15',NULL,'ইন্দ্রনারায়নপুর',NULL),(3799,'59','439',NULL,'কুড়িকাহানিয়া',NULL),(3800,'23','585',NULL,'বাঘারপাড়া',NULL),(3801,'11','546',NULL,'লাকসাম',NULL),(3802,'22','185',NULL,'শ্রীপুর কুমারিয়া',NULL),(3803,'19','163',NULL,'রায়শীল',NULL),(3804,'29','241',NULL,'তারাকান্দি',NULL),(3805,'29','241',NULL,'জাংগালিয়া',NULL),(3806,'40','297',NULL,'কুরচাই',NULL),(3807,'62','464',NULL,'দরবস্ত',NULL),(3808,'19','161',NULL,'কাঠিবাজার',NULL),(3809,'29','241',NULL,'হোমেন্দী',NULL),(3810,'40','296',NULL,'পলাশতলী',NULL),(3811,'11','594',NULL,'সুখচাইল',NULL),(3812,'45','516',NULL,'বেরিলাবাড়ী',NULL),(3813,'48','360',NULL,'হাজীপুর',NULL),(3814,'62','461',NULL,'যুধিষ্টিপুর',NULL),(3815,'44','328',NULL,'পাটুলী',NULL),(3816,'22','184',NULL,'বেনুয়ারচর',NULL),(3817,'46','341',NULL,'খিলা',NULL),(3818,'13','714',NULL,'কাঞ্চন',NULL),(3819,'16','142',NULL,'দৌলতপুর',NULL),(3820,'46','653',NULL,'কলসিন্দুর',NULL),(3821,'62','543',NULL,'ছাগলীবাজার',NULL),(3822,'6','715',NULL,'ব্রাহ্মণবাড়ীয়া',NULL),(3823,'58','429',NULL,'রামভদ্রপুর',NULL),(3824,'35','271',NULL,'হাট জগদল',NULL),(3825,'50','703',NULL,'ময়দান দিঘি',NULL),(3826,'51','557',NULL,'আমিরাবাদ',NULL),(3827,'18','635',NULL,'কে, বি বাজার',NULL),(3828,'34','624',NULL,'শিবচর',NULL),(3829,'34','624',NULL,'উমেদ পুর',NULL),(3830,'11','83',NULL,'ছানিয়া কান্দি',NULL),(3831,'34','624',NULL,'ভেন্না',NULL),(3832,'11','87',NULL,'বটতলী',NULL),(3833,'13','110',NULL,'নামো সংকরবাটী',NULL),(3834,'24','197',NULL,'প্রতাপ',NULL),(3835,'43','587',NULL,'জামিনপুর',NULL),(3836,'62','466',NULL,'১ নং লক্ষী',NULL),(3837,'38','665',NULL,'পুর্ব শাবাজপুর',NULL),(3838,'18','156',NULL,'ভাওয়াল নোয়া পাড়া',NULL),(3839,'33','572',NULL,'মাদাতী',NULL),(3840,'6','42',NULL,'খারেরা',NULL),(3841,'6','41',NULL,'পত্তন',NULL),(3842,'56','670',NULL,'পাওটানা হাট',NULL),(3843,'7','536',NULL,'দঃ কলিতুবা',NULL),(3844,'3','13',NULL,'চর উত্তর ভুতের দিয়া',NULL),(3845,'21','700',NULL,'মধ্য খোন্তাকাটা',NULL),(3846,'21','174',NULL,'কোড়ামারা',NULL),(3847,'3','16',NULL,'খানজাপুর',NULL),(3848,'61','568',NULL,'ভাটি পাড়া',NULL),(3849,'20','560',NULL,'মিরাশী',NULL),(3850,'52','386',NULL,'ভিটাবাড়ীয়া',NULL),(3851,'5','34',NULL,'বিরপুলী',NULL),(3852,'5','32',NULL,'খিরিজপুর',NULL),(3853,'5','35',NULL,'হাটফুলবাড়ী',NULL),(3854,'5','38',NULL,'তেকানী চুকাইনগর',NULL),(3855,'5','38',NULL,'এম এ কলেজ',NULL),(3856,'50','377',NULL,'সাতমোড়া',NULL),(3857,'50','377',NULL,'ধাক্কামারা',NULL),(3858,'50','377',NULL,'ভিতরগড়',NULL),(3859,'50','377',NULL,'চাকলাহাট',NULL),(3860,'60','445',NULL,'গাড়াদহ',NULL),(3861,'60','445',NULL,'কেজুরীহাট',NULL),(3862,'17','151',NULL,'ফজলপুর',NULL),(3863,'50','703',NULL,'তাউলাগঞ্জ',NULL),(3864,'50','717',NULL,'মাঝীপাড়া',NULL),(3865,'33','261',NULL,'নামজারহাট',NULL),(3866,'33','261',NULL,'কুমড়ীর হাট',NULL),(3867,'25','664',NULL,'বাগেরগাছি',NULL),(3868,'25','206',NULL,'ভাটই বাজার',NULL),(3869,'21','179',NULL,'গাওলাবাজার',NULL),(3870,'2','11',NULL,'কালমেঘা',NULL),(3871,'21','179',NULL,'হিজলা',NULL),(3872,'25','664',NULL,'আলীগঞ্জ',NULL),(3873,'25','664',NULL,'মঙ্গলপেতা',NULL),(3874,'57','424',NULL,'বোয়ালিয়া',NULL),(3875,'52','389',NULL,'কালারদোয়ামিয়া',NULL),(3876,'24','197',NULL,'কৈখালী বাজার',NULL),(3877,'24','197',NULL,'রাজাপুর',NULL),(3878,'24','586',NULL,'জুরকাসি',NULL),(3879,'2','675',NULL,'কাকচিরা',NULL),(3880,'2','10',NULL,'কাউনিয়াহাট',NULL),(3881,'2','11',NULL,'ছোট টেংরা',NULL),(3882,'2','10',NULL,'গরিয়াহাট',NULL),(3883,'2','7',NULL,'উত্তর তক্তাবুনিয়া',NULL),(3884,'2','11',NULL,'লেমুয়া',NULL),(3885,'2','675',NULL,'হোগলপাতি',NULL),(3886,'2','675',NULL,'বামনা',NULL),(3887,'2','10',NULL,'আয়লা চান্দ গালী',NULL),(3888,'2','718',NULL,'পচাঁ কোড়ালিয়া',NULL),(3889,'21','707',NULL,'তমার শরনখোলা',NULL),(3890,'21','719',NULL,'নাতিলাখালী',NULL),(3891,'21','632',NULL,'চিতলমারী',NULL),(3892,'21','180',NULL,'চিংড়াখালী',NULL),(3893,'21','707',NULL,'রায়েন্দা বাজার',NULL),(3894,'21','174',NULL,'পতিলাখালী',NULL),(3895,'21','174',NULL,'খানপুর',NULL),(3896,'21','174',NULL,'রনবিজয়পুর',NULL),(3897,'21','632',NULL,'রহমতপুর মাদ্রাসা',NULL),(3898,'25','202',NULL,'গোপালপুর বাজার',NULL),(3899,'21','180',NULL,'হোগলাপাশা',NULL),(3900,'21','632',NULL,'কলাতলা',NULL),(3901,'21','174',NULL,'চিরুলিয়া',NULL),(3902,'4','720',NULL,'কাউয়ার টেক',NULL),(3903,'25','202',NULL,'দুধসর',NULL),(3904,'2','10',NULL,'মোকামিয়া',NULL),(3905,'21','174',NULL,'বেমরতা',NULL),(3906,'4','21',NULL,'দক্ষিন দিঘলদী',NULL),(3907,'21','179',NULL,'আটজুড়ী',NULL),(3908,'21','174',NULL,'লাটাইখালী',NULL),(3909,'21','179',NULL,'কাহালপুর',NULL),(3910,'21','632',NULL,'শিবপুর',NULL),(3911,'21','632',NULL,'বড়গুনী',NULL),(3912,'48','364',NULL,'আন্তদোন',NULL),(3913,'7','52',NULL,'হাড়িয়া',NULL),(3914,'7','581',NULL,'ফারাহকান্দি',NULL),(3915,'7','581',NULL,'ধনা গোদা বাজার',NULL),(3916,'6','577',NULL,'ভাতশালা',NULL),(3917,'6','42',NULL,'রাইতলা',NULL),(3918,'7','581',NULL,'নন্দ লাল পুর',NULL),(3919,'11','594',NULL,'মিয়াবাজার',NULL),(3920,'62','459',NULL,'চারখাই',NULL),(3921,'62','459',NULL,'তেরাদল',NULL),(3922,'62','459',NULL,'রানাপিং',NULL),(3923,'38','286',NULL,'কুলা হুন্ডা',NULL),(3924,'62','459',NULL,'রামধা বাজার',NULL),(3925,'11','533',NULL,'ইউছুদ পুর',NULL),(3926,'11','546',NULL,'নামের পেটুয়া',NULL),(3927,'11','721',NULL,'মক্রব পুর',NULL),(3928,'62','458',NULL,'জামালপুর',NULL),(3929,'62','722',NULL,'সোনাঠেলা',NULL),(3930,'62','468',NULL,'সোনাতলা',NULL),(3931,'11','79',NULL,'পূর্নমতি',NULL),(3932,'7','51',NULL,'শ্রীরায়ের চর',NULL),(3933,'11','83',NULL,'শ্রৗরায়ের চর',NULL),(3934,'6','724',NULL,'ফরাদাবাদ',NULL),(3935,'61','450',NULL,'নরসিংপুর',NULL),(3936,'9','72',NULL,'জাফর নগর',NULL),(3937,'9','69',NULL,'রাউজান',NULL),(3938,'48','360',NULL,'কুতুবপুর',NULL),(3939,'7','725',NULL,'কোতোয়ানী',NULL),(3940,'62','458',NULL,'বেগমপুর',NULL),(3941,'62','458',NULL,'কাটল খাড়ৈ',NULL),(3942,'62','458',NULL,'গন্জুর পুর',NULL),(3943,'62','458',NULL,'খন্দকার বাজার',NULL),(3944,'62','563',NULL,'খাটকাই',NULL),(3945,'62','458',NULL,'ডেকাপুর',NULL),(3946,'62','458',NULL,'মুক্তার পুর',NULL),(3947,'62','460',NULL,'১ নং লামাকাজী',NULL),(3948,'62','460',NULL,'২ নং খাজাঞ্চি',NULL),(3949,'62','460',NULL,'৩নং অলংকারী',NULL),(3950,'62','592',NULL,'১নং রুস্তমপুর',NULL),(3951,'62','592',NULL,'৭নং নান্দির গাঁও',NULL),(3952,'62','592',NULL,'সাটুলাটয়া',NULL),(3953,'62','592',NULL,'সালুটিয়া',NULL),(3954,'9','62',NULL,'কাঞ্চনপুর',NULL),(3955,'62','726',NULL,'মোল্লার গাঁও',NULL),(3956,'62','468',NULL,'সিলেট-৩১০০',NULL),(3957,'62','528',NULL,'জামাল পুর',NULL),(3958,'6','43',NULL,'জালশুকা',NULL),(3959,'62','459',NULL,'সোদিমাপুর',NULL),(3960,'62','461',NULL,'রোঙ্গা হাজীগঞ্জ',NULL),(3961,'62','461',NULL,'এফ,এফ ফেক্টরী',NULL),(3962,'62','461',NULL,'সুদিষ্টিপুর',NULL),(3963,'62','563',NULL,'হেসিমগঞ্জ',NULL),(3964,'62','463',NULL,'৬নং ঢাকাদক্ষিন ইউ পি',NULL),(3965,'62','463',NULL,'দক্ষিন ভাদেশ্বর',NULL),(3966,'62','460',NULL,'গবিন্দগঞ্জ',NULL),(3967,'62','460',NULL,'ষোলচন্দ্র বাজার',NULL),(3968,'62','460',NULL,'সিংগের চাহ',NULL),(3969,'62','460',NULL,'সিংগেরকাছ বাজার',NULL),(3970,'62','458',NULL,'আওরঞ্জপুর',NULL),(3971,'62','563',NULL,'দেউল গ্রাম',NULL),(3972,'62','528',NULL,'সিলেট - ৩১০০',NULL),(3973,'9','71',NULL,'দক্ষিন পাড়া',NULL),(3974,'11','83',NULL,'পাঁচ পুকুরিয়া',NULL),(3975,'11','533',NULL,'বাঙ্গুরী',NULL),(3976,'11','533',NULL,'মোহনপুর বাজার',NULL),(3977,'11','533',NULL,'পিরফতেহাবাদ',NULL),(3978,'7','581',NULL,'দশালী বাজার',NULL),(3979,'32','259',NULL,'সাদের খিল',NULL),(3980,'6','43',NULL,'দক্ষিন শাহবাজপুর',NULL),(3981,'6','43',NULL,'দক্ষিন শাহরাজপুর',NULL),(3982,'6','577',NULL,'ঘাটারা',NULL),(3983,'6','577',NULL,'পামাচং',NULL),(3984,'6','577',NULL,'উলচা পাড়া',NULL),(3985,'6','43',NULL,'শ্রীকনপুর',NULL),(3986,'6','577',NULL,'বাস্থদেব',NULL),(3987,'6','577',NULL,'বাসুদেব',NULL),(3988,'6','724',NULL,'খরিচা কান্দি',NULL),(3989,'6','45',NULL,'অরুয়াইল',NULL),(3990,'6','45',NULL,'পশ্চিম পাড়া',NULL),(3991,'6','530',NULL,'বেরতলা',NULL),(3992,'38','285',NULL,'কর্মধা',NULL),(3993,'6','43',NULL,'ভোলাচং',NULL),(3994,'6','42',NULL,'বাদৈর',NULL),(3995,'6','42',NULL,'দেলীর বাজার',NULL),(3996,'6','577',NULL,'ঘেওরা',NULL),(3997,'6','43',NULL,'ব্রাক্ষনহাতা',NULL),(3998,'6','577',NULL,'কোড্ডা',NULL),(3999,'62','727',NULL,'নোভাছড়া',NULL),(4000,'62','563',NULL,'রনসিং',NULL),(4001,'62','468',NULL,'মোল্লার গাও',NULL),(4002,'62','722',NULL,'ছাতক',NULL),(4003,'62','528',NULL,'সদর',NULL),(4004,'62','728',NULL,'গৌরীপুর',NULL),(4005,'62','729',NULL,'জাফলং ৩নং পূর্ব',NULL),(4006,'62','466',NULL,'সুরাই ঘাট বাজার',NULL),(4007,'61','713',NULL,'মধ্যনগর',NULL),(4008,'6','577',NULL,'মুকুলপুর',NULL),(4009,'61','450',NULL,'শেওতের নাড়া',NULL),(4010,'62','466',NULL,'সড়ব্দের বাজার',NULL),(4011,'62','730',NULL,'জুলাই',NULL),(4012,'62','466',NULL,'সড়কের বাজার',NULL),(4013,'62','730',NULL,'সড়কের বাজার',NULL),(4014,'62','468',NULL,'রেংগা হাজীগন বাজার',NULL),(4015,'6','43',NULL,'শিকানিয়া',NULL),(4016,'6','731',NULL,'বান্দারামপুর',NULL),(4017,'6','43',NULL,'বিদ্যাকুট',NULL),(4018,'6','39',NULL,'বরাপুর',NULL),(4019,'6','39',NULL,'দেবগ্রাম',NULL),(4020,'61','732',NULL,'দোয়ারা বাজার',NULL),(4021,'20','170',NULL,'উচাইল বাজার',NULL),(4022,'61','732',NULL,'লক্ষিপুর',NULL),(4023,'61','568',NULL,'চান্দ্র বাড়ী',NULL),(4024,'61','568',NULL,'মল্লিকপুর',NULL),(4025,'61','733',NULL,'লতারগাও',NULL),(4026,'6','577',NULL,'অষ্ট্র গ্রাম',NULL),(4027,'48','364',NULL,'কানকিরহাট',NULL),(4028,'7','581',NULL,'ধনাগোদা বাজার',NULL),(4029,'20','705',NULL,'লাখাই',NULL),(4030,'32','258',NULL,'দওপাড়া',NULL),(4031,'32','258',NULL,'রসুল গনজ',NULL),(4032,'32','566',NULL,'হাজির হাট',NULL),(4033,'6','40',NULL,'পাহাড়িয়া কান্দি',NULL),(4034,'48','360',NULL,'পাপুয়া',NULL),(4035,'61','568',NULL,'রাজাপুর',NULL),(4036,'7','536',NULL,'চান্দ্রা বাজার',NULL),(4037,'7','52',NULL,'খেড়িহর',NULL),(4038,'7','52',NULL,'টামটা',NULL),(4039,'7','46',NULL,'হাজীগঞ্জ',NULL),(4040,'48','360',NULL,'মানিক্য নগর',NULL),(4041,'48','363',NULL,'চাটখিল',NULL),(4042,'20','560',NULL,'চানপুর বস্তি',NULL),(4043,'39','290',NULL,'কুমার ভোগ',NULL),(4044,'44','330',NULL,'বেলাব',NULL),(4045,'22','184',NULL,'মুক্তির বাজার',NULL),(4046,'44','330',NULL,'আমদিয়া',NULL),(4047,'44','735',NULL,'পাঁচদোনা',NULL),(4048,'44','328',NULL,'পোড়াদিয়া',NULL),(4049,'44','333',NULL,'জয়নগর',NULL),(4050,'44','333',NULL,'কানি নগর',NULL),(4051,'44','333',NULL,'পারাতলা',NULL),(4052,'44','332',NULL,'সাপমারা',NULL),(4053,'19','567',NULL,'কানুরিমা',NULL),(4054,'36','275',NULL,'পেগর কান্দা',NULL),(4055,'44','332',NULL,'আদিয়াবাদ',NULL),(4056,'34','624',NULL,'কাদিরপুর',NULL),(4057,'46','653',NULL,'ঝাড়িয়া ঝঞ্চাইল',NULL),(4058,'58','433',NULL,'কাপাশ পাড়া',NULL),(4059,'44','332',NULL,'শ্রীনিধি',NULL),(4060,'13','116',NULL,'সূত্রাপুর,ঢাকা সদর',NULL),(4061,'20','169',NULL,'নরপতি',NULL),(4062,'6','45',NULL,'চুন্দা',NULL),(4063,'7','581',NULL,'মোহনপুর',NULL),(4064,'45','652',NULL,'বৃপাশুরিয়া',NULL),(4065,'23','521',NULL,'চুড়ামন কাটি',NULL),(4066,'43','326',NULL,'বিরাব বাজার',NULL),(4067,'38','285',NULL,'পৃথিমপাশা',NULL),(4068,'29','235',NULL,'গছিহাটা',NULL),(4069,'62','528',NULL,'সোনাতলা',NULL),(4070,'62','468',NULL,'রাঙ্গা হাজীগঞ্জ বাজার',NULL),(4071,'58','432',NULL,'মুজাফ্ফারপুর',NULL),(4072,'13','103',NULL,'কলাতিয়া',NULL),(4073,'6','43',NULL,'শাহপুর',NULL),(4074,'61','456',NULL,'মঙ্গলকাটা বাজার',NULL),(4075,'11','542',NULL,'সবাপতি',NULL),(4076,'20','169',NULL,'চান্দপুরবাগান',NULL),(4077,'22','188',NULL,'পোগালদিখা',NULL),(4078,'29','235',NULL,'গাচ হাটা',NULL),(4079,'22','188',NULL,'চরগিরিশ',NULL),(4080,'22','547',NULL,'গুনাইর বাড়ী',NULL),(4081,'19','163',NULL,'রামশীল',NULL),(4082,'38','287',NULL,'ইন্দ্রেশ্বর',NULL),(4083,'46','341',NULL,'পাহাড়পুর',NULL),(4084,'40','305',NULL,'আহমদাবাদ',NULL),(4085,'38','285',NULL,'বরমচাল',NULL),(4086,'10','539',NULL,'খয়েরহুদা',NULL),(4087,'31','254',NULL,'ঈমানপুর',NULL),(4088,'44','332',NULL,'রাধাগঞ্জ বাজার',NULL),(4089,'62','468',NULL,'টুকোরবাজার',NULL),(4090,'56','570',NULL,'শবেযপুর',NULL),(4091,'7','48',NULL,'হাটিলা টঙ্গীরাড়ী',NULL),(4092,'11','88',NULL,'মাধইয়া বাজার',NULL),(4093,'6','42',NULL,'চন্ডিদার',NULL),(4094,'6','577',NULL,'পঘাচং',NULL),(4095,'30','244',NULL,'জোড়গাছ',NULL),(4096,'30','244',NULL,'জোড়গাছ',NULL),(4097,'30','244',NULL,'জোড়গাছ',NULL),(4098,'30','244',NULL,'জোড়গাছ',NULL),(4099,'30','244',NULL,'জোড়গাছ',NULL),(4100,'22','523',NULL,'বাট্রাজোড় নতুন বাজার',NULL),(4101,'29','236',NULL,'ব্রাক্ষনকচুরী',NULL),(4102,'40','301',NULL,'খামারের বাজার',NULL),(4103,'46','345',NULL,'লেংগুড়া বাজার',NULL),(4104,'30','606',NULL,'রাবাইতাড়ী',NULL),(4105,'46','345',NULL,'লেংগুড়া',NULL),(4106,'6','43',NULL,'সলিমগঞ্জ',NULL),(4107,'40','525',NULL,'শন্তুগঞ্জ',NULL),(4108,'40','304',NULL,'ঢাকুয়া',NULL),(4109,'40','304',NULL,'ঢাকুয়া',NULL),(4110,'40','304',NULL,'ঢাকুয়া',NULL),(4111,'13','107',NULL,'মিরপুর',NULL),(4112,'48','361',NULL,'বদলকোর্ট',NULL),(4113,'60','448',NULL,'দবির গঞ্জ',NULL),(4114,'29','236',NULL,'কিশোরগঞ্জ',NULL),(4115,'46','350',NULL,'গাগলাজুর',NULL),(4116,'32','259',NULL,'মিয়াজীবাড়ী',NULL),(4117,'22','188',NULL,'ভাটরা',NULL),(4118,'34','268',NULL,'খাতিয়াল',NULL),(4119,'6','42',NULL,'দোয়ার',NULL),(4120,'58','647',NULL,'পূর্ব ডামুড্য',NULL),(4121,'33','572',NULL,'ভোটমারী',NULL),(4122,'59','440',NULL,'মাটিফাটা',NULL),(4123,'13','116',NULL,'ঢাকা সদর',NULL),(4124,'9','70',NULL,'হরিশপুর',NULL),(4125,'13','97',NULL,'ঢাকা ক্যান্টঃ',NULL),(4126,'9','70',NULL,'পন্ডিতের হাট',NULL),(4127,'60','603',NULL,'রায়দৌলতপুর',NULL),(4128,'11','88',NULL,'বাঙ্গরো',NULL),(4129,'46','352',NULL,'মেঘশিমুল',NULL),(4130,'46','347',NULL,'বয়ালী',NULL),(4131,'62','543',NULL,'ব্রাক্ষনগ্রাম',NULL),(4132,'62','543',NULL,'শরিফগঞ্জ বাজার',NULL),(4133,'40','305',NULL,'ধানীখোলা বাজার',NULL),(4134,'46','352',NULL,'নারায়নডহর',NULL),(4135,'32','258',NULL,'নুরুল্ল্যাপুর',NULL),(4136,'38','286',NULL,'মৌলভীবাজার',NULL),(4137,'9','70',NULL,'আমানউল্যা',NULL),(4138,'13','103',NULL,'আটির বাজার',NULL),(4139,'46','352',NULL,'সরিস্তলা',NULL),(4140,'11','594',NULL,'কাদৈরবাজার',NULL),(4141,'7','581',NULL,'পুরনকাশিমপুর',NULL),(4142,'21','179',NULL,'সাচিয়াদহ',NULL),(4143,'62','722',NULL,'কোম্পানীগঞ্জ',NULL),(4144,'62','528',NULL,'সুনাতুলা',NULL),(4145,'62','528',NULL,'সুনাতলা',NULL),(4146,'62','528',NULL,'খালা মুখবাজার',NULL),(4147,'14','125',NULL,'দিনাজপুর',NULL),(4148,'46','738',NULL,'কৃষ্ণপুর',NULL),(4149,'46','738',NULL,'রানীখং',NULL),(4150,'46','738',NULL,'জাগিরপাড়া',NULL),(4151,'48','360',NULL,'এখলাশপুর বাজার',NULL),(4152,'11','88',NULL,'সিদ্ধিরবাজ',NULL),(4153,'18','160',NULL,'বরমী',NULL),(4154,'29','241',NULL,'বুরুদিয়া',NULL),(4155,'17','148',NULL,'গিদারী',NULL),(4156,'41','310',NULL,'নওগাঁ',NULL),(4157,'19','693',NULL,'মুকসুদপুর',NULL),(4158,'19','164',NULL,'খান্দারপাড়া',NULL),(4159,'40','531',NULL,'কলাসিন্দুর বাজার',NULL),(4160,'3','604',NULL,'হিজলতলা',NULL),(4161,'30','247',NULL,'নাজিমখা',NULL),(4162,'7','709',NULL,'চরভৈরব',NULL),(4163,'20','172',NULL,'আন্দিউড়া',NULL),(4164,'5','32',NULL,'সিরিজপুর',NULL),(4165,'50','377',NULL,'ধাক কামারা',NULL),(4166,'60','593',NULL,'খাসকাউনিয়া',NULL),(4167,'50','741',NULL,'পঞ্চগড় সদর',NULL),(4168,'50','741',NULL,'ধাক্কামারা',NULL),(4169,'33','261',NULL,'কুমরীর হাট',NULL),(4170,'21','707',NULL,'রায়েন্দা',NULL),(4171,'21','174',NULL,'কান্দাপারা',NULL),(4172,'11','546',NULL,'পোমগাও',NULL),(4173,'63','739',NULL,'ধুবলিয়া',NULL),(4174,'44','330',NULL,'ডেপুটিবাড়ী',NULL),(4175,'46','345',NULL,'লংগুরা',NULL),(4176,'46','345',NULL,'বৈতা',NULL),(4177,'39','742',NULL,'কমারভোগ',NULL),(4178,'20','166',NULL,'আজিম নগর',NULL),(4179,'46','744',NULL,'রানীখং',NULL),(4180,'3','569',NULL,'ভান্ডয়াট',NULL),(4181,'7','581',NULL,'পুরানকশিমপুর',NULL),(4182,'9','59',NULL,'চরনদ্বীপ',NULL),(4183,'46','352',NULL,'দেউটুকুন',NULL),(4184,'46','352',NULL,'দেউটুকুনবাজার',NULL),(4185,'46','744',NULL,'কৃষ্ণপুর',NULL),(4186,'46','350',NULL,'সমাজ',NULL),(4187,'63','613',NULL,'সলিমাবাদ',NULL),(4188,'46','744',NULL,'জাগিরপাড়া',NULL),(4189,'46','744',NULL,'জারিয়া ঝানজাইল',NULL),(4190,'29','706',NULL,'আদমপুর',NULL),(4191,'62','543',NULL,'বিরশ্রী ইদগাবাজার',NULL),(4192,'62','747',NULL,'কোম্পানীগঞ্জ',NULL),(4193,'62','459',NULL,'কুনার বাজার',NULL),(4194,'42','317',NULL,'পহরডাঙ্গা',NULL),(4195,'62','543',NULL,'মুন্সি বাজার',NULL),(4196,'6','577',NULL,'পাঘাচং',NULL),(4197,'59','580',NULL,'ধানশাইল বাজার',NULL),(4198,'46','744',NULL,'ফুলপুর বাজার',NULL),(4199,'63','473',NULL,'হাদিরা বাজার',NULL),(4200,'53','394',NULL,'পচুরিয়া',NULL),(4201,'39','745',NULL,'কলমা',NULL),(4202,'22','535',NULL,'চরপলিশা',NULL),(4203,'6','45',NULL,'সরাইল',NULL),(4204,'28','748',NULL,'বটিয়াঘাট',NULL),(4205,'40','538',NULL,'ঘোষগাঁও',NULL),(4206,'40','304',NULL,'চকনাপাড়া বাজার',NULL),(4207,'32','564',NULL,'চরবংশী',NULL),(4208,'6','40',NULL,'গকুলনগর',NULL),(4209,'62','563',NULL,'বারকোট',NULL),(4210,'30','250',NULL,'পান্ডুল',NULL),(4211,'3','17',NULL,'দড়িচর খেজুরিয়া',NULL),(4212,'20','167',NULL,'মাটিয়াজুরী',NULL),(4213,'19','693',NULL,'ফুলার পাড়',NULL),(4214,'53','394',NULL,'রাজবাড়ী',NULL),(4215,'35','273',NULL,'খামারপাড়া',NULL),(4216,'9','66',NULL,'আবুতোরাব',NULL),(4217,'11','82',NULL,'কুমিল্লা',NULL),(4218,'45','338',NULL,'নাটোর',NULL),(4219,'16','142',NULL,'নিজপান্না',NULL),(4220,'11','546',NULL,'আটিটি বাজার',NULL),(4221,'60','446',NULL,'বাহুকা',NULL),(4222,'22','188',NULL,'বটিকামারী',NULL),(4223,'46','351',NULL,'ছছুয়া বাজার',NULL),(4224,'11','78',NULL,'ষাইটশালা',NULL),(4225,'22','547',NULL,'পলিশ',NULL),(4226,'19','161',NULL,'মানিকহার',NULL),(4227,'50','626',NULL,'হাড়ীভাষা',NULL),(4228,'29','233',NULL,'রায়টুটী',NULL),(4229,'46','345',NULL,'বালুচরা',NULL),(4230,'50','741',NULL,'হাড়ীভাষা',NULL),(4231,'63','473',NULL,'ঝাওয়াইল',NULL),(4232,'52','390',NULL,'পিরোজপুর',NULL),(4233,'9','70',NULL,'আলীমিয়ার বাজার',NULL),(4234,'43','326',NULL,'আতলাপুর',NULL),(4235,'29','235',NULL,'গোচিহাট',NULL),(4236,'19','161',NULL,'মনকহার',NULL),(4237,'11','750',NULL,'নঙ্গলকোট',NULL),(4238,'7','581',NULL,'ছেংগারচর',NULL),(4239,'39','745',NULL,'হলদিয়া',NULL),(4240,'29','235',NULL,'মানিক মালী',NULL),(4241,'29','230',NULL,'হিলাচিয়া',NULL),(4242,'43','321',NULL,'এম পাঁচগাঁড়',NULL),(4243,'56','418',NULL,'শুকুরেরহাট',NULL),(4244,'40','301',NULL,'মোগলটুলা',NULL),(4245,'46','351',NULL,'চুচুয়া বাজার',NULL),(4246,'22','185',NULL,'হাজিপুর',NULL);

/*Table structure for table `all_thana` */

DROP TABLE IF EXISTS `all_thana`;

CREATE TABLE `all_thana` (
  `id` int(11) NOT NULL AUTO_INCREMENT,
  `district_id` int(11) DEFAULT NULL,
  `eng_name` varchar(50) COLLATE utf8_unicode_ci DEFAULT NULL,
  `bangla_name` varchar(50) COLLATE utf8_unicode_ci DEFAULT NULL,
  PRIMARY KEY (`id`)
) ENGINE=InnoDB AUTO_INCREMENT=856 DEFAULT CHARSET=utf8 COLLATE=utf8_unicode_ci;

/*Data for the table `all_thana` */

insert  into `all_thana`(`id`,`district_id`,`eng_name`,`bangla_name`) values (1,1,'Alikadam','আলিকদম'),(2,1,'Bandarban Sadar','বান্দরবান সদর'),(3,1,'Naikhongchhari','নাইখং'),(4,1,'Rowangchhari','রনছড়ি'),(5,1,'Ruma','রুমা'),(6,1,'Thanchi','থানচি'),(7,2,'Amtali','আমতলী'),(9,2,'Barguna Sadar','বরগুনা সদর'),(10,2,'Betagi','বেতাগী'),(11,2,'Patharghata','পাথরঘাটা'),(13,3,'Babuganj','বাবুগঞ্জ'),(15,3,'Barisalsadar','বরিশাল সদর'),(16,3,'Gournadi','গোরনদী'),(17,3,'Mahendiganj','মেহেন্দীগঞ্জ'),(18,3,'Muladi','মুলাদি'),(20,3,'Wazirpur','উজিরপুর'),(21,4,'Bhola Sadar','ভোলা সদর'),(22,4,'Borhanuddin ','বোরহানউদ্দিন ইউপিও'),(24,4,'Doulatkhan','দোলতখান'),(27,4,'Lalmohan ','লালমোহন ইউপিও'),(28,5,'Adamdighi','আলমদিঘি'),(29,5,'Bogra Sadar','বগুড়া সদর'),(30,5,'Dhunot','ধুনট'),(31,5,'Dupchanchia','দুপচাঁচিয়া'),(32,5,'Gabtali','গাবতলী'),(33,5,'Kahaloo','কাহালু'),(34,5,'Nondigram','নন্দীগ্রাম'),(35,5,'Shariakandi','সারিয়াকান্দি'),(36,5,'Sherpur','শেরপুর'),(37,5,'Shibganj','শিবগঞ্জ'),(38,5,'Sonatola','সোনাতলা'),(39,6,'Akhaura','আখাউড়া'),(42,6,'Kasba','কসবা'),(43,6,'Nabinagar','নবীনগর'),(45,6,'Sarail','সরাইল'),(46,7,'Chandpur Sadar','চাঁদপুর সদর'),(47,7,'Faridgonj','ফরিদগঞ্জ'),(48,7,'Hajiganj','হাজীগঞ্জ'),(50,7,'Kachua','কচুয়া'),(51,7,'Matlabnorth','মতলবগঞ্জ'),(52,7,'Shahrasti','শাহরাস্তি'),(53,8,'Bholahat','ভোলাহাট'),(54,8,'Chapinawabganj Sadar','চাপাইনবাবগঞ্জ সদর'),(55,8,'Nachol','নাচল'),(58,9,'Anwara','আনোয়ারা'),(59,9,'Boalkhali','বোয়ালখালী'),(62,9,'Fatikchhari','ফটিকছড়ি'),(63,9,'Hathazari','হাটহাজারী'),(65,9,'Lohagara','লোহাগাড়া'),(66,9,'Mirsharai','মীরসরাই'),(68,9,'Rangunia','রাঙ্গুনিয়া'),(69,9,'Raozan','রাউজান'),(70,9,'Sandwip','সন্দ্বীপ'),(71,9,'Satkania','সাতকানিয়া'),(72,9,'Sitakunda','সীতাকুন্ড'),(73,10,'Alamdanga','আলমডাঙ্গা'),(74,10,'Chuadanga Sadar','চুয়াডাঙ্গা সদর'),(75,10,'Damurhuda','চর রাজীবপুর'),(78,11,'Brahmanpara','ব্রাহ্মণপাড়া'),(79,11,'Burichang','বুড়িচং'),(80,11,'Chandina','চান্দিনা'),(81,11,'Chauddagram','চৌদ্দগ্রামে'),(82,11,'Sadarsouth','কুমিল্লা সদর'),(83,11,'Daudkandi','দাউদকান্দি'),(85,11,'Homna','হোমনা'),(88,11,'Muradnagar','মুরাদনগর'),(90,12,'Coxsbazar Sadar','কক্সবাজার নগরী সদর'),(92,12,'Kutubdia','কুতুবদিয়া'),(93,12,'Ramu','রামু'),(94,12,'Teknaf','টেকনাফ'),(95,12,'Ukhiya','উখিয়া'),(121,14,'Birol','থকশবপুর'),(122,14,'Birampur','বিরামপুর'),(123,14,'Birganj','বীরগঞ্জ'),(124,14,'Chrirbandar','চিড়িরবন্দর'),(125,14,'Dinajpur Sadar','দিনাজপুর সদর'),(126,14,'Khansama','খানসামা'),(128,14,'Nababganj','নবাবগঞ্জ'),(130,14,'Parbatipur','পার্বতীপুর'),(131,14,'Phulbari','ফুলবাড়ী'),(133,15,'Alfadanga','আলফাডাঙ্গা'),(134,15,'Bhanga','ভাঙ্গা'),(135,15,'Boalmari','বোয়ালমারী'),(136,15,'Charbhadrasan','চরভদ্রসন'),(137,15,'Faridpur Sadar','ফরিদপুর সদর'),(138,15,'Madukhali','মদধুখালি'),(139,15,'Nagarkanda','নগরকান্দা'),(140,15,'Sadarpur','সদরপুর'),(142,16,'Chhagalnaia','ছাগলনাইয়া'),(143,16,'Dagonbhuiyan','দাগনভুইয়া'),(144,16,'Feni Sadar','ফেনী সদর'),(146,16,'Sonagazi','সোনাগাজী'),(148,17,'Gaibandha Sadar','গাইবান্ধা সদর'),(149,17,'Gobindaganj','গোবিন্দগঞ্জ'),(150,17,'Palashbari','পলাশবাড়ী'),(151,17,'Phulchhari','ফুলছড়ি'),(153,17,'Sundarganj','সুন্দরগঞ্জ'),(154,18,'Gazipur Sadar','গাজীপুর সদর'),(155,18,'Kaliakaar','কালিয়াখর'),(156,18,'Kaliganj','কালীগঞ্জ'),(157,18,'Kapashia','কাকরাইলে'),(159,18,'Sreepur','শ্রীপুর'),(161,19,'Gopalganj Sadar','গোপালগঞ্জ সদর'),(163,19,'Kotalipara','কোটালিপাড়া'),(164,19,'Maksudpur','মকছুদপুর'),(165,19,'Tungipara','টুঙ্গিপাড়া'),(166,20,'Ajmirganj','আজমীরগঞ্জ'),(167,20,'Bahubal','বাহুবল'),(168,20,'Baniachong','বানিয়াচং'),(169,20,'Chunarughat','চুনারুঘাট'),(170,20,'Hobiganj Sadar','হবিগঞ্জ সদর'),(172,20,'Madhabpur','মাধবপুর'),(173,20,'Nabiganj','নবীগঞ্জ'),(174,21,'Bagerhat Sadar','বাগেরহাট সদর'),(176,21,'Chitalmari','চিতলমারীতে'),(177,21,'Fakirhat','ফকিরহাট'),(178,21,'Kachua ','কচুয়া ইউপিও'),(179,21,'Mollarhat','মোল্লাহাট'),(180,21,'Moralganj','মোড়েলগঞ্জ'),(181,21,'Rampal','রামপাল'),(183,22,'Dewangonj','দেওয়ানগঞ্জ'),(184,22,'Islampur','ইসলামপুর'),(188,22,'Shorishabari','সরিষাবাড়ি'),(190,23,'Chougachha','চৌগাছা'),(191,23,'Jessore Sadar','যশোর সদর'),(192,23,'Jhikargachha','ঝিকরগাছা'),(193,23,'Keshabpur','কেশবপুর'),(194,23,'Monirampur','মনিরামপুর'),(195,23,'Noapara','নয়াপাড়া'),(196,23,'Sharsha','মাধ্যম'),(197,24,'Jhalokathi Sadar','ঝালকাঠি সদর'),(198,24,'Kathalia','কাঁঠালিয়া'),(200,24,'Rajapur','রাজাপুর'),(201,25,'Harinakundu','হরিনাকুন্ডু'),(202,25,'Jhenidah Sadar','ঝিনাইদহ সদর'),(203,25,'Kotchandpur','কোটচাঁদপুর'),(204,25,'Maheshpur','মহেশপুর'),(206,25,'Shailakupa','শৈলকূপা'),(207,26,'Akkelpur','আক্কেলপুর'),(208,26,'Joypurhat Sadar','জয়পুরহাট সদর'),(209,26,'kalai','কালাই'),(210,26,'Khetlal','ক্ষেতলাল'),(211,26,'panchbibi','পাঁচবিবি'),(212,27,'Diginala','দিঘিনালা'),(213,27,'Khagrachari Sadar','খাগড়াছড়ি সদর'),(214,27,'Laxmichhari','লাক্সমিছরি'),(215,27,'Mahalchhari','মহালছডি়'),(216,27,'Manikchhari','মানিকছড়ি'),(217,27,'Matiranga','মাটিরাঙ্গা'),(218,27,'Panchhari','পাঞ্ছরি'),(219,27,'Ramghar Head Office','রামঘর হেড অফিস'),(221,28,'Botiaghat','বাটিয়াঘাট'),(223,28,'Dighalia','দিঘলিয়া'),(224,28,'Khulna Sadar','খুলনা সদর'),(226,28,'Paikgachha','পাইকগাছা'),(227,28,'Fultala','অভয়নগর উপজেলা'),(229,28,'Terokhada','তেড়াখাদা'),(230,29,'Bajitpur','বাজিতপুর'),(231,29,'Bhairob','ভৈরব'),(232,29,'Hossenpur','হোসেনপুর'),(233,29,'Itna','ইটনা'),(235,29,'Katiadi','কটিয়াদি'),(236,29,'Kishoreganj Sadar','কিশোরগঞ্জ সদর'),(237,29,'Kuliarchar','কুলিয়ারচর'),(238,29,'Mithamoin','মিঠামইন'),(239,29,'Nikli','নিকলী'),(241,29,'Pakundia','পাকুন্দিয়া'),(242,29,'Tarial','তারিয়াল'),(243,30,'Bhurungamari','ভুরুঙ্গামারী'),(244,30,'Chilmari','চিলমারী'),(245,30,'Kurigram Sadar','কুড়িগ্রাম সদর'),(246,30,'Nageshwari','নাগেশ্বর'),(247,30,'Rajarhat','রাজারহাট'),(248,30,'Rajibpur','রাজীবপুর'),(249,30,'Roumari','রৌমারী'),(250,30,'Ulipur','উলিপুর'),(251,31,'Bheramara','ভেড়ামারা'),(253,31,'Kumarkhali','কুমারখালী'),(254,31,'Kustia Sadar','কুষ্টিয়া সদর'),(255,31,'Mirpur','মিরপুর'),(258,32,'Lakshimpur Sadar','লক্ষিপুর সদর'),(259,32,'Ramganj','রামগঞ্জ'),(260,32,'Raypur','কাজের ডিভাইস'),(261,33,'Aditmari','আদিতমারী'),(262,33,'Hatibandha','হাতিবান্ধা'),(263,33,'Lalmonirhat Sadar','লালমনিরহাট সদর'),(264,33,'Patgram','পাটগ্রাম'),(267,34,'kalkini','কালকিনি'),(268,34,'Madaripur Sadar','মাদারীপুর সদর'),(269,34,'Rajoir','রাজৈর'),(271,35,'Magura Sadar','মাগুরা সদর'),(272,35,'Mohammadpur','মোহাম্মদপুর'),(273,35,'Shripur','শ্রীপুর'),(274,36,'Doulatpur','দৌলতপুর'),(275,36,'Gheor','ঘিওর'),(277,36,'Manikganj Sadar','মানিকগঞ্জ সদর'),(278,36,'Saturia','সাটুরিয়া'),(279,36,'Shibaloy','শিবলয়'),(280,36,'Singari','সিংরি'),(281,37,'Gangni','গাংনী'),(282,37,'Meherpur Sadar','মেহেরপুর সদর'),(283,38,'Baralekha','বড়লেখা'),(284,38,'Komalganj','কমলগঞ্জ'),(285,38,'Kulaura','কুলাউড়া'),(286,38,'Moulvibazar Sadar','মৌলভীবাজার সদর'),(287,38,'Rajnagar','রাজনগর'),(288,38,'Sreemangal','শ্রীমঙ্গল'),(291,39,'Munshiganj Sadar','মুন্সিগঞ্জ সদর'),(292,39,'Sirajdikhan','সিরাজদিখান'),(293,39,'Srinagar','শ্রীনগর'),(294,39,'Tangibari','টঙ্গিবাড়ি'),(295,40,'Bhaluka','ভালুকা'),(296,40,'Fulbaria','ফুলবাড়িয়া'),(297,40,'Gaforgaon','গফরগাঁও'),(298,40,'Gouripur','গৌরীপুর'),(299,40,'Haluaghat','হালুয়াঘাট'),(300,40,'Isshwargonj','ঈশ্বরগঞ্জ'),(301,40,'Muktagachha','মুক্তাগাছা'),(302,40,'Mymensingh Sadar','ময়মনসিংহ সদর'),(303,40,'Nandail','নান্দাইল'),(304,40,'Phulpur','ফুলপুর'),(305,40,'Trishal','ত্রিশাল'),(307,41,'Badalgachhi','বদলগাছি'),(308,41,'Dhamuirhat','ধামুরহাট'),(309,41,'Mohadevpur','মহাদেবপুর'),(310,41,'Naogaon Sadar','নওগাঁ সদর'),(311,41,'Niamatpur','নেদারল্যান্ডর'),(313,41,'Patnitala','পত্নীতলা'),(315,41,'Raninagar','রানীনগর'),(316,41,'Sapahar','সাভার'),(317,42,'Kalia','কালিয়া'),(320,42,'Narail Sadar','নড়াইল সদর'),(321,43,'Araihazar','আড়াইহাজার'),(324,43,'Fatullah','ফতুল্লা'),(325,43,'Narayanganj Sadar','নারায়ণগঞ্জ সদর'),(326,43,'Rupganj','রূপগঞ্জ'),(328,44,'Belabo','বেলাবো'),(329,44,'Monohordi','মনোহরদী'),(330,44,'Narshingdi Sadar','নরসিংদী সদর'),(331,44,'Palash','পলাশ'),(332,44,'Raypur','রায়পুরা'),(333,44,'Shibpur','শিবপুর'),(338,45,'Natore Sadar','নাটোর সদর'),(339,45,'Singra','সিংড়া'),(341,46,'Atpara','আটপাড়া'),(342,46,'Barhatta','বারহাট্টা'),(345,46,'Kalmakanda','কলমাকান্দা'),(346,46,'Kendua','কেন্দুয়া'),(347,46,'Khaliajuri','খালিয়াজুরী'),(348,46,'Madan','মদন'),(350,46,'Mohanganj','মোহনগঞ্জ'),(351,46,'Netrakona Sadar','নেত্রকোণা সদর'),(353,47,'Dimla','ডিমলা'),(354,47,'Domar','ডোমার'),(355,47,'Jaldhaka','জলঢাকা'),(356,47,'Kishoriganj','কিশোরীগঞ্জ'),(357,47,'Nilphamari Sadar','নীলফামারী সদর'),(358,47,'Syedpur','সৈয়দপুর'),(360,48,'Begumganj','বেগমগঞ্জ'),(361,48,'Chatkhil','চাটখিল'),(362,48,'Hatiya','হাতিয়া'),(363,48,'Noakhali Sadar','নোয়াখালী সদর'),(364,48,'Senbag','সেনবাগ'),(366,49,'Bera','বেড়া'),(367,49,'Bhangura','ভাঙ্গুরা'),(368,49,'Chatmohar','চাটমোহর'),(370,49,'Ishwardi','ঈশ্বরদী'),(371,49,'Pabna Sadar','পাবনা সদর'),(372,49,'Santhia','সা্থিয়া'),(373,49,'Sujanagar','সুজানগর'),(374,50,'Boda','বদা'),(376,50,'Dabiganj','দেবিগঞ্জ'),(378,50,'Tetulia','তেঁতুলিয়া'),(379,51,'Bauphal','কালীগ্বধপঁঃব'),(380,51,'Dashmina','চরফ্যাশন'),(381,51,'Golachipa','গলাচিপা'),(386,52,'Bhandaria','ভান্ডারিয়া'),(387,52,'Kaukhali','কাউখালী'),(389,52,'Nazirpur','নাজিরপুর'),(390,52,'Pirojpur Sadar','পিরোজপুর সদর'),(392,53,'Baliakandi','বালিয়াকান্দি'),(393,53,'Pangsha','পাংশা'),(394,53,'Rajbari Sadar','রাজবাড়ী সদর'),(395,54,'Bagha','বাঘা'),(397,54,'Charghat','চারঘাট'),(398,54,'Durgapur','দুর্গাপুর'),(399,54,'Godagari','গোদাগাড়ী'),(400,54,'Mohanpur','খোদ মোহনপুর'),(402,54,'Shah Makdum ','পুথিয়া'),(404,54,'Tanore','টানর'),(405,55,'Barakal','বড়াকাল'),(406,55,'Belaichari','বিলাইছড়িতে'),(407,55,'Juraichari','জরাছরি'),(409,55,'Kaptai','কাপ্তাই'),(410,55,'Langadu','লংগাছ'),(412,55,'Naniarchar','নানিয়াছর'),(413,55,'Rajsthali','রাজস্থালি'),(416,56,'Gangachara','গঙ্গাচড়া'),(417,56,'Kaunia','কাউনিয়া'),(418,56,'Mithapukur','মিঠাপুকুর'),(419,56,'Pirgachha','পীরগাছা'),(420,56,'Rangpur Sadar','রংপুর সদর'),(421,56,'Taraganj','তারাগঞ্জ'),(422,57,'Ashashuni','আশাশুনি'),(423,57,'Debbhata','দেবতা'),(424,57,'Kalaroa','কলারোয়া'),(425,57,'Kaliganj ','কালীগঞ্জ ইউপিও'),(427,57,'Satkhira Sadar','সাতক্ষীরা সদর'),(429,58,'Bhedorganj','ভেদরগঞ্জ'),(430,58,'Damudhya','দামুদিয়া'),(431,58,'Gosairhat','গোসাইরহাট'),(432,58,'Jajira','জাজিরা'),(433,58,'Naria','নড়িয়া'),(434,58,'Shariatpur Sadar','শরীয়তপুর সদর'),(437,59,'Nokla','নকলা'),(438,59,'Nalitabari','নালিতাবাড়ী'),(439,59,'Sherpur Shadar','শেরপুর সদর'),(440,59,'Sribardi','শ্রীবরদি'),(442,60,'Belkuchi','বেলকুচি'),(444,60,'Kazipur','কাজীপুর'),(445,60,'Shahjadpur','শাহজাদপুর'),(446,60,'Sirajganj Sadar','সিরাজগঞ্জ সদর'),(447,60,'Tarash','তাড়াশ'),(448,60,'Ullapara','উল্লাপাড়া'),(450,61,'Chhatak','ছাতক'),(454,61,'Jagannathpur','জগন্নাথপুর'),(455,61,'Shalla','সাচ্চা'),(456,61,'Sunamganj Sadar','সুনামগঞ্জ সদর'),(457,61,'Tahirpur','তাহিরপুর'),(458,62,'Balaganj','বালাগঞ্জ'),(459,62,'Bianibazar','বিয়ানীবাজার'),(460,62,'Bishwanath','বিশ্বনাথ'),(461,62,'Fenchuganj','ফেঞ্চুগঞ্জ'),(464,62,'Jaintapur','জৈন্তাপুর'),(468,62,'Sylhet Sadar','সিলেট সদর'),(470,63,'Bhuapur','ভূঁয়াপূরে'),(471,63,'Delduar','দেলদুয়ার'),(472,63,'Ghatail','ঘাটাইল'),(473,63,'Gopalpur','গোপালপুর'),(474,63,'Kalihati','কালিহাতী'),(476,63,'Madhupur','মধুপুর'),(477,63,'Mirzapur','মির্জাপুর'),(478,63,'Nagarpur','নাগরপুর'),(479,63,'Sakhipur','সখীপুর'),(480,63,'Tangail Sadar','টাঙ্গাইল সদর'),(481,64,'Baliadangi','বালিয়াডাঙ্গী'),(482,64,'Jibanpur','জীবনপুর'),(483,64,'Pirganj','পীরগঞ্জ'),(484,64,'Rani Sankail','রানী সাংখাইল'),(485,64,'Thakurgaon Sadar','ঠাকুরগাঁও সদর'),(515,18,'Kapasia','কাপাসিয়া'),(516,45,'Lalpur','লাল পুর'),(520,54,'Rajpara','রাজপাড়া'),(523,22,'Bakshigonj','বকসীগঞ্জ'),(524,45,'Baraigram','বড়াইগ্রাম'),(530,6,'Ashuganj','আশুগঞ্জ'),(531,40,'Dhobaura','ধোবাউড়া'),(532,6,'Nasirnagar','নাসির নগর'),(533,11,'Debidwar','দেবীদ্বার'),(535,22,'Melandaha','মেলন্দাহ'),(537,22,'Jamalpur Sadar','জামালপুর সদর'),(539,10,'Jibannagar','জীবন নগর'),(541,45,'Gurudashpur','গরুদাসপুর'),(542,11,'Barura','বরুড়া'),(544,43,'Bondor','বন্দর'),(546,11,'Laksam','লাকসাম'),(547,22,'Madargonj','মাদারগঞ্জ'),(548,54,'Puthia','পটিয়া'),(550,45,'Bagatipara','বাগাতিপাড়া'),(551,29,'Korimgonj','করিগঞ্জ'),(553,51,'Mirjaganj','মির্জাগঞ্জ'),(556,3,'Bakerganj','বাকেরগঞ্জ'),(557,51,'Baufal','বাউফল'),(559,31,'Doulatpur','দৌলত পুর'),(561,9,'Patiya','পটিয়া'),(563,62,'Golapgonj','গোলাপগঞ্জ'),(566,32,'Ramgoti','রামগতি'),(568,61,'Jamalgonj','জামালগঞ্জ'),(569,3,'Banaripara','বানারী পাড়া'),(571,52,'Mothbariya','মঠবাড়ীয়া'),(572,33,'Kaliganj','কালিগঞ্জ'),(574,42,'Lohagora','লোহাগড়া'),(575,3,'Hizla','হিজলা'),(577,6,'Brahmanbaria Sadar','ব্রাহ্মণবাড়িয়া সদর'),(578,39,'Gojaria','গজারিয়া'),(579,18,'Tongi','টংগী'),(580,59,'Jhenaigati','ঝিনাইগাতী'),(581,7,'Matlabsouth','মতলব'),(585,23,'Bagharpara','বাঘারপাড়া'),(586,24,'Nolchiti','নলছিটি'),(587,43,'Sonargaon','সোনারগাঁও'),(589,64,'Horipur','হরিপুর'),(590,30,'Fulbari','ফুলবাড়ী'),(592,62,'Gowainghat','গোয়াইনঘাট'),(593,60,'Chauhali','চৌহালী'),(595,16,'Fulgazi','ফুলগাজী'),(596,12,'Chakaria','চকরিয়া'),(597,27,'Guimara','গুইমারা'),(598,27,'Ramgar','রামগড়'),(599,61,'Dharmopasha','ধরমপাশা'),(608,55,'Kawkhali','কোতয়ালী'),(611,28,'Khan Jahan','খান জাহান'),(613,63,'Nagarpur','নগরপুর'),(621,15,'Modhukhali','মধুখালী'),(622,41,'Atrai','আত্রাই'),(624,34,'Shibchor','শিবচর'),(625,52,'Nesarabaad','নেছারাবাদ'),(631,63,'Bashail','বাশাইল'),(635,18,'Joydebpur','জয়দেব পুর'),(636,8,'Gomostapur','গোমস্তাপুর'),(639,56,'Bodorgonj','বদরগঞ্জ'),(642,58,'Palong','পালং'),(643,51,'Kolapara','কলাপাড়া'),(644,35,'Shalikha','শালিখা'),(645,60,'Roygonj','রায়গঞ্জ'),(649,8,'Shibganj','শিবগঞ্জ'),(650,28,'Koyra','কয়রা'),(655,61,'Derai','দিরাই'),(656,31,'Khoksa','খোকসা'),(660,50,'Autwari','আটোয়ারী'),(661,3,'Agailjhara','আগৈলঝাড়া'),(662,21,'Mongla','মংলা'),(663,16,'Porshuram','পরশুরাম'),(664,25,'Kaligonj','কালিগঞ্জ'),(669,53,'Goalando','গোয়ালন্দ'),(670,56,'Pirgonj','পীরগঞ্জ'),(675,2,'Bamna','বামনা'),(681,49,'Faridpur','ফরিদপুর'),(686,57,'Shyamnogor','শ্যামনগর'),(689,54,'Boalia','বোয়ালিয়া'),(690,48,'Kabirhat','কবিরহাট'),(691,48,'Compnayganj','কোম্পানিগঞ্জ'),(693,19,'Muksudpur','মুকসুদপুর'),(694,55,'Baghaichari','বাঘাইছড়ি'),(695,4,'Tazumuddin','আজিম উদ্দিন'),(696,54,'Poba','পবা'),(697,9,'Chandanaish','চন্দনাইশ'),(698,28,'Daulatpur','দৌলতপুর'),(702,9,'Banshkhali','বাঁশখালী'),(705,20,'Lakhai','লাখাই'),(706,29,'Astogram','অষ্টগ্রাম'),(707,21,'Sarankhola','শরনখোলা'),(708,60,'Kamarkhond','কামারখন্দ'),(709,7,'Haimchar','হাইমচর'),(716,57,'Debhata','দেবহাটা'),(718,2,'Taltali','তালতলী'),(720,4,'Monpura','মনপুরা'),(721,11,'Nangalkot','নাঙ্গল কোট'),(724,6,'Bancharampur','বান্ছারামপুর'),(727,62,'Kanaighat','কানাইর হাট'),(732,61,'Dowara Bazar','দোয়ারা বাজার'),(733,61,'Bishyamvapur','বিশ্বাম্ভপুর'),(738,46,'Durgapur','দূর্গাপুর'),(741,50,'Panchagarh Sadar','পঞ্চগড় সদর'),(745,39,'Louhajong','লৌহজং'),(747,62,'Companyganj','কোম্পানীগঞ্জ'),(748,28,'Botiaghat','বটিয়াঘাট'),(751,1,'Lama',NULL),(752,5,'Shajahanpur',NULL),(753,11,'Comilla sadar',NULL),(754,11,'Meghna',NULL),(755,11,'Titas',NULL),(756,11,'Monohargonj',NULL),(757,12,'Pekua',NULL),(758,12,'Moheshkhali',NULL),(759,4,'Charfashoin',NULL),(760,6,'Bijoynagar',NULL),(761,9,'Kotwali',NULL),(762,9,'Bandar',NULL),(763,9,'Chandgaon',NULL),(764,9,'Doublemuring',NULL),(765,9,'Pachlaish',NULL),(766,13,'Adabar',NULL),(767,13,'Asulia',NULL),(768,13,'Banani',NULL),(769,13,'Bangshal',NULL),(770,13,'Bhashantek',NULL),(771,13,'Bimanbandar',NULL),(772,13,'Cantonment',NULL),(773,13,'Chockbazar',NULL),(774,13,'Dakshin khan',NULL),(775,13,'Darussalam',NULL),(776,13,'Demra',NULL),(777,13,'Dhamrai',NULL),(778,13,'Dhanmondi',NULL),(779,13,'Dohar',NULL),(780,13,'Gandaria',NULL),(781,13,'Gulshan',NULL),(782,13,'Hajaribag',NULL),(783,13,'Jatrabari',NULL),(784,13,'Kadamtali',NULL),(785,13,'Kafrul',NULL),(786,13,'Kalabagan',NULL),(787,13,'Kalyanpur',NULL),(788,13,'Kamrangir Char',NULL),(789,13,'Keranigonj',NULL),(790,13,'Khilgaon',NULL),(791,13,'Kotwali',NULL),(792,13,'Lalbag',NULL),(793,13,'Mirpur',NULL),(794,13,'Mohammadpur',NULL),(795,13,'Motijheel',NULL),(796,13,'Mugda',NULL),(797,13,'Nawabganj',NULL),(798,13,'New Market',NULL),(799,13,'Pallabi',NULL),(800,13,'Paltan',NULL),(801,13,'Ramna',NULL),(802,13,'Rampura',NULL),(803,13,'Rupnagar',NULL),(804,13,'Sabujbag',NULL),(805,13,'Savar',NULL),(806,13,'Shah Ali',NULL),(807,13,'Shahbag',NULL),(808,13,'Shahjahanpur',NULL),(809,13,'Sher E Bangla Nagar',NULL),(810,13,'Shyampur',NULL),(811,13,'Sutrapur',NULL),(812,13,'Tejgaon',NULL),(813,13,'Tejgaon Industrial Area',NULL),(814,13,'Turag',NULL),(815,13,'Uttarkhan',NULL),(816,13,'Uttara East',NULL),(817,13,'Uttara West',NULL),(818,13,'Wari',NULL),(819,14,'Bochaganj',NULL),(820,14,'Kaharole',NULL),(821,14,'Godarghat',NULL),(822,14,'Hakimpur',NULL),(823,15,'Saltha',NULL),(824,17,'Saghata',NULL),(825,17,'Sadullapur',NULL),(826,23,'Abhaynagar',NULL),(827,28,'Khanjahan Ali',NULL),(828,28,'Sonadanga',NULL),(829,28,'Rupsha',NULL),(830,28,'Mongla',NULL),(831,28,'Dumuria',NULL),(832,28,'Dakope',NULL),(833,28,'Koyra',NULL),(834,30,'Charrajibpur',NULL),(835,32,'Kamalnaa',NULL),(836,36,'Harirampur',NULL),(837,37,'Mujibnagar',NULL),(838,38,'Juri',NULL),(839,40,'Tarakanda',NULL),(840,41,'Porsha',NULL),(841,41,'Manda',NULL),(842,45,'Naldanga',NULL),(843,46,'Purbadhala',NULL),(844,48,'Subarnachar',NULL),(845,48,'Sonaimori',NULL),(846,49,'Atgharia',NULL),(847,51,'Patuakhali sadar',NULL),(848,51,'Rangabali',NULL),(849,52,'Zianagar',NULL),(850,53,'Kalukhali',NULL),(851,55,'Rangamati sadar',NULL),(852,61,'Dakshin Sunamganj',NULL),(853,62,'Dakshin Surma',NULL),(854,62,'Osmani nagar',NULL),(855,62,'Zakiganj',NULL);
  